행정구역코드,시도,시군구,성별,연령대,인구,인구비중(%),이론표본,배정표본
11110,서울특별시,종로구,남성,0-9세,2609,0.005104,0.5104,1
11110,서울특별시,종로구,남성,10대,4492,0.008788,0.8788,1
11110,서울특별시,종로구,남성,20대,9363,0.018317,1.8317,2
11110,서울특별시,종로구,남성,30대,9899,0.019365,1.9365,2
11110,서울특별시,종로구,남성,40대,8768,0.017153,1.7153,2
11110,서울특별시,종로구,남성,50대,11144,0.021801,2.1801,2
11110,서울특별시,종로구,남성,60대,10488,0.020517,2.0517,2
11110,서울특별시,종로구,남성,70대,5792,0.011331,1.1331,1
11110,서울특별시,종로구,남성,80세 이상,3113,0.00609,0.609,1
11110,서울특별시,종로구,여성,0-9세,2481,0.004854,0.4854,0
11110,서울특별시,종로구,여성,10대,4701,0.009196,0.9196,1
11110,서울특별시,종로구,여성,20대,10843,0.021212,2.1212,2
11110,서울특별시,종로구,여성,30대,9970,0.019504,1.9504,2
11110,서울특별시,종로구,여성,40대,9477,0.01854,1.854,2
11110,서울특별시,종로구,여성,50대,11611,0.022714,2.2714,2
11110,서울특별시,종로구,여성,60대,10513,0.020566,2.0566,2
11110,서울특별시,종로구,여성,70대,6771,0.013246,1.3246,1
11110,서울특별시,종로구,여성,80세 이상,5013,0.009807,0.9807,1
11140,서울특별시,중구,남성,0-9세,2538,0.004965,0.4965,1
11140,서울특별시,중구,남성,10대,2895,0.005663,0.5663,1
11140,서울특별시,중구,남성,20대,7001,0.013696,1.3696,1
11140,서울특별시,중구,남성,30대,10548,0.020635,2.0635,2
11140,서울특별시,중구,남성,40대,8086,0.015818,1.5818,1
11140,서울특별시,중구,남성,50대,8924,0.017458,1.7458,1
11140,서울특별시,중구,남성,60대,8833,0.01728,1.728,2
11140,서울특별시,중구,남성,70대,5256,0.010282,1.0282,1
11140,서울특별시,중구,남성,80세 이상,2479,0.00485,0.485,0
11140,서울특별시,중구,여성,0-9세,2439,0.004771,0.4771,1
11140,서울특별시,중구,여성,10대,2909,0.005691,0.5691,1
11140,서울특별시,중구,여성,20대,8715,0.017049,1.7049,2
11140,서울특별시,중구,여성,30대,10674,0.020881,2.0881,2
11140,서울특별시,중구,여성,40대,8012,0.015674,1.5674,1
11140,서울특별시,중구,여성,50대,8874,0.01736,1.736,2
11140,서울특별시,중구,여성,60대,9076,0.017755,1.7755,2
11140,서울특별시,중구,여성,70대,6185,0.0121,1.21,1
11140,서울특별시,중구,여성,80세 이상,4361,0.008531,0.8531,1
11170,서울특별시,용산구,남성,0-9세,4961,0.009705,0.9705,1
11170,서울특별시,용산구,남성,10대,6438,0.012595,1.2595,1
11170,서울특별시,용산구,남성,20대,11815,0.023113,2.3113,2
11170,서울특별시,용산구,남성,30대,18145,0.035497,3.5497,3
11170,서울특별시,용산구,남성,40대,14342,0.028057,2.8057,3
11170,서울특별시,용산구,남성,50대,15443,0.030211,3.0211,3
11170,서울특별시,용산구,남성,60대,13823,0.027042,2.7042,3
11170,서울특별시,용산구,남성,70대,7302,0.014285,1.4285,1
11170,서울특별시,용산구,남성,80세 이상,3796,0.007426,0.7426,1
11170,서울특별시,용산구,여성,0-9세,4859,0.009506,0.9506,1
11170,서울특별시,용산구,여성,10대,6183,0.012096,1.2096,1
11170,서울특별시,용산구,여성,20대,14758,0.028871,2.8871,3
11170,서울특별시,용산구,여성,30대,19097,0.037359,3.7359,4
11170,서울특별시,용산구,여성,40대,14717,0.028791,2.8791,3
11170,서울특별시,용산구,여성,50대,16402,0.032087,3.2087,3
11170,서울특별시,용산구,여성,60대,14458,0.028284,2.8284,3
11170,서울특별시,용산구,여성,70대,8909,0.017429,1.7429,2
11170,서울특별시,용산구,여성,80세 이상,6446,0.01261,1.261,1
11200,서울특별시,성동구,남성,0-9세,8090,0.015826,1.5826,2
11200,서울특별시,성동구,남성,10대,8492,0.016613,1.6613,2
11200,서울특별시,성동구,남성,20대,17996,0.035205,3.5205,3
11200,서울특별시,성동구,남성,30대,23687,0.046338,4.6338,5
11200,서울특별시,성동구,남성,40대,19882,0.038895,3.8895,4
11200,서울특별시,성동구,남성,50대,20842,0.040773,4.0773,4
11200,서울특별시,성동구,남성,60대,18877,0.036929,3.6929,4
11200,서울특별시,성동구,남성,70대,10031,0.019623,1.9623,2
11200,서울특별시,성동구,남성,80세 이상,4644,0.009085,0.9085,1
11200,서울특별시,성동구,여성,0-9세,7591,0.01485,1.485,1
11200,서울특별시,성동구,여성,10대,8673,0.016967,1.6967,2
11200,서울특별시,성동구,여성,20대,19860,0.038852,3.8852,4
11200,서울특별시,성동구,여성,30대,24606,0.048136,4.8136,5
11200,서울특별시,성동구,여성,40대,19691,0.038521,3.8521,4
11200,서울특별시,성동구,여성,50대,21853,0.042751,4.2751,4
11200,서울특별시,성동구,여성,60대,19698,0.038535,3.8535,4
11200,서울특별시,성동구,여성,70대,12252,0.023968,2.3968,2
11200,서울특별시,성동구,여성,80세 이상,7841,0.015339,1.5339,1
11215,서울특별시,광진구,남성,0-9세,6910,0.013518,1.3518,1
11215,서울특별시,광진구,남성,10대,11561,0.022617,2.2617,2
11215,서울특별시,광진구,남성,20대,25037,0.048979,4.8979,5
11215,서울특별시,광진구,남성,30대,28252,0.055269,5.5269,6
11215,서울특별시,광진구,남성,40대,22503,0.044022,4.4022,4
11215,서울특별시,광진구,남성,50대,24792,0.0485,4.85,5
11215,서울특별시,광진구,남성,60대,22000,0.043038,4.3038,4
11215,서울특별시,광진구,남성,70대,12070,0.023612,2.3612,2
11215,서울특별시,광진구,남성,80세 이상,5409,0.010582,1.0582,1
11215,서울특별시,광진구,여성,0-9세,6598,0.012908,1.2908,1
11215,서울특별시,광진구,여성,10대,11296,0.022098,2.2098,2
11215,서울특별시,광진구,여성,20대,29800,0.058297,5.8297,6
11215,서울특별시,광진구,여성,30대,28573,0.055897,5.5897,6
11215,서울특별시,광진구,여성,40대,23544,0.046059,4.6059,5
11215,서울특별시,광진구,여성,50대,26283,0.051417,5.1417,5
11215,서울특별시,광진구,여성,60대,23849,0.046655,4.6655,5
11215,서울특별시,광진구,여성,70대,14508,0.028382,2.8382,3
11215,서울특별시,광진구,여성,80세 이상,8182,0.016006,1.6006,2
11230,서울특별시,동대문구,남성,0-9세,8908,0.017427,1.7427,2
11230,서울특별시,동대문구,남성,10대,11477,0.022452,2.2452,2
11230,서울특별시,동대문구,남성,20대,25715,0.050306,5.0306,5
11230,서울특별시,동대문구,남성,30대,27472,0.053743,5.3743,5
11230,서울특별시,동대문구,남성,40대,24428,0.047788,4.7788,5
11230,서울특별시,동대문구,남성,50대,26319,0.051487,5.1487,5
11230,서울특별시,동대문구,남성,60대,23848,0.046653,4.6653,5
11230,서울특별시,동대문구,남성,70대,14036,0.027458,2.7458,3
11230,서울특별시,동대문구,남성,80세 이상,6622,0.012954,1.2954,1
11230,서울특별시,동대문구,여성,0-9세,8596,0.016816,1.6816,2
11230,서울특별시,동대문구,여성,10대,11141,0.021795,2.1795,2
11230,서울특별시,동대문구,여성,20대,29336,0.057389,5.7389,6
11230,서울특별시,동대문구,여성,30대,26483,0.051808,5.1808,5
11230,서울특별시,동대문구,여성,40대,23351,0.045681,4.5681,5
11230,서울특별시,동대문구,여성,50대,25969,0.050803,5.0803,5
11230,서울특별시,동대문구,여성,60대,24902,0.048715,4.8715,5
11230,서울특별시,동대문구,여성,70대,17048,0.033351,3.3351,3
11230,서울특별시,동대문구,여성,80세 이상,10590,0.020717,2.0717,2
11260,서울특별시,중랑구,남성,0-9세,8438,0.016507,1.6507,2
11260,서울특별시,중랑구,남성,10대,11882,0.023245,2.3245,2
11260,서울특별시,중랑구,남성,20대,21208,0.041489,4.1489,4
11260,서울특별시,중랑구,남성,30대,29940,0.058571,5.8571,6
11260,서울특별시,중랑구,남성,40대,26483,0.051808,5.1808,5
11260,서울특별시,중랑구,남성,50대,30405,0.059481,5.9481,6
11260,서울특별시,중랑구,남성,60대,31126,0.060891,6.0891,6
11260,서울특별시,중랑구,남성,70대,17333,0.033908,3.3908,3
11260,서울특별시,중랑구,남성,80세 이상,7240,0.014163,1.4163,1
11260,서울특별시,중랑구,여성,0-9세,8198,0.016038,1.6038,2
11260,서울특별시,중랑구,여성,10대,11201,0.021912,2.1912,2
11260,서울특별시,중랑구,여성,20대,23731,0.046425,4.6425,5
11260,서울특별시,중랑구,여성,30대,28897,0.056531,5.6531,6
11260,서울특별시,중랑구,여성,40대,24333,0.047602,4.7602,5
11260,서울특별시,중랑구,여성,50대,31285,0.061202,6.1202,6
11260,서울특별시,중랑구,여성,60대,33176,0.064902,6.4902,7
11260,서울특별시,중랑구,여성,70대,20597,0.040294,4.0294,4
11260,서울특별시,중랑구,여성,80세 이상,11443,0.022386,2.2386,2
11290,서울특별시,성북구,남성,0-9세,11061,0.021638,2.1638,2
11290,서울특별시,성북구,남성,10대,17105,0.033462,3.3462,3
11290,서울특별시,성북구,남성,20대,29139,0.057004,5.7004,6
11290,서울특별시,성북구,남성,30대,28477,0.055709,5.5709,6
11290,서울특별시,성북구,남성,40대,29502,0.057714,5.7714,6
11290,서울특별시,성북구,남성,50대,34655,0.067795,6.7795,7
11290,서울특별시,성북구,남성,60대,27567,0.053929,5.3929,5
11290,서울특별시,성북구,남성,70대,16292,0.031872,3.1872,3
11290,서울특별시,성북구,남성,80세 이상,8096,0.015838,1.5838,2
11290,서울특별시,성북구,여성,0-9세,10396,0.020338,2.0338,2
11290,서울특별시,성북구,여성,10대,16711,0.032691,3.2691,3
11290,서울특별시,성북구,여성,20대,33480,0.065496,6.5496,7
11290,서울특별시,성북구,여성,30대,28471,0.055697,5.5697,6
11290,서울특별시,성북구,여성,40대,30281,0.059238,5.9238,6
11290,서울특별시,성북구,여성,50대,36008,0.070442,7.0442,7
11290,서울특별시,성북구,여성,60대,31137,0.060913,6.0913,6
11290,서울특별시,성북구,여성,70대,20866,0.04082,4.082,4
11290,서울특별시,성북구,여성,80세 이상,13315,0.026048,2.6048,2
11305,서울특별시,강북구,남성,0-9세,4858,0.009504,0.9504,1
11305,서울특별시,강북구,남성,10대,9095,0.017792,1.7792,2
11305,서울특별시,강북구,남성,20대,15860,0.031027,3.1027,3
11305,서울특별시,강북구,남성,30대,18022,0.035256,3.5256,3
11305,서울특별시,강북구,남성,40대,18866,0.036907,3.6907,4
11305,서울특별시,강북구,남성,50대,24012,0.046974,4.6974,5
11305,서울특별시,강북구,남성,60대,22689,0.044386,4.4386,4
11305,서울특별시,강북구,남성,70대,13894,0.027181,2.7181,3
11305,서울특별시,강북구,남성,80세 이상,6864,0.013428,1.3428,1
11305,서울특별시,강북구,여성,0-9세,4716,0.009226,0.9226,1
11305,서울특별시,강북구,여성,10대,8714,0.017047,1.7047,2
11305,서울특별시,강북구,여성,20대,18392,0.03598,3.598,4
11305,서울특별시,강북구,여성,30대,16330,0.031946,3.1946,3
11305,서울특별시,강북구,여성,40대,17438,0.034114,3.4114,3
11305,서울특별시,강북구,여성,50대,24492,0.047913,4.7913,5
11305,서울특별시,강북구,여성,60대,25005,0.048917,4.8917,5
11305,서울특별시,강북구,여성,70대,18368,0.035933,3.5933,3
11305,서울특별시,강북구,여성,80세 이상,11313,0.022131,2.2131,2
11320,서울특별시,도봉구,남성,0-9세,6147,0.012025,1.2025,1
11320,서울특별시,도봉구,남성,10대,11012,0.021543,2.1543,2
11320,서울특별시,도봉구,남성,20대,16281,0.03185,3.185,3
11320,서울특별시,도봉구,남성,30대,19182,0.037525,3.7525,4
11320,서울특별시,도봉구,남성,40대,19967,0.039061,3.9061,4
11320,서울특별시,도봉구,남성,50대,24972,0.048852,4.8852,5
11320,서울특별시,도봉구,남성,60대,24919,0.048749,4.8749,5
11320,서울특별시,도봉구,남성,70대,15243,0.02982,2.982,3
11320,서울특별시,도봉구,남성,80세 이상,7003,0.0137,1.37,1
11320,서울특별시,도봉구,여성,0-9세,5691,0.011133,1.1133,1
11320,서울특별시,도봉구,여성,10대,10192,0.019938,1.9938,2
11320,서울특별시,도봉구,여성,20대,17005,0.033267,3.3267,4
11320,서울특별시,도봉구,여성,30대,18130,0.035467,3.5467,4
11320,서울특별시,도봉구,여성,40대,19693,0.038525,3.8525,4
11320,서울특별시,도봉구,여성,50대,27009,0.052837,5.2837,5
11320,서울특별시,도봉구,여성,60대,28312,0.055386,5.5386,6
11320,서울특별시,도봉구,여성,70대,17909,0.035035,3.5035,3
11320,서울특별시,도봉구,여성,80세 이상,11232,0.021973,2.1973,2
11350,서울특별시,노원구,남성,0-9세,11776,0.023037,2.3037,2
11350,서울특별시,노원구,남성,10대,22833,0.044668,4.4668,4
11350,서울특별시,노원구,남성,20대,30688,0.060034,6.0034,6
11350,서울특별시,노원구,남성,30대,30828,0.060308,6.0308,6
11350,서울특별시,노원구,남성,40대,33078,0.06471,6.471,6
11350,서울특별시,노원구,남성,50대,40263,0.078766,7.8766,8
11350,서울특별시,노원구,남성,60대,33548,0.065629,6.5629,7
11350,서울특별시,노원구,남성,70대,19739,0.038615,3.8615,4
11350,서울특별시,노원구,남성,80세 이상,8501,0.01663,1.663,2
11350,서울특별시,노원구,여성,0-9세,11119,0.021752,2.1752,2
11350,서울특별시,노원구,여성,10대,21267,0.041604,4.1604,4
11350,서울특별시,노원구,여성,20대,30432,0.059534,5.9534,6
11350,서울특별시,노원구,여성,30대,30265,0.059207,5.9207,6
11350,서울특별시,노원구,여성,40대,35933,0.070295,7.0295,7
11350,서울특별시,노원구,여성,50대,43617,0.085327,8.5327,8
11350,서울특별시,노원구,여성,60대,38937,0.076172,7.6172,8
11350,서울특별시,노원구,여성,70대,25042,0.048989,4.8989,5
11350,서울특별시,노원구,여성,80세 이상,15675,0.030665,3.0665,3
11380,서울특별시,은평구,남성,0-9세,10499,0.020539,2.0539,2
11380,서울특별시,은평구,남성,10대,17074,0.033402,3.3402,3
11380,서울특별시,은평구,남성,20대,25925,0.050717,5.0717,5
11380,서울특별시,은평구,남성,30대,32508,0.063595,6.3595,6
11380,서울특별시,은평구,남성,40대,31912,0.062429,6.2429,6
11380,서울특별시,은평구,남성,50대,36837,0.072064,7.2064,7
11380,서울특별시,은평구,남성,60대,32067,0.062732,6.2732,6
11380,서울특별시,은평구,남성,70대,18989,0.037148,3.7148,4
11380,서울특별시,은평구,남성,80세 이상,9349,0.018289,1.8289,2
11380,서울특별시,은평구,여성,0-9세,9885,0.019338,1.9338,2
11380,서울특별시,은평구,여성,10대,16537,0.032351,3.2351,3
11380,서울특별시,은평구,여성,20대,29998,0.058685,5.8685,6
11380,서울특별시,은평구,여성,30대,34148,0.066803,6.6803,7
11380,서울특별시,은평구,여성,40대,32794,0.064154,6.4154,7
11380,서울특별시,은평구,여성,50대,39777,0.077815,7.7815,8
11380,서울특별시,은평구,여성,60대,37062,0.072504,7.2504,7
11380,서울특별시,은평구,여성,70대,24924,0.048758,4.8758,5
11380,서울특별시,은평구,여성,80세 이상,14852,0.029055,2.9055,3
11410,서울특별시,서대문구,남성,0-9세,7806,0.015271,1.5271,2
11410,서울특별시,서대문구,남성,10대,10772,0.021073,2.1073,2
11410,서울특별시,서대문구,남성,20대,20425,0.039957,3.9957,4
11410,서울특별시,서대문구,남성,30대,22159,0.043349,4.3349,4
11410,서울특별시,서대문구,남성,40대,20739,0.040571,4.0571,4
11410,서울특별시,서대문구,남성,50대,23152,0.045292,4.5292,4
11410,서울특별시,서대문구,남성,60대,19653,0.038447,3.8447,4
11410,서울특별시,서대문구,남성,70대,11150,0.021813,2.1813,2
11410,서울특별시,서대문구,남성,80세 이상,5965,0.011669,1.1669,1
11410,서울특별시,서대문구,여성,0-9세,7436,0.014547,1.4547,2
11410,서울특별시,서대문구,여성,10대,10883,0.02129,2.129,2
11410,서울특별시,서대문구,여성,20대,24520,0.047968,4.7968,5
11410,서울특별시,서대문구,여성,30대,22840,0.044681,4.4681,5
11410,서울특별시,서대문구,여성,40대,21345,0.041757,4.1757,4
11410,서울특별시,서대문구,여성,50대,24516,0.04796,4.796,5
11410,서울특별시,서대문구,여성,60대,22186,0.043402,4.3402,4
11410,서울특별시,서대문구,여성,70대,14525,0.028415,2.8415,3
11410,서울특별시,서대문구,여성,80세 이상,10075,0.01971,1.971,2
11440,서울특별시,마포구,남성,0-9세,9343,0.018278,1.8278,2
11440,서울특별시,마포구,남성,10대,12806,0.025052,2.5052,2
11440,서울특별시,마포구,남성,20대,23515,0.046002,4.6002,5
11440,서울특별시,마포구,남성,30대,30355,0.059383,5.9383,6
11440,서울특별시,마포구,남성,40대,26106,0.051071,5.1071,5
11440,서울특별시,마포구,남성,50대,27038,0.052894,5.2894,5
11440,서울특별시,마포구,남성,60대,20101,0.039323,3.9323,4
11440,서울특별시,마포구,남성,70대,10756,0.021042,2.1042,2
11440,서울특별시,마포구,남성,80세 이상,5899,0.01154,1.154,1
11440,서울특별시,마포구,여성,0-9세,8924,0.017458,1.7458,2
11440,서울특별시,마포구,여성,10대,12902,0.02524,2.524,3
11440,서울특별시,마포구,여성,20대,31078,0.060797,6.0797,6
11440,서울특별시,마포구,여성,30대,34371,0.067239,6.7239,7
11440,서울특별시,마포구,여성,40대,28349,0.055459,5.5459,6
11440,서울특별시,마포구,여성,50대,28681,0.056108,5.6108,5
11440,서울특별시,마포구,여성,60대,22664,0.044337,4.4337,4
11440,서울특별시,마포구,여성,70대,14711,0.028779,2.8779,3
11440,서울특별시,마포구,여성,80세 이상,10017,0.019596,1.9596,2
11470,서울특별시,양천구,남성,0-9세,11563,0.02262,2.262,2
11470,서울특별시,양천구,남성,10대,23972,0.046896,4.6896,5
11470,서울특별시,양천구,남성,20대,23384,0.045746,4.5746,5
11470,서울특별시,양천구,남성,30대,25727,0.050329,5.0329,5
11470,서울특별시,양천구,남성,40대,33288,0.065121,6.5121,7
11470,서울특별시,양천구,남성,50대,35556,0.069558,6.9558,7
11470,서울특별시,양천구,남성,60대,29666,0.058035,5.8035,6
11470,서울특별시,양천구,남성,70대,17523,0.03428,3.428,3
11470,서울특별시,양천구,남성,80세 이상,6186,0.012102,1.2102,1
11470,서울특별시,양천구,여성,0-9세,11026,0.02157,2.157,2
11470,서울특별시,양천구,여성,10대,22316,0.043656,4.3656,4
11470,서울특별시,양천구,여성,20대,23414,0.045804,4.5804,5
11470,서울특별시,양천구,여성,30대,26011,0.050885,5.0885,5
11470,서울특별시,양천구,여성,40대,36092,0.070606,7.0606,7
11470,서울특별시,양천구,여성,50대,36464,0.071334,7.1334,7
11470,서울특별시,양천구,여성,60대,32768,0.064103,6.4103,6
11470,서울특별시,양천구,여성,70대,20056,0.039235,3.9235,4
11470,서울특별시,양천구,여성,80세 이상,10076,0.019711,1.9711,2
11500,서울특별시,강서구,남성,0-9세,13726,0.026852,2.6852,3
11500,서울특별시,강서구,남성,10대,20484,0.040072,4.0072,4
11500,서울특별시,강서구,남성,20대,31873,0.062353,6.2353,6
11500,서울특별시,강서구,남성,30대,47848,0.093604,9.3604,9
11500,서울특별시,강서구,남성,40대,41102,0.080407,8.0407,8
11500,서울특별시,강서구,남성,50대,39838,0.077934,7.7934,8
11500,서울특별시,강서구,남성,60대,36341,0.071093,7.1093,7
11500,서울특별시,강서구,남성,70대,22699,0.044406,4.4406,4
11500,서울특별시,강서구,남성,80세 이상,8727,0.017072,1.7072,2
11500,서울특별시,강서구,여성,0-9세,12960,0.025353,2.5353,3
11500,서울특별시,강서구,여성,10대,19629,0.0384,3.84,4
11500,서울특별시,강서구,여성,20대,39661,0.077588,7.7588,8
11500,서울특별시,강서구,여성,30대,48414,0.094711,9.4711,9
11500,서울특별시,강서구,여성,40대,40681,0.079584,7.9584,8
11500,서울특별시,강서구,여성,50대,41390,0.080971,8.0971,8
11500,서울특별시,강서구,여성,60대,42709,0.083551,8.3551,8
11500,서울특별시,강서구,여성,70대,27371,0.053545,5.3545,5
11500,서울특별시,강서구,여성,80세 이상,14258,0.027893,2.7893,3
11530,서울특별시,구로구,남성,0-9세,10093,0.019745,1.9745,2
11530,서울특별시,구로구,남성,10대,13635,0.026674,2.6674,3
11530,서울특별시,구로구,남성,20대,21865,0.042774,4.2774,4
11530,서울특별시,구로구,남성,30대,31364,0.061357,6.1357,6
11530,서울특별시,구로구,남성,40대,28051,0.054876,5.4876,6
11530,서울특별시,구로구,남성,50대,29922,0.058536,5.8536,6
11530,서울특별시,구로구,남성,60대,27569,0.053933,5.3933,5
11530,서울특별시,구로구,남성,70대,17579,0.034389,3.4389,3
11530,서울특별시,구로구,남성,80세 이상,7436,0.014547,1.4547,1
11530,서울특별시,구로구,여성,0-9세,9501,0.018587,1.8587,2
11530,서울특별시,구로구,여성,10대,13389,0.026193,2.6193,3
11530,서울특별시,구로구,여성,20대,24044,0.047037,4.7037,5
11530,서울특별시,구로구,여성,30대,30087,0.058859,5.8859,6
11530,서울특별시,구로구,여성,40대,26814,0.052456,5.2456,5
11530,서울특별시,구로구,여성,50대,30026,0.058739,5.8739,6
11530,서울특별시,구로구,여성,60대,30494,0.059655,5.9655,6
11530,서울특별시,구로구,여성,70대,21141,0.041358,4.1358,4
11530,서울특별시,구로구,여성,80세 이상,10819,0.021165,2.1165,2
11545,서울특별시,금천구,남성,0-9세,4246,0.008306,0.8306,1
11545,서울특별시,금천구,남성,10대,6120,0.011972,1.1972,1
11545,서울특별시,금천구,남성,20대,15093,0.029526,2.9526,3
11545,서울특별시,금천구,남성,30대,21866,0.042776,4.2776,4
11545,서울특별시,금천구,남성,40대,14843,0.029037,2.9037,3
11545,서울특별시,금천구,남성,50대,17631,0.034491,3.4491,3
11545,서울특별시,금천구,남성,60대,18314,0.035827,3.5827,4
11545,서울특별시,금천구,남성,70대,9876,0.01932,1.932,2
11545,서울특별시,금천구,남성,80세 이상,4142,0.008103,0.8103,1
11545,서울특별시,금천구,여성,0-9세,4075,0.007972,0.7972,1
11545,서울특별시,금천구,여성,10대,5924,0.011589,1.1589,1
11545,서울특별시,금천구,여성,20대,16622,0.032517,3.2517,3
11545,서울특별시,금천구,여성,30대,17852,0.034924,3.4924,4
11545,서울특별시,금천구,여성,40대,12784,0.025009,2.5009,3
11545,서울특별시,금천구,여성,50대,17416,0.034071,3.4071,3
11545,서울특별시,금천구,여성,60대,18677,0.036537,3.6537,4
11545,서울특별시,금천구,여성,70대,11574,0.022642,2.2642,2
11545,서울특별시,금천구,여성,80세 이상,6235,0.012197,1.2197,1
11560,서울특별시,영등포구,남성,0-9세,10062,0.019684,1.9684,2
11560,서울특별시,영등포구,남성,10대,11516,0.022529,2.2529,2
11560,서울특별시,영등포구,남성,20대,23396,0.045769,4.5769,5
11560,서울특별시,영등포구,남성,30대,37365,0.073096,7.3096,8
11560,서울특별시,영등포구,남성,40대,26712,0.052256,5.2256,5
11560,서울특별시,영등포구,남성,50대,27087,0.05299,5.299,5
11560,서울특별시,영등포구,남성,60대,24260,0.047459,4.7459,5
11560,서울특별시,영등포구,남성,70대,14161,0.027703,2.7703,3
11560,서울특별시,영등포구,남성,80세 이상,6677,0.013062,1.3062,1
11560,서울특별시,영등포구,여성,0-9세,9671,0.018919,1.8919,2
11560,서울특별시,영등포구,여성,10대,10803,0.021134,2.1134,2
11560,서울특별시,영등포구,여성,20대,29352,0.057421,5.7421,6
11560,서울특별시,영등포구,여성,30대,36800,0.071991,7.1991,7
11560,서울특별시,영등포구,여성,40대,25455,0.049797,4.9797,5
11560,서울특별시,영등포구,여성,50대,26721,0.052274,5.2274,5
11560,서울특별시,영등포구,여성,60대,24706,0.048332,4.8332,5
11560,서울특별시,영등포구,여성,70대,16640,0.032553,3.2553,3
11560,서울특별시,영등포구,여성,80세 이상,9978,0.01952,1.952,2
11590,서울특별시,동작구,남성,0-9세,8890,0.017391,1.7391,2
11590,서울특별시,동작구,남성,10대,12736,0.024915,2.4915,3
11590,서울특별시,동작구,남성,20대,28438,0.055633,5.5633,6
11590,서울특별시,동작구,남성,30대,31448,0.061521,6.1521,6
11590,서울특별시,동작구,남성,40대,25713,0.050302,5.0302,5
11590,서울특별시,동작구,남성,50대,27411,0.053624,5.3624,5
11590,서울특별시,동작구,남성,60대,23297,0.045575,4.5575,4
11590,서울특별시,동작구,남성,70대,14369,0.02811,2.811,3
11590,서울특별시,동작구,남성,80세 이상,7168,0.014023,1.4023,2
11590,서울특별시,동작구,여성,0-9세,8447,0.016525,1.6525,2
11590,서울특별시,동작구,여성,10대,12104,0.023679,2.3679,2
11590,서울특별시,동작구,여성,20대,31437,0.0615,6.15,6
11590,서울특별시,동작구,여성,30대,30060,0.058806,5.8806,6
11590,서울특별시,동작구,여성,40대,25439,0.049766,4.9766,5
11590,서울특별시,동작구,여성,50대,28854,0.056447,5.6447,6
11590,서울특별시,동작구,여성,60대,26821,0.052469,5.2469,5
11590,서울특별시,동작구,여성,70대,18651,0.036487,3.6487,3
11590,서울특별시,동작구,여성,80세 이상,10641,0.020817,2.0817,2
11620,서울특별시,관악구,남성,0-9세,7101,0.013892,1.3892,2
11620,서울특별시,관악구,남성,10대,11900,0.02328,2.328,2
11620,서울특별시,관악구,남성,20대,48590,0.095056,9.5056,10
11620,서울특별시,관악구,남성,30대,52523,0.10275,10.275,10
11620,서울특별시,관악구,남성,40대,31292,0.061216,6.1216,6
11620,서울특별시,관악구,남성,50대,33141,0.064833,6.4833,6
11620,서울특별시,관악구,남성,60대,28709,0.056163,5.6163,6
11620,서울특별시,관악구,남성,70대,18239,0.035681,3.5681,4
11620,서울특별시,관악구,남성,80세 이상,8714,0.017047,1.7047,2
11620,서울특별시,관악구,여성,0-9세,6836,0.013373,1.3373,1
11620,서울특별시,관악구,여성,10대,11629,0.02275,2.275,2
11620,서울특별시,관악구,여성,20대,52801,0.103294,10.3294,11
11620,서울특별시,관악구,여성,30대,41497,0.08118,8.118,8
11620,서울특별시,관악구,여성,40대,26555,0.051949,5.1949,5
11620,서울특별시,관악구,여성,50대,31324,0.061279,6.1279,6
11620,서울특별시,관악구,여성,60대,31326,0.061282,6.1282,6
11620,서울특별시,관악구,여성,70대,22962,0.04492,4.492,4
11620,서울특별시,관악구,여성,80세 이상,12466,0.024387,2.4387,2
11650,서울특별시,서초구,남성,0-9세,13635,0.026674,2.6674,3
11650,서울특별시,서초구,남성,10대,23055,0.045102,4.5102,5
11650,서울특별시,서초구,남성,20대,22711,0.044429,4.4429,4
11650,서울특별시,서초구,남성,30대,26854,0.052534,5.2534,5
11650,서울특별시,서초구,남성,40대,32807,0.06418,6.418,6
11650,서울특별시,서초구,남성,50대,33527,0.065588,6.5588,6
11650,서울특별시,서초구,남성,60대,22745,0.044496,4.4496,4
11650,서울특별시,서초구,남성,70대,14653,0.028665,2.8665,3
11650,서울특별시,서초구,남성,80세 이상,6937,0.013571,1.3571,1
11650,서울특별시,서초구,여성,0-9세,12762,0.024966,2.4966,3
11650,서울특별시,서초구,여성,10대,22672,0.044353,4.4353,5
11650,서울특별시,서초구,여성,20대,25356,0.049603,4.9603,5
11650,서울특별시,서초구,여성,30대,30883,0.060416,6.0416,6
11650,서울특별시,서초구,여성,40대,38467,0.075252,7.5252,8
11650,서울특별시,서초구,여성,50대,34530,0.06755,6.755,7
11650,서울특별시,서초구,여성,60대,26040,0.050942,5.0942,5
11650,서울특별시,서초구,여성,70대,17917,0.035051,3.5051,3
11650,서울특별시,서초구,여성,80세 이상,8877,0.017366,1.7366,2
11680,서울특별시,강남구,남성,0-9세,16441,0.032163,3.2163,3
11680,서울특별시,강남구,남성,10대,33430,0.065399,6.5399,6
11680,서울특별시,강남구,남성,20대,29602,0.05791,5.791,6
11680,서울특별시,강남구,남성,30대,37956,0.074253,7.4253,7
11680,서울특별시,강남구,남성,40대,45573,0.089154,8.9154,9
11680,서울특별시,강남구,남성,50대,44354,0.086769,8.6769,9
11680,서울특별시,강남구,남성,60대,29925,0.058542,5.8542,6
11680,서울특별시,강남구,남성,70대,19808,0.03875,3.875,4
11680,서울특별시,강남구,남성,80세 이상,8715,0.017049,1.7049,2
11680,서울특별시,강남구,여성,0-9세,15554,0.030428,3.0428,3
11680,서울특별시,강남구,여성,10대,30627,0.059915,5.9915,6
11680,서울특별시,강남구,여성,20대,33557,0.065647,6.5647,7
11680,서울특별시,강남구,여성,30대,42699,0.083531,8.3531,8
11680,서울특별시,강남구,여성,40대,54482,0.106582,10.6582,11
11680,서울특별시,강남구,여성,50대,44121,0.086313,8.6313,8
11680,서울특별시,강남구,여성,60대,33938,0.066392,6.6392,7
11680,서울특별시,강남구,여성,70대,24327,0.04759,4.759,5
11680,서울특별시,강남구,여성,80세 이상,11221,0.021951,2.1951,2
11710,서울특별시,송파구,남성,0-9세,20115,0.039351,3.9351,4
11710,서울특별시,송파구,남성,10대,28738,0.05622,5.622,6
11710,서울특별시,송파구,남성,20대,35524,0.069495,6.9495,7
11710,서울특별시,송파구,남성,30대,50753,0.099287,9.9287,10
11710,서울특별시,송파구,남성,40대,49912,0.097642,9.7642,10
11710,서울특별시,송파구,남성,50대,47473,0.092871,9.2871,9
11710,서울특별시,송파구,남성,60대,40995,0.080198,8.0198,8
11710,서울특별시,송파구,남성,70대,25146,0.049193,4.9193,5
11710,서울특별시,송파구,남성,80세 이상,9242,0.01808,1.808,2
11710,서울특별시,송파구,여성,0-9세,19074,0.037314,3.7314,4
11710,서울특별시,송파구,여성,10대,28181,0.05513,5.513,5
11710,서울특별시,송파구,여성,20대,40637,0.079497,7.9497,8
11710,서울특별시,송파구,여성,30대,55154,0.107897,10.7897,11
11710,서울특별시,송파구,여성,40대,53835,0.105316,10.5316,10
11710,서울특별시,송파구,여성,50대,50509,0.09881,9.881,10
11710,서울특별시,송파구,여성,60대,46785,0.091525,9.1525,9
11710,서울특별시,송파구,여성,70대,28165,0.055099,5.5099,5
11710,서울특별시,송파구,여성,80세 이상,13112,0.025651,2.5651,3
11740,서울특별시,강동구,남성,0-9세,16652,0.032576,3.2576,3
11740,서울특별시,강동구,남성,10대,23149,0.045286,4.5286,5
11740,서울특별시,강동구,남성,20대,26283,0.051417,5.1417,5
11740,서울특별시,강동구,남성,30대,38172,0.074675,7.4675,7
11740,서울특별시,강동구,남성,40대,40221,0.078684,7.8684,8
11740,서울특별시,강동구,남성,50대,37186,0.072746,7.2746,7
11740,서울특별시,강동구,남성,60대,33808,0.066138,6.6138,7
11740,서울특별시,강동구,남성,70대,20520,0.040143,4.0143,4
11740,서울특별시,강동구,남성,80세 이상,7237,0.014158,1.4158,1
11740,서울특별시,강동구,여성,0-9세,15359,0.030047,3.0047,3
11740,서울특별시,강동구,여성,10대,20618,0.040335,4.0335,4
11740,서울특별시,강동구,여성,20대,29329,0.057376,5.7376,6
11740,서울특별시,강동구,여성,30대,39282,0.076847,7.6847,8
11740,서울특별시,강동구,여성,40대,40902,0.080016,8.0016,8
11740,서울특별시,강동구,여성,50대,38058,0.074452,7.4452,7
11740,서울특별시,강동구,여성,60대,38436,0.075192,7.5192,7
11740,서울특별시,강동구,여성,70대,23390,0.045757,4.5757,5
11740,서울특별시,강동구,여성,80세 이상,10525,0.02059,2.059,2
26110,부산광역시,중구,남성,0-9세,331,0.000648,0.0648,0
26110,부산광역시,중구,남성,10대,730,0.001428,0.1428,0
26110,부산광역시,중구,남성,20대,2127,0.004161,0.4161,0
26110,부산광역시,중구,남성,30대,2240,0.004382,0.4382,1
26110,부산광역시,중구,남성,40대,2104,0.004116,0.4116,0
26110,부산광역시,중구,남성,50대,3129,0.006121,0.6121,1
26110,부산광역시,중구,남성,60대,3473,0.006794,0.6794,1
26110,부산광역시,중구,남성,70대,2477,0.004846,0.4846,0
26110,부산광역시,중구,남성,80세 이상,1054,0.002062,0.2062,0
26110,부산광역시,중구,여성,0-9세,288,0.000563,0.0563,0
26110,부산광역시,중구,여성,10대,761,0.001489,0.1489,0
26110,부산광역시,중구,여성,20대,2536,0.004961,0.4961,1
26110,부산광역시,중구,여성,30대,1816,0.003553,0.3553,0
26110,부산광역시,중구,여성,40대,1783,0.003488,0.3488,0
26110,부산광역시,중구,여성,50대,2820,0.005517,0.5517,1
26110,부산광역시,중구,여성,60대,3769,0.007373,0.7373,1
26110,부산광역시,중구,여성,70대,3186,0.006233,0.6233,1
26110,부산광역시,중구,여성,80세 이상,1894,0.003705,0.3705,0
26140,부산광역시,서구,남성,0-9세,2138,0.004183,0.4183,0
26140,부산광역시,서구,남성,10대,3631,0.007103,0.7103,1
26140,부산광역시,서구,남성,20대,5089,0.009956,0.9956,1
26140,부산광역시,서구,남성,30대,5189,0.010151,1.0151,1
26140,부산광역시,서구,남성,40대,6468,0.012653,1.2653,1
26140,부산광역시,서구,남성,50대,8450,0.016531,1.6531,1
26140,부산광역시,서구,남성,60대,8989,0.017585,1.7585,2
26140,부산광역시,서구,남성,70대,6185,0.0121,1.21,1
26140,부산광역시,서구,남성,80세 이상,2686,0.005255,0.5255,1
26140,부산광역시,서구,여성,0-9세,1992,0.003897,0.3897,0
26140,부산광역시,서구,여성,10대,3382,0.006616,0.6616,1
26140,부산광역시,서구,여성,20대,5613,0.010981,1.0981,1
26140,부산광역시,서구,여성,30대,4920,0.009625,0.9625,1
26140,부산광역시,서구,여성,40대,6260,0.012246,1.2246,1
26140,부산광역시,서구,여성,50대,8072,0.015791,1.5791,2
26140,부산광역시,서구,여성,60대,10006,0.019575,1.9575,2
26140,부산광역시,서구,여성,70대,7915,0.015484,1.5484,2
26140,부산광역시,서구,여성,80세 이상,4907,0.009599,0.9599,1
26170,부산광역시,동구,남성,0-9세,1784,0.00349,0.349,0
26170,부산광역시,동구,남성,10대,2292,0.004484,0.4484,1
26170,부산광역시,동구,남성,20대,3827,0.007487,0.7487,1
26170,부산광역시,동구,남성,30대,5540,0.010838,1.0838,1
26170,부산광역시,동구,남성,40대,5667,0.011086,1.1086,1
26170,부산광역시,동구,남성,50대,7030,0.013753,1.3753,1
26170,부산광역시,동구,남성,60대,7291,0.014263,1.4263,1
26170,부산광역시,동구,남성,70대,5045,0.009869,0.9869,1
26170,부산광역시,동구,남성,80세 이상,2209,0.004321,0.4321,0
26170,부산광역시,동구,여성,0-9세,1694,0.003314,0.3314,0
26170,부산광역시,동구,여성,10대,2220,0.004343,0.4343,1
26170,부산광역시,동구,여성,20대,4221,0.008257,0.8257,1
26170,부산광역시,동구,여성,30대,5080,0.009938,0.9938,1
26170,부산광역시,동구,여성,40대,4862,0.009511,0.9511,1
26170,부산광역시,동구,여성,50대,6428,0.012575,1.2575,1
26170,부산광역시,동구,여성,60대,7807,0.015273,1.5273,2
26170,부산광역시,동구,여성,70대,6552,0.012818,1.2818,1
26170,부산광역시,동구,여성,80세 이상,4302,0.008416,0.8416,1
26200,부산광역시,영도구,남성,0-9세,1816,0.003553,0.3553,0
26200,부산광역시,영도구,남성,10대,3305,0.006466,0.6466,1
26200,부산광역시,영도구,남성,20대,4809,0.009408,0.9408,1
26200,부산광역시,영도구,남성,30대,4756,0.009304,0.9304,1
26200,부산광역시,영도구,남성,40대,6353,0.012428,1.2428,1
26200,부산광역시,영도구,남성,50대,8709,0.017037,1.7037,1
26200,부산광역시,영도구,남성,60대,9935,0.019436,1.9436,2
26200,부산광역시,영도구,남성,70대,7133,0.013954,1.3954,1
26200,부산광역시,영도구,남성,80세 이상,2989,0.005847,0.5847,1
26200,부산광역시,영도구,여성,0-9세,1733,0.00339,0.339,0
26200,부산광역시,영도구,여성,10대,3034,0.005935,0.5935,1
26200,부산광역시,영도구,여성,20대,3936,0.0077,0.77,1
26200,부산광역시,영도구,여성,30대,4128,0.008076,0.8076,1
26200,부산광역시,영도구,여성,40대,5728,0.011206,1.1206,1
26200,부산광역시,영도구,여성,50대,8118,0.015881,1.5881,2
26200,부산광역시,영도구,여성,60대,10579,0.020696,2.0696,2
26200,부산광역시,영도구,여성,70대,9074,0.017751,1.7751,2
26200,부산광역시,영도구,여성,80세 이상,5445,0.010652,1.0652,1
26230,부산광역시,부산진구,남성,0-9세,9411,0.018411,1.8411,2
26230,부산광역시,부산진구,남성,10대,12165,0.023798,2.3798,2
26230,부산광역시,부산진구,남성,20대,21771,0.04259,4.259,4
26230,부산광역시,부산진구,남성,30대,27616,0.054025,5.4025,6
26230,부산광역시,부산진구,남성,40대,25053,0.049011,4.9011,5
26230,부산광역시,부산진구,남성,50대,27414,0.05363,5.363,5
26230,부산광역시,부산진구,남성,60대,27258,0.053324,5.3324,5
26230,부산광역시,부산진구,남성,70대,17144,0.033538,3.3538,3
26230,부산광역시,부산진구,남성,80세 이상,6891,0.013481,1.3481,2
26230,부산광역시,부산진구,여성,0-9세,9087,0.017777,1.7777,2
26230,부산광역시,부산진구,여성,10대,12204,0.023874,2.3874,3
26230,부산광역시,부산진구,여성,20대,24965,0.048839,4.8839,5
26230,부산광역시,부산진구,여성,30대,26572,0.051982,5.1982,5
26230,부산광역시,부산진구,여성,40대,24155,0.047254,4.7254,5
26230,부산광역시,부산진구,여성,50대,28666,0.056079,5.6079,6
26230,부산광역시,부산진구,여성,60대,31518,0.061658,6.1658,6
26230,부산광역시,부산진구,여성,70대,21365,0.041796,4.1796,4
26230,부산광역시,부산진구,여성,80세 이상,12123,0.023716,2.3716,2
26260,부산광역시,동래구,남성,0-9세,8736,0.01709,1.709,2
26260,부산광역시,동래구,남성,10대,13711,0.026823,2.6823,3
26260,부산광역시,동래구,남성,20대,13091,0.02561,2.561,3
26260,부산광역시,동래구,남성,30대,16137,0.031569,3.1569,3
26260,부산광역시,동래구,남성,40대,20762,0.040616,4.0616,4
26260,부산광역시,동래구,남성,50대,21585,0.042226,4.2226,4
26260,부산광역시,동래구,남성,60대,19449,0.038048,3.8048,4
26260,부산광역시,동래구,남성,70대,12900,0.025236,2.5236,3
26260,부산광역시,동래구,남성,80세 이상,5167,0.010108,1.0108,1
26260,부산광역시,동래구,여성,0-9세,8325,0.016286,1.6286,2
26260,부산광역시,동래구,여성,10대,12740,0.024923,2.4923,3
26260,부산광역시,동래구,여성,20대,12668,0.024782,2.4782,2
26260,부산광역시,동래구,여성,30대,16061,0.03142,3.142,3
26260,부산광역시,동래구,여성,40대,21677,0.042406,4.2406,4
26260,부산광역시,동래구,여성,50대,22859,0.044719,4.4719,4
26260,부산광역시,동래구,여성,60대,23258,0.045499,4.5499,4
26260,부산광역시,동래구,여성,70대,16107,0.03151,3.151,3
26260,부산광역시,동래구,여성,80세 이상,8044,0.015736,1.5736,2
26290,부산광역시,남구,남성,0-9세,6311,0.012346,1.2346,1
26290,부산광역시,남구,남성,10대,11274,0.022055,2.2055,2
26290,부산광역시,남구,남성,20대,15764,0.030839,3.0839,3
26290,부산광역시,남구,남성,30대,13742,0.026883,2.6883,3
26290,부산광역시,남구,남성,40대,17353,0.033947,3.3947,3
26290,부산광역시,남구,남성,50대,20525,0.040153,4.0153,4
26290,부산광역시,남구,남성,60대,18471,0.036134,3.6134,4
26290,부산광역시,남구,남성,70대,12663,0.024772,2.4772,3
26290,부산광역시,남구,남성,80세 이상,5471,0.010703,1.0703,1
26290,부산광역시,남구,여성,0-9세,6008,0.011753,1.1753,1
26290,부산광역시,남구,여성,10대,10608,0.020752,2.0752,2
26290,부산광역시,남구,여성,20대,14527,0.028419,2.8419,3
26290,부산광역시,남구,여성,30대,12965,0.025363,2.5363,3
26290,부산광역시,남구,여성,40대,17507,0.034249,3.4249,3
26290,부산광역시,남구,여성,50대,20908,0.040902,4.0902,4
26290,부산광역시,남구,여성,60대,21536,0.04213,4.213,4
26290,부산광역시,남구,여성,70대,16090,0.031477,3.1477,3
26290,부산광역시,남구,여성,80세 이상,8945,0.017499,1.7499,2
26320,부산광역시,북구,남성,0-9세,6840,0.013381,1.3381,2
26320,부산광역시,북구,남성,10대,10511,0.020562,2.0562,2
26320,부산광역시,북구,남성,20대,13342,0.026101,2.6101,3
26320,부산광역시,북구,남성,30대,16542,0.032361,3.2361,3
26320,부산광역시,북구,남성,40대,17363,0.033967,3.3967,3
26320,부산광역시,북구,남성,50대,21419,0.041902,4.1902,4
26320,부산광역시,북구,남성,60대,24867,0.048647,4.8647,5
26320,부산광역시,북구,남성,70대,13413,0.02624,2.624,3
26320,부산광역시,북구,남성,80세 이상,4476,0.008756,0.8756,1
26320,부산광역시,북구,여성,0-9세,6426,0.012571,1.2571,1
26320,부산광역시,북구,여성,10대,9811,0.019193,1.9193,2
26320,부산광역시,북구,여성,20대,11792,0.023068,2.3068,2
26320,부산광역시,북구,여성,30대,14827,0.029006,2.9006,3
26320,부산광역시,북구,여성,40대,16480,0.03224,3.224,3
26320,부산광역시,북구,여성,50대,24104,0.047154,4.7154,5
26320,부산광역시,북구,여성,60대,27036,0.05289,5.289,5
26320,부산광역시,북구,여성,70대,15546,0.030412,3.0412,3
26320,부산광역시,북구,여성,80세 이상,8067,0.015781,1.5781,2
26350,부산광역시,해운대구,남성,0-9세,10323,0.020195,2.0195,2
26350,부산광역시,해운대구,남성,10대,18062,0.035334,3.5334,4
26350,부산광역시,해운대구,남성,20대,18507,0.036205,3.6205,4
26350,부산광역시,해운대구,남성,30대,20684,0.040464,4.0464,4
26350,부산광역시,해운대구,남성,40대,26739,0.052309,5.2309,5
26350,부산광역시,해운대구,남성,50대,31121,0.060881,6.0881,6
26350,부산광역시,해운대구,남성,60대,28963,0.05666,5.666,6
26350,부산광역시,해운대구,남성,70대,17081,0.033415,3.3415,3
26350,부산광역시,해운대구,남성,80세 이상,6850,0.013401,1.3401,1
26350,부산광역시,해운대구,여성,0-9세,9863,0.019295,1.9295,2
26350,부산광역시,해운대구,여성,10대,16964,0.033186,3.3186,3
26350,부산광역시,해운대구,여성,20대,17164,0.033578,3.3578,4
26350,부산광역시,해운대구,여성,30대,20512,0.040127,4.0127,4
26350,부산광역시,해운대구,여성,40대,28787,0.056315,5.6315,6
26350,부산광역시,해운대구,여성,50대,34669,0.067822,6.7822,7
26350,부산광역시,해운대구,여성,60대,33192,0.064933,6.4933,6
26350,부산광역시,해운대구,여성,70대,21035,0.04115,4.115,4
26350,부산광역시,해운대구,여성,80세 이상,12088,0.023648,2.3648,2
26380,부산광역시,사하구,남성,0-9세,6397,0.012514,1.2514,1
26380,부산광역시,사하구,남성,10대,11705,0.022898,2.2898,2
26380,부산광역시,사하구,남성,20대,15868,0.031042,3.1042,3
26380,부산광역시,사하구,남성,30대,16464,0.032208,3.2208,3
26380,부산광역시,사하구,남성,40대,20295,0.039703,3.9703,4
26380,부산광역시,사하구,남성,50대,24435,0.047802,4.7802,5
26380,부산광역시,사하구,남성,60대,25508,0.049901,4.9901,5
26380,부산광역시,사하구,남성,70대,15813,0.030935,3.0935,3
26380,부산광역시,사하구,남성,80세 이상,5382,0.010529,1.0529,1
26380,부산광역시,사하구,여성,0-9세,6018,0.011773,1.1773,1
26380,부산광역시,사하구,여성,10대,11082,0.02168,2.168,2
26380,부산광역시,사하구,여성,20대,13542,0.026492,2.6492,3
26380,부산광역시,사하구,여성,30대,13941,0.027273,2.7273,3
26380,부산광역시,사하구,여성,40대,18783,0.036745,3.6745,4
26380,부산광역시,사하구,여성,50대,24811,0.048537,4.8537,5
26380,부산광역시,사하구,여성,60대,28266,0.055296,5.5296,5
26380,부산광역시,사하구,여성,70대,18538,0.036266,3.6266,4
26380,부산광역시,사하구,여성,80세 이상,9374,0.018338,1.8338,2
26410,부산광역시,금정구,남성,0-9세,4023,0.00787,0.787,1
26410,부산광역시,금정구,남성,10대,7774,0.015208,1.5208,2
26410,부산광역시,금정구,남성,20대,13796,0.026989,2.6989,3
26410,부산광역시,금정구,남성,30대,11192,0.021895,2.1895,2
26410,부산광역시,금정구,남성,40대,12810,0.02506,2.506,2
26410,부산광역시,금정구,남성,50대,16316,0.031919,3.1919,3
26410,부산광역시,금정구,남성,60대,17975,0.035164,3.5164,3
26410,부산광역시,금정구,남성,70대,11689,0.022867,2.2867,2
26410,부산광역시,금정구,남성,80세 이상,4866,0.009519,0.9519,1
26410,부산광역시,금정구,여성,0-9세,3919,0.007667,0.7667,1
26410,부산광역시,금정구,여성,10대,7556,0.014782,1.4782,2
26410,부산광역시,금정구,여성,20대,11957,0.023391,2.3391,2
26410,부산광역시,금정구,여성,30대,9489,0.018563,1.8563,2
26410,부산광역시,금정구,여성,40대,12618,0.024684,2.4684,2
26410,부산광역시,금정구,여성,50대,17408,0.034055,3.4055,3
26410,부산광역시,금정구,여성,60대,20662,0.040421,4.0421,4
26410,부산광역시,금정구,여성,70대,14500,0.028366,2.8366,3
26410,부산광역시,금정구,여성,80세 이상,8038,0.015725,1.5725,2
26440,부산광역시,강서구,남성,0-9세,8464,0.016558,1.6558,2
26440,부산광역시,강서구,남성,10대,9117,0.017835,1.7835,2
26440,부산광역시,강서구,남성,20대,5753,0.011254,1.1254,1
26440,부산광역시,강서구,남성,30대,12199,0.023865,2.3865,2
26440,부산광역시,강서구,남성,40대,16824,0.032912,3.2912,3
26440,부산광역시,강서구,남성,50대,10112,0.019782,1.9782,2
26440,부산광역시,강서구,남성,60대,8759,0.017135,1.7135,1
26440,부산광역시,강서구,남성,70대,5012,0.009805,0.9805,1
26440,부산광역시,강서구,남성,80세 이상,1431,0.002799,0.2799,0
26440,부산광역시,강서구,여성,0-9세,8128,0.015901,1.5901,2
26440,부산광역시,강서구,여성,10대,8717,0.017053,1.7053,2
26440,부산광역시,강서구,여성,20대,4821,0.009431,0.9431,1
26440,부산광역시,강서구,여성,30대,11647,0.022785,2.2785,2
26440,부산광역시,강서구,여성,40대,14375,0.028122,2.8122,3
26440,부산광역시,강서구,여성,50대,8540,0.016707,1.6707,2
26440,부산광역시,강서구,여성,60대,8944,0.017497,1.7497,2
26440,부산광역시,강서구,여성,70대,4928,0.009641,0.9641,1
26440,부산광역시,강서구,여성,80세 이상,2528,0.004945,0.4945,0
26470,부산광역시,연제구,남성,0-9세,6304,0.012332,1.2332,1
26470,부산광역시,연제구,남성,10대,8689,0.016998,1.6998,2
26470,부산광역시,연제구,남성,20대,10620,0.020776,2.0776,2
26470,부산광역시,연제구,남성,30대,14074,0.027533,2.7533,3
26470,부산광역시,연제구,남성,40대,15347,0.030023,3.0023,3
26470,부산광역시,연제구,남성,50대,16106,0.031508,3.1508,3
26470,부산광역시,연제구,남성,60대,15332,0.029994,2.9994,3
26470,부산광역시,연제구,남성,70대,10245,0.020042,2.0042,2
26470,부산광역시,연제구,남성,80세 이상,4177,0.008171,0.8171,1
26470,부산광역시,연제구,여성,0-9세,6068,0.011871,1.1871,1
26470,부산광역시,연제구,여성,10대,8457,0.016544,1.6544,2
26470,부산광역시,연제구,여성,20대,10840,0.021206,2.1206,2
26470,부산광역시,연제구,여성,30대,14245,0.027867,2.7867,3
26470,부산광역시,연제구,여성,40대,15696,0.030706,3.0706,3
26470,부산광역시,연제구,여성,50대,17622,0.034474,3.4474,3
26470,부산광역시,연제구,여성,60대,18314,0.035827,3.5827,4
26470,부산광역시,연제구,여성,70대,12885,0.025207,2.5207,2
26470,부산광역시,연제구,여성,80세 이상,6706,0.013119,1.3119,1
26500,부산광역시,수영구,남성,0-9세,3769,0.007373,0.7373,1
26500,부산광역시,수영구,남성,10대,5839,0.011423,1.1423,1
26500,부산광역시,수영구,남성,20대,9281,0.018156,1.8156,2
26500,부산광역시,수영구,남성,30대,11576,0.022646,2.2646,2
26500,부산광역시,수영구,남성,40대,11345,0.022194,2.2194,2
26500,부산광역시,수영구,남성,50대,12317,0.024096,2.4096,3
26500,부산광역시,수영구,남성,60대,12056,0.023585,2.3585,2
26500,부산광역시,수영구,남성,70대,8993,0.017593,1.7593,2
26500,부산광역시,수영구,남성,80세 이상,4005,0.007835,0.7835,1
26500,부산광역시,수영구,여성,0-9세,3657,0.007154,0.7154,1
26500,부산광역시,수영구,여성,10대,5473,0.010707,1.0707,1
26500,부산광역시,수영구,여성,20대,10414,0.020373,2.0373,2
26500,부산광역시,수영구,여성,30대,11278,0.022063,2.2063,2
26500,부산광역시,수영구,여성,40대,11583,0.02266,2.266,2
26500,부산광역시,수영구,여성,50대,13736,0.026871,2.6871,3
26500,부산광역시,수영구,여성,60대,15642,0.0306,3.06,3
26500,부산광역시,수영구,여성,70대,11874,0.023229,2.3229,2
26500,부산광역시,수영구,여성,80세 이상,6274,0.012274,1.2274,1
26530,부산광역시,사상구,남성,0-9세,3909,0.007647,0.7647,1
26530,부산광역시,사상구,남성,10대,6692,0.013091,1.3091,1
26530,부산광역시,사상구,남성,20대,10984,0.021488,2.1488,2
26530,부산광역시,사상구,남성,30대,12439,0.024334,2.4334,3
26530,부산광역시,사상구,남성,40대,12688,0.024821,2.4821,3
26530,부산광역시,사상구,남성,50대,16754,0.032776,3.2776,3
26530,부산광역시,사상구,남성,60대,19815,0.038764,3.8764,4
26530,부산광역시,사상구,남성,70대,10507,0.020555,2.0555,2
26530,부산광역시,사상구,남성,80세 이상,3161,0.006184,0.6184,1
26530,부산광역시,사상구,여성,0-9세,3538,0.006921,0.6921,1
26530,부산광역시,사상구,여성,10대,6450,0.012618,1.2618,1
26530,부산광역시,사상구,여성,20대,10362,0.020271,2.0271,2
26530,부산광역시,사상구,여성,30대,10267,0.020085,2.0085,2
26530,부산광역시,사상구,여성,40대,11359,0.022221,2.2221,2
26530,부산광역시,사상구,여성,50대,16773,0.032813,3.2813,3
26530,부산광역시,사상구,여성,60대,20449,0.040004,4.0004,4
26530,부산광역시,사상구,여성,70대,12281,0.024025,2.4025,2
26530,부산광역시,사상구,여성,80세 이상,5696,0.011143,1.1143,1
26710,부산광역시,기장군,남성,0-9세,6450,0.012618,1.2618,1
26710,부산광역시,기장군,남성,10대,10203,0.01996,1.996,2
26710,부산광역시,기장군,남성,20대,7918,0.01549,1.549,2
26710,부산광역시,기장군,남성,30대,10397,0.020339,2.0339,2
26710,부산광역시,기장군,남성,40대,15811,0.030931,3.0931,3
26710,부산광역시,기장군,남성,50대,14431,0.028231,2.8231,3
26710,부산광역시,기장군,남성,60대,11239,0.021987,2.1987,2
26710,부산광역시,기장군,남성,70대,7359,0.014396,1.4396,1
26710,부산광역시,기장군,남성,80세 이상,2871,0.005616,0.5616,1
26710,부산광역시,기장군,여성,0-9세,6147,0.012025,1.2025,1
26710,부산광역시,기장군,여성,10대,9658,0.018894,1.8894,2
26710,부산광역시,기장군,여성,20대,6792,0.013287,1.3287,1
26710,부산광역시,기장군,여성,30대,9762,0.019097,1.9097,2
26710,부산광역시,기장군,여성,40대,15617,0.030551,3.0551,3
26710,부산광역시,기장군,여성,50대,13616,0.026637,2.6637,3
26710,부산광역시,기장군,여성,60대,12524,0.0245,2.45,2
26710,부산광역시,기장군,여성,70대,8963,0.017534,1.7534,2
26710,부산광역시,기장군,여성,80세 이상,5140,0.010055,1.0055,1
27110,대구광역시,중구,남성,0-9세,4180,0.008177,0.8177,1
27110,대구광역시,중구,남성,10대,3689,0.007217,0.7217,1
27110,대구광역시,중구,남성,20대,6137,0.012006,1.2006,1
27110,대구광역시,중구,남성,30대,9273,0.018141,1.8141,2
27110,대구광역시,중구,남성,40대,7629,0.014924,1.4924,1
27110,대구광역시,중구,남성,50대,6910,0.013518,1.3518,1
27110,대구광역시,중구,남성,60대,5351,0.010468,1.0468,1
27110,대구광역시,중구,남성,70대,3311,0.006477,0.6477,1
27110,대구광역시,중구,남성,80세 이상,1762,0.003447,0.3447,0
27110,대구광역시,중구,여성,0-9세,4023,0.00787,0.787,1
27110,대구광역시,중구,여성,10대,3797,0.007428,0.7428,1
27110,대구광역시,중구,여성,20대,7350,0.014379,1.4379,2
27110,대구광역시,중구,여성,30대,8954,0.017517,1.7517,2
27110,대구광역시,중구,여성,40대,7301,0.014283,1.4283,1
27110,대구광역시,중구,여성,50대,7294,0.014269,1.4269,1
27110,대구광역시,중구,여성,60대,6140,0.012012,1.2012,1
27110,대구광역시,중구,여성,70대,4723,0.00924,0.924,1
27110,대구광역시,중구,여성,80세 이상,3183,0.006227,0.6227,1
27140,대구광역시,동구,남성,0-9세,9874,0.019316,1.9316,2
27140,대구광역시,동구,남성,10대,13402,0.026218,2.6218,3
27140,대구광역시,동구,남성,20대,17674,0.034575,3.4575,3
27140,대구광역시,동구,남성,30대,23697,0.046358,4.6358,5
27140,대구광역시,동구,남성,40대,23924,0.046802,4.6802,5
27140,대구광역시,동구,남성,50대,27601,0.053995,5.3995,5
27140,대구광역시,동구,남성,60대,26355,0.051558,5.1558,5
27140,대구광역시,동구,남성,70대,16171,0.031635,3.1635,3
27140,대구광역시,동구,남성,80세 이상,7029,0.013751,1.3751,1
27140,대구광역시,동구,여성,0-9세,9343,0.018278,1.8278,2
27140,대구광역시,동구,여성,10대,12511,0.024475,2.4475,3
27140,대구광역시,동구,여성,20대,16172,0.031637,3.1637,3
27140,대구광역시,동구,여성,30대,20572,0.040245,4.0245,4
27140,대구광역시,동구,여성,40대,22791,0.044586,4.4586,4
27140,대구광역시,동구,여성,50대,28510,0.055774,5.5774,6
27140,대구광역시,동구,여성,60대,30153,0.058988,5.8988,6
27140,대구광역시,동구,여성,70대,20814,0.040718,4.0718,4
27140,대구광역시,동구,여성,80세 이상,12688,0.024821,2.4821,2
27170,대구광역시,서구,남성,0-9세,3578,0.007,0.7,1
27170,대구광역시,서구,남성,10대,4875,0.009537,0.9537,1
27170,대구광역시,서구,남성,20대,7817,0.015292,1.5292,1
27170,대구광역시,서구,남성,30대,11077,0.02167,2.167,2
27170,대구광역시,서구,남성,40대,10498,0.020537,2.0537,2
27170,대구광역시,서구,남성,50대,14591,0.028544,2.8544,3
27170,대구광역시,서구,남성,60대,16135,0.031565,3.1565,3
27170,대구광역시,서구,남성,70대,9045,0.017695,1.7695,2
27170,대구광역시,서구,남성,80세 이상,3552,0.006949,0.6949,1
27170,대구광역시,서구,여성,0-9세,3309,0.006473,0.6473,1
27170,대구광역시,서구,여성,10대,4854,0.009496,0.9496,1
27170,대구광역시,서구,여성,20대,6857,0.013414,1.3414,1
27170,대구광역시,서구,여성,30대,8617,0.016857,1.6857,2
27170,대구광역시,서구,여성,40대,9009,0.017624,1.7624,2
27170,대구광역시,서구,여성,50대,14094,0.027572,2.7572,3
27170,대구광역시,서구,여성,60대,17444,0.034125,3.4125,3
27170,대구광역시,서구,여성,70대,11837,0.023157,2.3157,2
27170,대구광역시,서구,여성,80세 이상,6767,0.013238,1.3238,1
27200,대구광역시,남구,남성,0-9세,2660,0.005204,0.5204,1
27200,대구광역시,남구,남성,10대,4102,0.008025,0.8025,1
27200,대구광역시,남구,남성,20대,7577,0.014823,1.4823,1
27200,대구광역시,남구,남성,30대,8925,0.01746,1.746,2
27200,대구광역시,남구,남성,40대,8378,0.01639,1.639,2
27200,대구광역시,남구,남성,50대,11243,0.021994,2.1994,2
27200,대구광역시,남구,남성,60대,10874,0.021273,2.1273,2
27200,대구광역시,남구,남성,70대,7236,0.014156,1.4156,1
27200,대구광역시,남구,남성,80세 이상,3489,0.006825,0.6825,1
27200,대구광역시,남구,여성,0-9세,2433,0.00476,0.476,1
27200,대구광역시,남구,여성,10대,3943,0.007714,0.7714,1
27200,대구광역시,남구,여성,20대,8315,0.016266,1.6266,2
27200,대구광역시,남구,여성,30대,7634,0.014934,1.4934,1
27200,대구광역시,남구,여성,40대,8220,0.016081,1.6081,2
27200,대구광역시,남구,여성,50대,11385,0.022272,2.2272,2
27200,대구광역시,남구,여성,60대,12859,0.025156,2.5156,2
27200,대구광역시,남구,여성,70대,9714,0.019003,1.9003,2
27200,대구광역시,남구,여성,80세 이상,6555,0.012823,1.2823,1
27230,대구광역시,북구,남성,0-9세,11253,0.022014,2.2014,2
27230,대구광역시,북구,남성,10대,19273,0.037703,3.7703,4
27230,대구광역시,북구,남성,20대,27028,0.052874,5.2874,5
27230,대구광역시,북구,남성,30대,26189,0.051233,5.1233,5
27230,대구광역시,북구,남성,40대,28474,0.055703,5.5703,6
27230,대구광역시,북구,남성,50대,37489,0.073339,7.3339,7
27230,대구광역시,북구,남성,60대,31325,0.061281,6.1281,6
27230,대구광역시,북구,남성,70대,15301,0.029933,2.9933,3
27230,대구광역시,북구,남성,80세 이상,6297,0.012319,1.2319,1
27230,대구광역시,북구,여성,0-9세,10747,0.021024,2.1024,2
27230,대구광역시,북구,여성,10대,18300,0.0358,3.58,4
27230,대구광역시,북구,여성,20대,23718,0.046399,4.6399,5
27230,대구광역시,북구,여성,30대,22160,0.043351,4.3351,4
27230,대구광역시,북구,여성,40대,28576,0.055903,5.5903,6
27230,대구광역시,북구,여성,50대,39057,0.076407,7.6407,8
27230,대구광역시,북구,여성,60대,33191,0.064931,6.4931,6
27230,대구광역시,북구,여성,70대,19364,0.037881,3.7881,4
27230,대구광역시,북구,여성,80세 이상,12112,0.023694,2.3694,2
27260,대구광역시,수성구,남성,0-9세,12599,0.024647,2.4647,3
27260,대구광역시,수성구,남성,10대,24631,0.048185,4.8185,5
27260,대구광역시,수성구,남성,20대,22767,0.044539,4.4539,4
27260,대구광역시,수성구,남성,30대,21439,0.041941,4.1941,4
27260,대구광역시,수성구,남성,40대,29386,0.057487,5.7487,6
27260,대구광역시,수성구,남성,50대,34933,0.068339,6.8339,7
27260,대구광역시,수성구,남성,60대,28029,0.054833,5.4833,5
27260,대구광역시,수성구,남성,70대,15519,0.03036,3.036,3
27260,대구광역시,수성구,남성,80세 이상,7260,0.014203,1.4203,2
27260,대구광역시,수성구,여성,0-9세,11836,0.023155,2.3155,2
27260,대구광역시,수성구,여성,10대,22748,0.044502,4.4502,4
27260,대구광역시,수성구,여성,20대,20087,0.039296,3.9296,4
27260,대구광역시,수성구,여성,30대,21047,0.041174,4.1174,4
27260,대구광역시,수성구,여성,40대,33794,0.066111,6.6111,7
27260,대구광역시,수성구,여성,50대,39234,0.076753,7.6753,8
27260,대구광역시,수성구,여성,60대,31484,0.061592,6.1592,6
27260,대구광역시,수성구,여성,70대,19853,0.038838,3.8838,4
27260,대구광역시,수성구,여성,80세 이상,12576,0.024602,2.4602,2
27290,대구광역시,달서구,남성,0-9세,14149,0.027679,2.7679,3
27290,대구광역시,달서구,남성,10대,24843,0.0486,4.86,5
27290,대구광역시,달서구,남성,20대,30781,0.060216,6.0216,6
27290,대구광역시,달서구,남성,30대,32988,0.064534,6.4534,6
27290,대구광역시,달서구,남성,40대,35674,0.069788,6.9788,7
27290,대구광역시,달서구,남성,50대,45386,0.088788,8.8788,9
27290,대구광역시,달서구,남성,60대,41241,0.080679,8.0679,8
27290,대구광역시,달서구,남성,70대,20487,0.040078,4.0078,4
27290,대구광역시,달서구,남성,80세 이상,7539,0.014748,1.4748,1
27290,대구광역시,달서구,여성,0-9세,13287,0.025993,2.5993,3
27290,대구광역시,달서구,여성,10대,23947,0.046847,4.6847,5
27290,대구광역시,달서구,여성,20대,28041,0.054856,5.4856,5
27290,대구광역시,달서구,여성,30대,28140,0.05505,5.505,5
27290,대구광역시,달서구,여성,40대,36804,0.071999,7.1999,7
27290,대구광역시,달서구,여성,50대,49445,0.096728,9.6728,10
27290,대구광역시,달서구,여성,60대,45248,0.088518,8.8518,9
27290,대구광역시,달서구,여성,70대,24987,0.048882,4.8882,5
27290,대구광역시,달서구,여성,80세 이상,14072,0.027529,2.7529,3
27710,대구광역시,달성군,남성,0-9세,10435,0.020414,2.0414,2
27710,대구광역시,달성군,남성,10대,13971,0.027331,2.7331,3
27710,대구광역시,달성군,남성,20대,12444,0.024344,2.4344,2
27710,대구광역시,달성군,남성,30대,17859,0.034937,3.4937,3
27710,대구광역시,달성군,남성,40대,22586,0.044185,4.4185,4
27710,대구광역시,달성군,남성,50대,20953,0.04099,4.099,4
27710,대구광역시,달성군,남성,60대,18642,0.036469,3.6469,4
27710,대구광역시,달성군,남성,70대,9090,0.017783,1.7783,2
27710,대구광역시,달성군,남성,80세 이상,3014,0.005896,0.5896,1
27710,대구광역시,달성군,여성,0-9세,10163,0.019882,1.9882,2
27710,대구광역시,달성군,여성,10대,13203,0.025829,2.5829,3
27710,대구광역시,달성군,여성,20대,9780,0.019132,1.9132,2
27710,대구광역시,달성군,여성,30대,15398,0.030123,3.0123,3
27710,대구광역시,달성군,여성,40대,21174,0.041422,4.1422,4
27710,대구광역시,달성군,여성,50대,20520,0.040143,4.0143,4
27710,대구광역시,달성군,여성,60대,19139,0.037441,3.7441,4
27710,대구광역시,달성군,여성,70대,10253,0.020058,2.0058,2
27710,대구광역시,달성군,여성,80세 이상,6035,0.011806,1.1806,1
27720,대구광역시,군위군,남성,0-9세,253,0.000495,0.0495,0
27720,대구광역시,군위군,남성,10대,447,0.000874,0.0874,0
27720,대구광역시,군위군,남성,20대,541,0.001058,0.1058,0
27720,대구광역시,군위군,남성,30대,672,0.001315,0.1315,0
27720,대구광역시,군위군,남성,40대,933,0.001825,0.1825,0
27720,대구광역시,군위군,남성,50대,2013,0.003938,0.3938,0
27720,대구광역시,군위군,남성,60대,3462,0.006773,0.6773,1
27720,대구광역시,군위군,남성,70대,2260,0.004421,0.4421,1
27720,대구광역시,군위군,남성,80세 이상,1103,0.002158,0.2158,0
27720,대구광역시,군위군,여성,0-9세,192,0.000376,0.0376,0
27720,대구광역시,군위군,여성,10대,370,0.000724,0.0724,0
27720,대구광역시,군위군,여성,20대,363,0.00071,0.071,0
27720,대구광역시,군위군,여성,30대,460,0.0009,0.09,0
27720,대구광역시,군위군,여성,40대,704,0.001377,0.1377,0
27720,대구광역시,군위군,여성,50대,1501,0.002936,0.2936,0
27720,대구광역시,군위군,여성,60대,2805,0.005487,0.5487,1
27720,대구광역시,군위군,여성,70대,2229,0.004361,0.4361,1
27720,대구광역시,군위군,여성,80세 이상,2144,0.004194,0.4194,0
28110,인천광역시,중구,남성,0-9세,6633,0.012976,1.2976,1
28110,인천광역시,중구,남성,10대,8136,0.015916,1.5916,2
28110,인천광역시,중구,남성,20대,11011,0.021541,2.1541,2
28110,인천광역시,중구,남성,30대,15892,0.031089,3.1089,3
28110,인천광역시,중구,남성,40대,15829,0.030966,3.0966,3
28110,인천광역시,중구,남성,50대,14778,0.02891,2.891,3
28110,인천광역시,중구,남성,60대,10964,0.021449,2.1449,2
28110,인천광역시,중구,남성,70대,5836,0.011417,1.1417,1
28110,인천광역시,중구,남성,80세 이상,2287,0.004474,0.4474,0
28110,인천광역시,중구,여성,0-9세,6166,0.012062,1.2062,1
28110,인천광역시,중구,여성,10대,7821,0.0153,1.53,2
28110,인천광역시,중구,여성,20대,10807,0.021142,2.1142,2
28110,인천광역시,중구,여성,30대,13351,0.026118,2.6118,3
28110,인천광역시,중구,여성,40대,13680,0.026762,2.6762,3
28110,인천광역시,중구,여성,50대,12261,0.023986,2.3986,2
28110,인천광역시,중구,여성,60대,10434,0.020412,2.0412,2
28110,인천광역시,중구,여성,70대,6592,0.012896,1.2896,1
28110,인천광역시,중구,여성,80세 이상,3989,0.007804,0.7804,1
28140,인천광역시,동구,남성,0-9세,1176,0.002301,0.2301,0
28140,인천광역시,동구,남성,10대,2233,0.004368,0.4368,0
28140,인천광역시,동구,남성,20대,2769,0.005417,0.5417,1
28140,인천광역시,동구,남성,30대,3314,0.006483,0.6483,1
28140,인천광역시,동구,남성,40대,4252,0.008318,0.8318,1
28140,인천광역시,동구,남성,50대,5056,0.009891,0.9891,1
28140,인천광역시,동구,남성,60대,4874,0.009535,0.9535,1
28140,인천광역시,동구,남성,70대,3130,0.006123,0.6123,1
28140,인천광역시,동구,남성,80세 이상,1432,0.002801,0.2801,0
28140,인천광역시,동구,여성,0-9세,1132,0.002215,0.2215,0
28140,인천광역시,동구,여성,10대,1943,0.003801,0.3801,0
28140,인천광역시,동구,여성,20대,2487,0.004865,0.4865,0
28140,인천광역시,동구,여성,30대,2833,0.005542,0.5542,1
28140,인천광역시,동구,여성,40대,3673,0.007185,0.7185,1
28140,인천광역시,동구,여성,50대,4535,0.008872,0.8872,1
28140,인천광역시,동구,여성,60대,5087,0.009952,0.9952,1
28140,인천광역시,동구,여성,70대,3974,0.007774,0.7774,1
28140,인천광역시,동구,여성,80세 이상,2577,0.005041,0.5041,0
28177,인천광역시,미추홀구,남성,0-9세,11886,0.023252,2.3252,3
28177,인천광역시,미추홀구,남성,10대,16589,0.032453,3.2453,3
28177,인천광역시,미추홀구,남성,20대,25874,0.050617,5.0617,5
28177,인천광역시,미추홀구,남성,30대,31396,0.061419,6.1419,6
28177,인천광역시,미추홀구,남성,40대,33398,0.065336,6.5336,7
28177,인천광역시,미추홀구,남성,50대,35189,0.06884,6.884,7
28177,인천광역시,미추홀구,남성,60대,31366,0.061361,6.1361,6
28177,인천광역시,미추홀구,남성,70대,16994,0.033245,3.3245,3
28177,인천광역시,미추홀구,남성,80세 이상,7254,0.014191,1.4191,1
28177,인천광역시,미추홀구,여성,0-9세,11281,0.022069,2.2069,2
28177,인천광역시,미추홀구,여성,10대,15726,0.030764,3.0764,3
28177,인천광역시,미추홀구,여성,20대,23227,0.045439,4.5439,5
28177,인천광역시,미추홀구,여성,30대,27254,0.053317,5.3317,5
28177,인천광역시,미추홀구,여성,40대,29197,0.057118,5.7118,6
28177,인천광역시,미추홀구,여성,50대,33541,0.065616,6.5616,7
28177,인천광역시,미추홀구,여성,60대,33671,0.06587,6.587,7
28177,인천광역시,미추홀구,여성,70대,20843,0.040775,4.0775,4
28177,인천광역시,미추홀구,여성,80세 이상,12892,0.02522,2.522,2
28185,인천광역시,연수구,남성,0-9세,16627,0.032527,3.2527,3
28185,인천광역시,연수구,남성,10대,24289,0.047516,4.7516,5
28185,인천광역시,연수구,남성,20대,23410,0.045797,4.5797,5
28185,인천광역시,연수구,남성,30대,28404,0.055566,5.5566,6
28185,인천광역시,연수구,남성,40대,34970,0.068411,6.8411,7
28185,인천광역시,연수구,남성,50대,33397,0.065334,6.5334,6
28185,인천광역시,연수구,남성,60대,27078,0.052972,5.2972,5
28185,인천광역시,연수구,남성,70대,10552,0.020643,2.0643,2
28185,인천광역시,연수구,남성,80세 이상,3846,0.007524,0.7524,1
28185,인천광역시,연수구,여성,0-9세,16043,0.031385,3.1385,3
28185,인천광역시,연수구,여성,10대,23253,0.045489,4.5489,5
28185,인천광역시,연수구,여성,20대,21977,0.042993,4.2993,4
28185,인천광역시,연수구,여성,30대,28642,0.056032,5.6032,6
28185,인천광역시,연수구,여성,40대,36080,0.070583,7.0583,7
28185,인천광역시,연수구,여성,50대,34780,0.068039,6.8039,7
28185,인천광역시,연수구,여성,60대,27372,0.053547,5.3547,5
28185,인천광역시,연수구,여성,70대,11454,0.022407,2.2407,2
28185,인천광역시,연수구,여성,80세 이상,7263,0.014208,1.4208,1
28200,인천광역시,남동구,남성,0-9세,12117,0.023704,2.3704,3
28200,인천광역시,남동구,남성,10대,22883,0.044766,4.4766,5
28200,인천광역시,남동구,남성,20대,27758,0.054302,5.4302,6
28200,인천광역시,남동구,남성,30대,32321,0.063229,6.3229,6
28200,인천광역시,남동구,남성,40대,37216,0.072805,7.2805,7
28200,인천광역시,남동구,남성,50대,41939,0.082045,8.2045,8
28200,인천광역시,남동구,남성,60대,38375,0.075072,7.5072,7
28200,인천광역시,남동구,남성,70대,18617,0.03642,3.642,4
28200,인천광역시,남동구,남성,80세 이상,6831,0.013363,1.3363,1
28200,인천광역시,남동구,여성,0-9세,11499,0.022495,2.2495,2
28200,인천광역시,남동구,여성,10대,21554,0.042166,4.2166,4
28200,인천광역시,남동구,여성,20대,26236,0.051325,5.1325,5
28200,인천광역시,남동구,여성,30대,28408,0.055574,5.5574,6
28200,인천광역시,남동구,여성,40대,35796,0.070027,7.0027,7
28200,인천광역시,남동구,여성,50대,42599,0.083336,8.3336,8
28200,인천광역시,남동구,여성,60대,40873,0.079959,7.9959,8
28200,인천광역시,남동구,여성,70대,22076,0.043187,4.3187,4
28200,인천광역시,남동구,여성,80세 이상,13049,0.025528,2.5528,3
28237,인천광역시,부평구,남성,0-9세,13550,0.026508,2.6508,3
28237,인천광역시,부평구,남성,10대,19620,0.038382,3.8382,4
28237,인천광역시,부평구,남성,20대,27622,0.054036,5.4036,5
28237,인천광역시,부평구,남성,30대,38616,0.075544,7.5544,8
28237,인천광역시,부평구,남성,40대,36173,0.070765,7.0765,7
28237,인천광역시,부평구,남성,50대,40307,0.078852,7.8852,8
28237,인천광역시,부평구,남성,60대,39307,0.076896,7.6896,8
28237,인천광역시,부평구,남성,70대,18455,0.036103,3.6103,3
28237,인천광역시,부평구,남성,80세 이상,7204,0.014093,1.4093,1
28237,인천광역시,부평구,여성,0-9세,12658,0.024763,2.4763,3
28237,인천광역시,부평구,여성,10대,18561,0.036311,3.6311,4
28237,인천광역시,부평구,여성,20대,27175,0.053162,5.3162,5
28237,인천광역시,부평구,여성,30대,35411,0.069274,6.9274,7
28237,인천광역시,부평구,여성,40대,34408,0.067312,6.7312,7
28237,인천광역시,부평구,여성,50대,43342,0.084789,8.4789,8
28237,인천광역시,부평구,여성,60대,42247,0.082647,8.2647,8
28237,인천광역시,부평구,여성,70대,22183,0.043396,4.3396,4
28237,인천광역시,부평구,여성,80세 이상,13603,0.026611,2.6611,3
28245,인천광역시,계양구,남성,0-9세,6071,0.011877,1.1877,1
28245,인천광역시,계양구,남성,10대,10793,0.021114,2.1114,2
28245,인천광역시,계양구,남성,20대,16581,0.032437,3.2437,3
28245,인천광역시,계양구,남성,30대,19856,0.038844,3.8844,4
28245,인천광역시,계양구,남성,40대,19249,0.037656,3.7656,4
28245,인천광역시,계양구,남성,50대,25364,0.049619,4.9619,5
28245,인천광역시,계양구,남성,60대,26569,0.051976,5.1976,5
28245,인천광역시,계양구,남성,70대,10153,0.019862,1.9862,2
28245,인천광역시,계양구,남성,80세 이상,3541,0.006927,0.6927,1
28245,인천광역시,계양구,여성,0-9세,5815,0.011376,1.1376,1
28245,인천광역시,계양구,여성,10대,10573,0.020684,2.0684,2
28245,인천광역시,계양구,여성,20대,15051,0.029444,2.9444,3
28245,인천광역시,계양구,여성,30대,17367,0.033975,3.3975,4
28245,인천광역시,계양구,여성,40대,18158,0.035522,3.5522,4
28245,인천광역시,계양구,여성,50대,27188,0.053187,5.3187,5
28245,인천광역시,계양구,여성,60대,26845,0.052516,5.2516,5
28245,인천광역시,계양구,여성,70대,11084,0.021683,2.1683,2
28245,인천광역시,계양구,여성,80세 이상,7463,0.0146,1.46,1
28260,인천광역시,서구,남성,0-9세,27461,0.053721,5.3721,6
28260,인천광역시,서구,남성,10대,34159,0.066825,6.6825,7
28260,인천광역시,서구,남성,20대,35547,0.06954,6.954,7
28260,인천광역시,서구,남성,30대,51887,0.101506,10.1506,10
28260,인천광역시,서구,남성,40대,58629,0.114695,11.4695,11
28260,인천광역시,서구,남성,50대,53865,0.105375,10.5375,11
28260,인천광역시,서구,남성,60대,43701,0.085491,8.5491,9
28260,인천광역시,서구,남성,70대,17822,0.034865,3.4865,3
28260,인천광역시,서구,남성,80세 이상,5924,0.011589,1.1589,1
28260,인천광역시,서구,여성,0-9세,26094,0.051047,5.1047,5
28260,인천광역시,서구,여성,10대,32718,0.064006,6.4006,6
28260,인천광역시,서구,여성,20대,34307,0.067114,6.7114,7
28260,인천광역시,서구,여성,30대,50072,0.097955,9.7955,10
28260,인천광역시,서구,여성,40대,54647,0.106905,10.6905,11
28260,인천광역시,서구,여성,50대,53429,0.104522,10.4522,10
28260,인천광역시,서구,여성,60대,43084,0.084284,8.4284,8
28260,인천광역시,서구,여성,70대,19634,0.03841,3.841,4
28260,인천광역시,서구,여성,80세 이상,11378,0.022259,2.2259,2
28710,인천광역시,강화군,남성,0-9세,1323,0.002588,0.2588,0
28710,인천광역시,강화군,남성,10대,2179,0.004263,0.4263,0
28710,인천광역시,강화군,남성,20대,2312,0.004523,0.4523,1
28710,인천광역시,강화군,남성,30대,2632,0.005149,0.5149,1
28710,인천광역시,강화군,남성,40대,3618,0.007078,0.7078,1
28710,인천광역시,강화군,남성,50대,5671,0.011094,1.1094,1
28710,인천광역시,강화군,남성,60대,8391,0.016415,1.6415,2
28710,인천광역시,강화군,남성,70대,5779,0.011305,1.1305,1
28710,인천광역시,강화군,남성,80세 이상,2953,0.005777,0.5777,1
28710,인천광역시,강화군,여성,0-9세,1215,0.002377,0.2377,0
28710,인천광역시,강화군,여성,10대,2066,0.004042,0.4042,1
28710,인천광역시,강화군,여성,20대,1832,0.003584,0.3584,0
28710,인천광역시,강화군,여성,30대,2229,0.004361,0.4361,0
28710,인천광역시,강화군,여성,40대,3305,0.006466,0.6466,1
28710,인천광역시,강화군,여성,50대,5054,0.009887,0.9887,1
28710,인천광역시,강화군,여성,60대,8344,0.016323,1.6323,1
28710,인천광역시,강화군,여성,70대,5872,0.011487,1.1487,1
28710,인천광역시,강화군,여성,80세 이상,4923,0.009631,0.9631,1
28720,인천광역시,옹진군,남성,0-9세,252,0.000493,0.0493,0
28720,인천광역시,옹진군,남성,10대,459,0.000898,0.0898,0
28720,인천광역시,옹진군,남성,20대,1564,0.00306,0.306,1
28720,인천광역시,옹진군,남성,30대,1120,0.002191,0.2191,1
28720,인천광역시,옹진군,남성,40대,1219,0.002385,0.2385,0
28720,인천광역시,옹진군,남성,50대,1847,0.003613,0.3613,0
28720,인천광역시,옹진군,남성,60대,2625,0.005135,0.5135,1
28720,인천광역시,옹진군,남성,70대,1536,0.003005,0.3005,0
28720,인천광역시,옹진군,남성,80세 이상,602,0.001178,0.1178,0
28720,인천광역시,옹진군,여성,0-9세,274,0.000536,0.0536,0
28720,인천광역시,옹진군,여성,10대,413,0.000808,0.0808,0
28720,인천광역시,옹진군,여성,20대,619,0.001211,0.1211,0
28720,인천광역시,옹진군,여성,30대,522,0.001021,0.1021,0
28720,인천광역시,옹진군,여성,40대,685,0.00134,0.134,0
28720,인천광역시,옹진군,여성,50대,1248,0.002441,0.2441,0
28720,인천광역시,옹진군,여성,60대,2153,0.004212,0.4212,1
28720,인천광역시,옹진군,여성,70대,1441,0.002819,0.2819,0
28720,인천광역시,옹진군,여성,80세 이상,1057,0.002068,0.2068,0
29110,광주광역시,동구,남성,0-9세,3409,0.006669,0.6669,1
29110,광주광역시,동구,남성,10대,3887,0.007604,0.7604,1
29110,광주광역시,동구,남성,20대,6708,0.013123,1.3123,1
29110,광주광역시,동구,남성,30대,7319,0.014318,1.4318,1
29110,광주광역시,동구,남성,40대,7321,0.014322,1.4322,1
29110,광주광역시,동구,남성,50대,7783,0.015226,1.5226,1
29110,광주광역시,동구,남성,60대,7259,0.014201,1.4201,1
29110,광주광역시,동구,남성,70대,4876,0.009539,0.9539,1
29110,광주광역시,동구,남성,80세 이상,2782,0.005442,0.5442,1
29110,광주광역시,동구,여성,0-9세,3178,0.006217,0.6217,1
29110,광주광역시,동구,여성,10대,3746,0.007328,0.7328,1
29110,광주광역시,동구,여성,20대,6693,0.013093,1.3093,1
29110,광주광역시,동구,여성,30대,6911,0.01352,1.352,2
29110,광주광역시,동구,여성,40대,6738,0.013181,1.3181,1
29110,광주광역시,동구,여성,50대,7692,0.015048,1.5048,1
29110,광주광역시,동구,여성,60대,8142,0.015928,1.5928,2
29110,광주광역시,동구,여성,70대,6297,0.012319,1.2319,1
29110,광주광역시,동구,여성,80세 이상,4147,0.008113,0.8113,1
29140,광주광역시,서구,남성,0-9세,7484,0.014641,1.4641,2
29140,광주광역시,서구,남성,10대,14026,0.027439,2.7439,3
29140,광주광역시,서구,남성,20대,18337,0.035872,3.5872,4
29140,광주광역시,서구,남성,30대,17651,0.03453,3.453,3
29140,광주광역시,서구,남성,40대,19867,0.038865,3.8865,4
29140,광주광역시,서구,남성,50대,23933,0.04682,4.682,5
29140,광주광역시,서구,남성,60대,18644,0.036473,3.6473,4
29140,광주광역시,서구,남성,70대,10082,0.019723,1.9723,2
29140,광주광역시,서구,남성,80세 이상,4430,0.008666,0.8666,1
29140,광주광역시,서구,여성,0-9세,7135,0.013958,1.3958,1
29140,광주광역시,서구,여성,10대,12599,0.024647,2.4647,3
29140,광주광역시,서구,여성,20대,17359,0.033959,3.3959,3
29140,광주광역시,서구,여성,30대,16080,0.031457,3.1457,3
29140,광주광역시,서구,여성,40대,20638,0.040374,4.0374,4
29140,광주광역시,서구,여성,50대,25461,0.049809,4.9809,5
29140,광주광역시,서구,여성,60대,21011,0.041103,4.1103,4
29140,광주광역시,서구,여성,70대,12643,0.024733,2.4733,2
29140,광주광역시,서구,여성,80세 이상,7683,0.01503,1.503,1
29155,광주광역시,남구,남성,0-9세,6443,0.012604,1.2604,2
29155,광주광역시,남구,남성,10대,11474,0.022446,2.2446,2
29155,광주광역시,남구,남성,20대,11075,0.021666,2.1666,2
29155,광주광역시,남구,남성,30대,11603,0.022699,2.2699,2
29155,광주광역시,남구,남성,40대,15777,0.030864,3.0864,3
29155,광주광역시,남구,남성,50대,15920,0.031144,3.1144,3
29155,광주광역시,남구,남성,60대,13798,0.026993,2.6993,3
29155,광주광역시,남구,남성,70대,8862,0.017337,1.7337,2
29155,광주광역시,남구,남성,80세 이상,4191,0.008199,0.8199,1
29155,광주광역시,남구,여성,0-9세,6285,0.012295,1.2295,1
29155,광주광역시,남구,여성,10대,11599,0.022691,2.2691,3
29155,광주광역시,남구,여성,20대,10489,0.020519,2.0519,2
29155,광주광역시,남구,여성,30대,11453,0.022405,2.2405,3
29155,광주광역시,남구,여성,40대,16565,0.032406,3.2406,3
29155,광주광역시,남구,여성,50대,16876,0.033014,3.3014,3
29155,광주광역시,남구,여성,60대,16703,0.032676,3.2676,3
29155,광주광역시,남구,여성,70대,11531,0.022558,2.2558,2
29155,광주광역시,남구,여성,80세 이상,6952,0.0136,1.36,1
29170,광주광역시,북구,남성,0-9세,13076,0.02558,2.558,3
29170,광주광역시,북구,남성,10대,20500,0.040104,4.0104,4
29170,광주광역시,북구,남성,20대,26075,0.05101,5.101,5
29170,광주광역시,북구,남성,30대,27568,0.053931,5.3931,5
29170,광주광역시,북구,남성,40대,31156,0.06095,6.095,6
29170,광주광역시,북구,남성,50대,35164,0.068791,6.8791,7
29170,광주광역시,북구,남성,60대,29827,0.05835,5.835,6
29170,광주광역시,북구,남성,70대,15944,0.031191,3.1191,3
29170,광주광역시,북구,남성,80세 이상,6704,0.013115,1.3115,1
29170,광주광역시,북구,여성,0-9세,12569,0.024589,2.4589,2
29170,광주광역시,북구,여성,10대,18909,0.036991,3.6991,4
29170,광주광역시,북구,여성,20대,23417,0.04581,4.581,5
29170,광주광역시,북구,여성,30대,25449,0.049785,4.9785,5
29170,광주광역시,북구,여성,40대,30147,0.058976,5.8976,6
29170,광주광역시,북구,여성,50대,35735,0.069908,6.9908,7
29170,광주광역시,북구,여성,60대,33071,0.064696,6.4696,6
29170,광주광역시,북구,여성,70대,19631,0.038404,3.8404,4
29170,광주광역시,북구,여성,80세 이상,11920,0.023319,2.3319,2
29200,광주광역시,광산구,남성,0-9세,13478,0.026367,2.6367,3
29200,광주광역시,광산구,남성,10대,24341,0.047618,4.7618,5
29200,광주광역시,광산구,남성,20대,26884,0.052593,5.2593,5
29200,광주광역시,광산구,남성,30대,26231,0.051315,5.1315,5
29200,광주광역시,광산구,남성,40대,32199,0.06299,6.299,6
29200,광주광역시,광산구,남성,50대,36580,0.071561,7.1561,7
29200,광주광역시,광산구,남성,60대,23426,0.045828,4.5828,5
29200,광주광역시,광산구,남성,70대,9182,0.017963,1.7963,2
29200,광주광역시,광산구,남성,80세 이상,3523,0.006892,0.6892,1
29200,광주광역시,광산구,여성,0-9세,13099,0.025625,2.5625,3
29200,광주광역시,광산구,여성,10대,22941,0.044879,4.4879,4
29200,광주광역시,광산구,여성,20대,23525,0.046022,4.6022,5
29200,광주광역시,광산구,여성,30대,23385,0.045748,4.5748,5
29200,광주광역시,광산구,여성,40대,32563,0.063702,6.3702,6
29200,광주광역시,광산구,여성,50대,35547,0.06954,6.954,7
29200,광주광역시,광산구,여성,60대,22133,0.043298,4.3298,4
29200,광주광역시,광산구,여성,70대,11077,0.02167,2.167,2
29200,광주광역시,광산구,여성,80세 이상,7490,0.014653,1.4653,1
30110,대전광역시,동구,남성,0-9세,5797,0.011341,1.1341,1
30110,대전광역시,동구,남성,10대,9414,0.018416,1.8416,2
30110,대전광역시,동구,남성,20대,14787,0.028928,2.8928,3
30110,대전광역시,동구,남성,30대,13834,0.027063,2.7063,3
30110,대전광역시,동구,남성,40대,15297,0.029925,2.9925,3
30110,대전광역시,동구,남성,50대,18946,0.037064,3.7064,4
30110,대전광역시,동구,남성,60대,17277,0.033799,3.3799,3
30110,대전광역시,동구,남성,70대,10172,0.019899,1.9899,2
30110,대전광역시,동구,남성,80세 이상,4549,0.008899,0.8899,1
30110,대전광역시,동구,여성,0-9세,5332,0.010431,1.0431,1
30110,대전광역시,동구,여성,10대,8936,0.017481,1.7481,2
30110,대전광역시,동구,여성,20대,13172,0.025768,2.5768,3
30110,대전광역시,동구,여성,30대,11563,0.02262,2.262,2
30110,대전광역시,동구,여성,40대,14010,0.027408,2.7408,3
30110,대전광역시,동구,여성,50대,17285,0.033814,3.3814,3
30110,대전광역시,동구,여성,60대,17999,0.035211,3.5211,3
30110,대전광역시,동구,여성,70대,12327,0.024115,2.4115,2
30110,대전광역시,동구,여성,80세 이상,7967,0.015586,1.5586,2
30140,대전광역시,중구,남성,0-9세,5990,0.011718,1.1718,1
30140,대전광역시,중구,남성,10대,10035,0.019631,1.9631,2
30140,대전광역시,중구,남성,20대,12569,0.024589,2.4589,2
30140,대전광역시,중구,남성,30대,13683,0.026768,2.6768,3
30140,대전광역시,중구,남성,40대,15722,0.030757,3.0757,3
30140,대전광역시,중구,남성,50대,19573,0.03829,3.829,4
30140,대전광역시,중구,남성,60대,17233,0.033713,3.3713,3
30140,대전광역시,중구,남성,70대,10619,0.020774,2.0774,2
30140,대전광역시,중구,남성,80세 이상,5081,0.00994,0.994,1
30140,대전광역시,중구,여성,0-9세,5822,0.011389,1.1389,1
30140,대전광역시,중구,여성,10대,9592,0.018765,1.8765,2
30140,대전광역시,중구,여성,20대,12539,0.02453,2.453,3
30140,대전광역시,중구,여성,30대,12678,0.024802,2.4802,3
30140,대전광역시,중구,여성,40대,15376,0.03008,3.008,3
30140,대전광역시,중구,여성,50대,19006,0.037181,3.7181,4
30140,대전광역시,중구,여성,60대,18319,0.035837,3.5837,3
30140,대전광역시,중구,여성,70대,13263,0.025946,2.5946,2
30140,대전광역시,중구,여성,80세 이상,8545,0.016716,1.6716,2
30170,대전광역시,서구,남성,0-9세,14227,0.027832,2.7832,3
30170,대전광역시,서구,남성,10대,23704,0.046372,4.6372,5
30170,대전광역시,서구,남성,20대,31755,0.062122,6.2122,6
30170,대전광역시,서구,남성,30대,34188,0.066881,6.6881,7
30170,대전광역시,서구,남성,40대,33870,0.066259,6.6259,7
30170,대전광역시,서구,남성,50대,37346,0.073059,7.3059,7
30170,대전광역시,서구,남성,60대,30199,0.059078,5.9078,6
30170,대전광역시,서구,남성,70대,15626,0.030569,3.0569,3
30170,대전광역시,서구,남성,80세 이상,6134,0.012,1.2,1
30170,대전광역시,서구,여성,0-9세,13489,0.026388,2.6388,3
30170,대전광역시,서구,여성,10대,22368,0.043758,4.3758,4
30170,대전광역시,서구,여성,20대,31715,0.062043,6.2043,6
30170,대전광역시,서구,여성,30대,31235,0.061104,6.1104,6
30170,대전광역시,서구,여성,40대,35443,0.069336,6.9336,7
30170,대전광역시,서구,여성,50대,39628,0.077524,7.7524,8
30170,대전광역시,서구,여성,60대,33532,0.065598,6.5598,6
30170,대전광역시,서구,여성,70대,18287,0.035775,3.5775,4
30170,대전광역시,서구,여성,80세 이상,10605,0.020746,2.0746,2
30200,대전광역시,유성구,남성,0-9세,14794,0.028941,2.8941,3
30200,대전광역시,유성구,남성,10대,19681,0.038502,3.8502,4
30200,대전광역시,유성구,남성,20대,28315,0.055392,5.5392,6
30200,대전광역시,유성구,남성,30대,31148,0.060934,6.0934,6
30200,대전광역시,유성구,남성,40대,28786,0.056314,5.6314,5
30200,대전광역시,유성구,남성,50대,28968,0.05667,5.667,5
30200,대전광역시,유성구,남성,60대,21715,0.042481,4.2481,4
30200,대전광역시,유성구,남성,70대,9509,0.018602,1.8602,2
30200,대전광역시,유성구,남성,80세 이상,3304,0.006464,0.6464,1
30200,대전광역시,유성구,여성,0-9세,13697,0.026795,2.6795,3
30200,대전광역시,유성구,여성,10대,18661,0.036506,3.6506,4
30200,대전광역시,유성구,여성,20대,23959,0.046871,4.6871,5
30200,대전광역시,유성구,여성,30대,27123,0.05306,5.306,5
30200,대전광역시,유성구,여성,40대,29281,0.057282,5.7282,6
30200,대전광역시,유성구,여성,50대,29706,0.058113,5.8113,6
30200,대전광역시,유성구,여성,60대,22651,0.044312,4.4312,4
30200,대전광역시,유성구,여성,70대,10065,0.01969,1.969,2
30200,대전광역시,유성구,여성,80세 이상,6171,0.012072,1.2072,1
30230,대전광역시,대덕구,남성,0-9세,3848,0.007528,0.7528,1
30230,대전광역시,대덕구,남성,10대,6967,0.013629,1.3629,1
30230,대전광역시,대덕구,남성,20대,10395,0.020336,2.0336,2
30230,대전광역시,대덕구,남성,30대,11024,0.021566,2.1566,2
30230,대전광역시,대덕구,남성,40대,11138,0.021789,2.1789,2
30230,대전광역시,대덕구,남성,50대,16045,0.031389,3.1389,3
30230,대전광역시,대덕구,남성,60대,14807,0.028967,2.8967,3
30230,대전광역시,대덕구,남성,70대,7050,0.013792,1.3792,1
30230,대전광역시,대덕구,남성,80세 이상,2815,0.005507,0.5507,1
30230,대전광역시,대덕구,여성,0-9세,3780,0.007395,0.7395,1
30230,대전광역시,대덕구,여성,10대,6389,0.012499,1.2499,1
30230,대전광역시,대덕구,여성,20대,8496,0.016621,1.6621,2
30230,대전광역시,대덕구,여성,30대,8515,0.016658,1.6658,2
30230,대전광역시,대덕구,여성,40대,10193,0.01994,1.994,2
30230,대전광역시,대덕구,여성,50대,15684,0.030682,3.0682,3
30230,대전광역시,대덕구,여성,60대,14945,0.029237,2.9237,3
30230,대전광역시,대덕구,여성,70대,8265,0.016169,1.6169,1
30230,대전광역시,대덕구,여성,80세 이상,5179,0.010132,1.0132,1
31110,울산광역시,중구,남성,0-9세,6029,0.011794,1.1794,1
31110,울산광역시,중구,남성,10대,9859,0.019287,1.9287,2
31110,울산광역시,중구,남성,20대,10917,0.021357,2.1357,2
31110,울산광역시,중구,남성,30대,13325,0.026067,2.6067,3
31110,울산광역시,중구,남성,40대,15375,0.030078,3.0078,3
31110,울산광역시,중구,남성,50대,18038,0.035287,3.5287,3
31110,울산광역시,중구,남성,60대,17851,0.034922,3.4922,3
31110,울산광역시,중구,남성,70대,8983,0.017573,1.7573,2
31110,울산광역시,중구,남성,80세 이상,2895,0.005663,0.5663,1
31110,울산광역시,중구,여성,0-9세,5627,0.011008,1.1008,1
31110,울산광역시,중구,여성,10대,9043,0.017691,1.7691,2
31110,울산광역시,중구,여성,20대,8169,0.015981,1.5981,2
31110,울산광역시,중구,여성,30대,11279,0.022065,2.2065,2
31110,울산광역시,중구,여성,40대,14327,0.028028,2.8028,3
31110,울산광역시,중구,여성,50대,18497,0.036185,3.6185,4
31110,울산광역시,중구,여성,60대,18535,0.03626,3.626,3
31110,울산광역시,중구,여성,70대,10404,0.020353,2.0353,2
31110,울산광역시,중구,여성,80세 이상,5016,0.009813,0.9813,1
31140,울산광역시,남구,남성,0-9세,9077,0.017757,1.7757,2
31140,울산광역시,남구,남성,10대,14541,0.028446,2.8446,3
31140,울산광역시,남구,남성,20대,19742,0.038621,3.8621,4
31140,울산광역시,남구,남성,30대,23266,0.045515,4.5515,4
31140,울산광역시,남구,남성,40대,22812,0.044627,4.4627,4
31140,울산광역시,남구,남성,50대,27479,0.053757,5.3757,5
31140,울산광역시,남구,남성,60대,24449,0.047829,4.7829,5
31140,울산광역시,남구,남성,70대,11186,0.021883,2.1883,2
31140,울산광역시,남구,남성,80세 이상,3211,0.006282,0.6282,1
31140,울산광역시,남구,여성,0-9세,8583,0.016791,1.6791,2
31140,울산광역시,남구,여성,10대,13400,0.026214,2.6214,3
31140,울산광역시,남구,여성,20대,14715,0.028787,2.8787,3
31140,울산광역시,남구,여성,30대,18601,0.036389,3.6389,4
31140,울산광역시,남구,여성,40대,21804,0.042655,4.2655,4
31140,울산광역시,남구,여성,50대,28678,0.056102,5.6102,6
31140,울산광역시,남구,여성,60대,24840,0.048594,4.8594,5
31140,울산광역시,남구,여성,70대,12307,0.024076,2.4076,2
31140,울산광역시,남구,여성,80세 이상,5437,0.010636,1.0636,1
31170,울산광역시,동구,남성,0-9세,4627,0.009052,0.9052,1
31170,울산광역시,동구,남성,10대,8515,0.016658,1.6658,2
31170,울산광역시,동구,남성,20대,8187,0.016016,1.6016,2
31170,울산광역시,동구,남성,30대,9786,0.019144,1.9144,2
31170,울산광역시,동구,남성,40대,14118,0.027619,2.7619,3
31170,울산광역시,동구,남성,50대,12737,0.024917,2.4917,2
31170,울산광역시,동구,남성,60대,12142,0.023753,2.3753,2
31170,울산광역시,동구,남성,70대,6437,0.012593,1.2593,1
31170,울산광역시,동구,남성,80세 이상,1528,0.002989,0.2989,0
31170,울산광역시,동구,여성,0-9세,4477,0.008758,0.8758,1
31170,울산광역시,동구,여성,10대,7917,0.015488,1.5488,2
31170,울산광역시,동구,여성,20대,6109,0.011951,1.1951,1
31170,울산광역시,동구,여성,30대,7377,0.014431,1.4431,2
31170,울산광역시,동구,여성,40대,11966,0.023409,2.3409,2
31170,울산광역시,동구,여성,50대,11492,0.022482,2.2482,2
31170,울산광역시,동구,여성,60대,12935,0.025305,2.5305,3
31170,울산광역시,동구,여성,70대,6416,0.012552,1.2552,1
31170,울산광역시,동구,여성,80세 이상,2491,0.004873,0.4873,0
31200,울산광역시,북구,남성,0-9세,8785,0.017186,1.7186,2
31200,울산광역시,북구,남성,10대,13201,0.025825,2.5825,2
31200,울산광역시,북구,남성,20대,12930,0.025295,2.5295,2
31200,울산광역시,북구,남성,30대,16226,0.031743,3.1743,3
31200,울산광역시,북구,남성,40대,19369,0.037891,3.7891,4
31200,울산광역시,북구,남성,50대,18734,0.036649,3.6649,4
31200,울산광역시,북구,남성,60대,15835,0.030978,3.0978,3
31200,울산광역시,북구,남성,70대,5369,0.010503,1.0503,1
31200,울산광역시,북구,남성,80세 이상,1574,0.003079,0.3079,0
31200,울산광역시,북구,여성,0-9세,8397,0.016427,1.6427,2
31200,울산광역시,북구,여성,10대,12361,0.024182,2.4182,2
31200,울산광역시,북구,여성,20대,8499,0.016626,1.6626,2
31200,울산광역시,북구,여성,30대,13256,0.025932,2.5932,3
31200,울산광역시,북구,여성,40대,18472,0.036136,3.6136,4
31200,울산광역시,북구,여성,50대,19379,0.037911,3.7911,4
31200,울산광역시,북구,여성,60대,14036,0.027458,2.7458,3
31200,울산광역시,북구,여성,70대,5726,0.011202,1.1202,1
31200,울산광역시,북구,여성,80세 이상,3071,0.006008,0.6008,0
31710,울산광역시,울주군,남성,0-9세,6033,0.011802,1.1802,1
31710,울산광역시,울주군,남성,10대,10755,0.02104,2.104,2
31710,울산광역시,울주군,남성,20대,12418,0.024293,2.4293,2
31710,울산광역시,울주군,남성,30대,13127,0.02568,2.568,3
31710,울산광역시,울주군,남성,40대,16176,0.031645,3.1645,3
31710,울산광역시,울주군,남성,50대,22286,0.043598,4.3598,4
31710,울산광역시,울주군,남성,60대,20497,0.040098,4.0098,4
31710,울산광역시,울주군,남성,70대,9454,0.018495,1.8495,2
31710,울산광역시,울주군,남성,80세 이상,3045,0.005957,0.5957,1
31710,울산광역시,울주군,여성,0-9세,5835,0.011415,1.1415,1
31710,울산광역시,울주군,여성,10대,10102,0.019762,1.9762,2
31710,울산광역시,울주군,여성,20대,9088,0.017779,1.7779,2
31710,울산광역시,울주군,여성,30대,10654,0.020842,2.0842,2
31710,울산광역시,울주군,여성,40대,14672,0.028703,2.8703,3
31710,울산광역시,울주군,여성,50대,20926,0.040937,4.0937,4
31710,울산광역시,울주군,여성,60대,18293,0.035786,3.5786,4
31710,울산광역시,울주군,여성,70대,9619,0.018817,1.8817,2
31710,울산광역시,울주군,여성,80세 이상,6194,0.012117,1.2117,1
36110,세종특별자치시,세종특별자치시,남성,0-9세,19653,0.038447,3.8447,4
36110,세종특별자치시,세종특별자치시,남성,10대,27415,0.053631,5.3631,5
36110,세종특별자치시,세종특별자치시,남성,20대,18625,0.036436,3.6436,4
36110,세종특별자치시,세종특별자치시,남성,30대,28609,0.055967,5.5967,6
36110,세종특별자치시,세종특별자치시,남성,40대,37469,0.0733,7.33,7
36110,세종특별자치시,세종특별자치시,남성,50대,30746,0.060148,6.0148,6
36110,세종특별자치시,세종특별자치시,남성,60대,19650,0.038441,3.8441,4
36110,세종특별자치시,세종특별자치시,남성,70대,9407,0.018403,1.8403,2
36110,세종특별자치시,세종특별자치시,남성,80세 이상,3533,0.006912,0.6912,1
36110,세종특별자치시,세종특별자치시,여성,0-9세,19027,0.037222,3.7222,4
36110,세종특별자치시,세종특별자치시,여성,10대,26728,0.052288,5.2288,5
36110,세종특별자치시,세종특별자치시,여성,20대,17838,0.034896,3.4896,3
36110,세종특별자치시,세종특별자치시,여성,30대,29199,0.057121,5.7121,6
36110,세종특별자치시,세종특별자치시,여성,40대,38974,0.076244,7.6244,8
36110,세종특별자치시,세종특별자치시,여성,50대,28381,0.055521,5.5521,5
36110,세종특별자치시,세종특별자치시,여성,60대,19862,0.038856,3.8856,4
36110,세종특별자치시,세종특별자치시,여성,70대,10228,0.020009,2.0009,2
36110,세종특별자치시,세종특별자치시,여성,80세 이상,6621,0.012953,1.2953,1
41110,경기도,수원시,남성,0-9세,37400,0.073165,7.3165,7
41110,경기도,수원시,남성,10대,57160,0.111821,11.1821,11
41110,경기도,수원시,남성,20대,84116,0.164555,16.4555,16
41110,경기도,수원시,남성,30대,99710,0.195061,19.5061,20
41110,경기도,수원시,남성,40대,93813,0.183525,18.3525,18
41110,경기도,수원시,남성,50대,98964,0.193601,19.3601,19
41110,경기도,수원시,남성,60대,78212,0.153005,15.3005,15
41110,경기도,수원시,남성,70대,33183,0.064915,6.4915,6
41110,경기도,수원시,남성,80세 이상,13450,0.026312,2.6312,3
41110,경기도,수원시,여성,0-9세,35248,0.068955,6.8955,7
41110,경기도,수원시,여성,10대,53697,0.105046,10.5046,11
41110,경기도,수원시,여성,20대,77887,0.152369,15.2369,15
41110,경기도,수원시,여성,30대,88065,0.17228,17.228,17
41110,경기도,수원시,여성,40대,90930,0.177885,17.7885,18
41110,경기도,수원시,여성,50대,101292,0.198156,19.8156,20
41110,경기도,수원시,여성,60대,79365,0.15526,15.526,16
41110,경기도,수원시,여성,70대,39542,0.077355,7.7355,8
41110,경기도,수원시,여성,80세 이상,24481,0.047892,4.7892,5
41130,경기도,성남시,남성,0-9세,27645,0.054081,5.4081,6
41130,경기도,성남시,남성,10대,41417,0.081023,8.1023,8
41130,경기도,성남시,남성,20대,53651,0.104956,10.4956,10
41130,경기도,성남시,남성,30대,69424,0.135813,13.5813,14
41130,경기도,성남시,남성,40대,69938,0.136818,13.6818,14
41130,경기도,성남시,남성,50대,74882,0.14649,14.649,15
41130,경기도,성남시,남성,60대,63493,0.12421,12.421,12
41130,경기도,성남시,남성,70대,32741,0.064051,6.4051,6
41130,경기도,성남시,남성,80세 이상,14189,0.027758,2.7758,3
41130,경기도,성남시,여성,0-9세,26516,0.051873,5.1873,5
41130,경기도,성남시,여성,10대,39818,0.077895,7.7895,8
41130,경기도,성남시,여성,20대,51820,0.101375,10.1375,10
41130,경기도,성남시,여성,30대,65004,0.127166,12.7166,13
41130,경기도,성남시,여성,40대,70986,0.138869,13.8869,14
41130,경기도,성남시,여성,50대,75804,0.148294,14.8294,15
41130,경기도,성남시,여성,60대,66848,0.130774,13.0774,13
41130,경기도,성남시,여성,70대,38422,0.075164,7.5164,7
41130,경기도,성남시,여성,80세 이상,23196,0.045378,4.5378,4
41150,경기도,의정부시,남성,0-9세,13899,0.02719,2.719,3
41150,경기도,의정부시,남성,10대,20436,0.039979,3.9979,4
41150,경기도,의정부시,남성,20대,26942,0.052706,5.2706,5
41150,경기도,의정부시,남성,30대,31330,0.06129,6.129,6
41150,경기도,의정부시,남성,40대,34695,0.067873,6.7873,7
41150,경기도,의정부시,남성,50대,39873,0.078003,7.8003,8
41150,경기도,의정부시,남성,60대,34668,0.06782,6.782,7
41150,경기도,의정부시,남성,70대,16964,0.033186,3.3186,3
41150,경기도,의정부시,남성,80세 이상,7833,0.015324,1.5324,1
41150,경기도,의정부시,여성,0-9세,13026,0.025483,2.5483,3
41150,경기도,의정부시,여성,10대,19256,0.03767,3.767,4
41150,경기도,의정부시,여성,20대,26729,0.052289,5.2289,5
41150,경기도,의정부시,여성,30대,29488,0.057687,5.7687,6
41150,경기도,의정부시,여성,40대,33053,0.064661,6.4661,6
41150,경기도,의정부시,여성,50대,41886,0.081941,8.1941,8
41150,경기도,의정부시,여성,60대,36709,0.071813,7.1813,7
41150,경기도,의정부시,여성,70대,21140,0.041356,4.1356,4
41150,경기도,의정부시,여성,80세 이상,13645,0.026693,2.6693,3
41170,경기도,안양시,남성,0-9세,17905,0.035027,3.5027,4
41170,경기도,안양시,남성,10대,25220,0.049337,4.9337,5
41170,경기도,안양시,남성,20대,32985,0.064528,6.4528,6
41170,경기도,안양시,남성,30대,44736,0.087516,8.7516,9
41170,경기도,안양시,남성,40대,41865,0.0819,8.19,8
41170,경기도,안양시,남성,50대,45645,0.089294,8.9294,9
41170,경기도,안양시,남성,60대,41609,0.081399,8.1399,8
41170,경기도,안양시,남성,70대,20291,0.039695,3.9695,4
41170,경기도,안양시,남성,80세 이상,7440,0.014555,1.4555,1
41170,경기도,안양시,여성,0-9세,17259,0.033763,3.3763,3
41170,경기도,안양시,여성,10대,23958,0.046869,4.6869,5
41170,경기도,안양시,여성,20대,31122,0.060883,6.0883,6
41170,경기도,안양시,여성,30대,41956,0.082078,8.2078,8
41170,경기도,안양시,여성,40대,41290,0.080775,8.0775,8
41170,경기도,안양시,여성,50대,48729,0.095328,9.5328,10
41170,경기도,안양시,여성,60대,45141,0.088309,8.8309,9
41170,경기도,안양시,여성,70대,22449,0.043917,4.3917,4
41170,경기도,안양시,여성,80세 이상,13679,0.02676,2.676,3
41190,경기도,부천시,남성,0-9세,19835,0.038803,3.8803,4
41190,경기도,부천시,남성,10대,31747,0.062106,6.2106,6
41190,경기도,부천시,남성,20대,43268,0.084644,8.4644,8
41190,경기도,부천시,남성,30대,54252,0.106132,10.6132,11
41190,경기도,부천시,남성,40대,56565,0.110657,11.0657,11
41190,경기도,부천시,남성,50대,64653,0.126479,12.6479,13
41190,경기도,부천시,남성,60대,63746,0.124705,12.4705,12
41190,경기도,부천시,남성,70대,29622,0.057949,5.7949,6
41190,경기도,부천시,남성,80세 이상,10175,0.019905,1.9905,2
41190,경기도,부천시,여성,0-9세,18894,0.036962,3.6962,4
41190,경기도,부천시,여성,10대,30234,0.059146,5.9146,6
41190,경기도,부천시,여성,20대,42179,0.082514,8.2514,8
41190,경기도,부천시,여성,30대,49951,0.097718,9.7718,10
41190,경기도,부천시,여성,40대,54805,0.107214,10.7214,11
41190,경기도,부천시,여성,50대,68013,0.133053,13.3053,13
41190,경기도,부천시,여성,60대,68588,0.134177,13.4177,13
41190,경기도,부천시,여성,70대,33234,0.065015,6.5015,6
41190,경기도,부천시,여성,80세 이상,19035,0.037238,3.7238,4
41210,경기도,광명시,남성,0-9세,9242,0.01808,1.808,2
41210,경기도,광명시,남성,10대,14222,0.027822,2.7822,3
41210,경기도,광명시,남성,20대,16690,0.03265,3.265,3
41210,경기도,광명시,남성,30대,21650,0.042354,4.2354,4
41210,경기도,광명시,남성,40대,22582,0.044177,4.4177,5
41210,경기도,광명시,남성,50대,24723,0.048365,4.8365,5
41210,경기도,광명시,남성,60대,20530,0.040162,4.0162,4
41210,경기도,광명시,남성,70대,10560,0.020658,2.0658,2
41210,경기도,광명시,남성,80세 이상,3744,0.007324,0.7324,1
41210,경기도,광명시,여성,0-9세,8881,0.017374,1.7374,2
41210,경기도,광명시,여성,10대,13688,0.026778,2.6778,3
41210,경기도,광명시,여성,20대,16004,0.031308,3.1308,3
41210,경기도,광명시,여성,30대,20485,0.040074,4.0074,4
41210,경기도,광명시,여성,40대,23158,0.045304,4.5304,5
41210,경기도,광명시,여성,50대,25800,0.050472,5.0472,5
41210,경기도,광명시,여성,60대,22566,0.044145,4.4145,4
41210,경기도,광명시,여성,70대,12377,0.024213,2.4213,2
41210,경기도,광명시,여성,80세 이상,7045,0.013782,1.3782,1
41220,경기도,평택시,남성,0-9세,23611,0.04619,4.619,5
41220,경기도,평택시,남성,10대,29899,0.058491,5.8491,6
41220,경기도,평택시,남성,20대,40298,0.078834,7.8834,8
41220,경기도,평택시,남성,30대,56083,0.109714,10.9714,11
41220,경기도,평택시,남성,40대,54839,0.107281,10.7281,11
41220,경기도,평택시,남성,50대,53376,0.104419,10.4419,10
41220,경기도,평택시,남성,60대,38772,0.075849,7.5849,7
41220,경기도,평택시,남성,70대,16242,0.031774,3.1774,3
41220,경기도,평택시,남성,80세 이상,7088,0.013866,1.3866,1
41220,경기도,평택시,여성,0-9세,22935,0.044867,4.4867,5
41220,경기도,평택시,여성,10대,28757,0.056257,5.6257,6
41220,경기도,평택시,여성,20대,31995,0.062591,6.2591,6
41220,경기도,평택시,여성,30대,43329,0.084764,8.4764,9
41220,경기도,평택시,여성,40대,46030,0.090048,9.0048,9
41220,경기도,평택시,여성,50대,48028,0.093956,9.3956,9
41220,경기도,평택시,여성,60대,36598,0.071596,7.1596,7
41220,경기도,평택시,여성,70대,19307,0.03777,3.777,4
41220,경기도,평택시,여성,80세 이상,13215,0.025852,2.5852,2
41250,경기도,동두천시,남성,0-9세,1849,0.003617,0.3617,0
41250,경기도,동두천시,남성,10대,3754,0.007344,0.7344,1
41250,경기도,동두천시,남성,20대,4562,0.008925,0.8925,1
41250,경기도,동두천시,남성,30대,4551,0.008903,0.8903,1
41250,경기도,동두천시,남성,40대,5729,0.011208,1.1208,1
41250,경기도,동두천시,남성,50대,8254,0.016147,1.6147,1
41250,경기도,동두천시,남성,60대,7849,0.015355,1.5355,2
41250,경기도,동두천시,남성,70대,4261,0.008336,0.8336,1
41250,경기도,동두천시,남성,80세 이상,2257,0.004415,0.4415,1
41250,경기도,동두천시,여성,0-9세,1735,0.003394,0.3394,0
41250,경기도,동두천시,여성,10대,3649,0.007138,0.7138,1
41250,경기도,동두천시,여성,20대,3963,0.007753,0.7753,1
41250,경기도,동두천시,여성,30대,3799,0.007432,0.7432,1
41250,경기도,동두천시,여성,40대,5467,0.010695,1.0695,1
41250,경기도,동두천시,여성,50대,7511,0.014694,1.4694,1
41250,경기도,동두천시,여성,60대,7705,0.015073,1.5073,1
41250,경기도,동두천시,여성,70대,5343,0.010452,1.0452,1
41250,경기도,동두천시,여성,80세 이상,4200,0.008216,0.8216,1
41270,경기도,안산시,남성,0-9세,15118,0.029575,2.9575,3
41270,경기도,안산시,남성,10대,26858,0.052542,5.2542,5
41270,경기도,안산시,남성,20대,43808,0.085701,8.5701,9
41270,경기도,안산시,남성,30대,46045,0.090077,9.0077,9
41270,경기도,안산시,남성,40대,44544,0.087141,8.7141,9
41270,경기도,안산시,남성,50대,60318,0.117999,11.7999,12
41270,경기도,안산시,남성,60대,51947,0.101623,10.1623,10
41270,경기도,안산시,남성,70대,18254,0.03571,3.571,3
41270,경기도,안산시,남성,80세 이상,6917,0.013532,1.3532,1
41270,경기도,안산시,여성,0-9세,14522,0.028409,2.8409,3
41270,경기도,안산시,여성,10대,25507,0.049899,4.9899,5
41270,경기도,안산시,여성,20대,38624,0.075559,7.5559,8
41270,경기도,안산시,여성,30대,36971,0.072326,7.2326,7
41270,경기도,안산시,여성,40대,40615,0.079454,7.9454,8
41270,경기도,안산시,여성,50대,60167,0.117704,11.7704,12
41270,경기도,안산시,여성,60대,48086,0.09407,9.407,9
41270,경기도,안산시,여성,70대,20294,0.039701,3.9701,4
41270,경기도,안산시,여성,80세 이상,13913,0.027218,2.7218,3
41280,경기도,고양시,남성,0-9세,31511,0.061644,6.1644,6
41280,경기도,고양시,남성,10대,48854,0.095572,9.5572,9
41280,경기도,고양시,남성,20대,60174,0.117717,11.7717,12
41280,경기도,고양시,남성,30대,72413,0.14166,14.166,14
41280,경기도,고양시,남성,40대,77568,0.151745,15.1745,15
41280,경기도,고양시,남성,50대,93947,0.183787,18.3787,18
41280,경기도,고양시,남성,60대,79817,0.156145,15.6145,16
41280,경기도,고양시,남성,70대,34381,0.067259,6.7259,7
41280,경기도,고양시,남성,80세 이상,17173,0.033595,3.3595,3
41280,경기도,고양시,여성,0-9세,30092,0.058868,5.8868,6
41280,경기도,고양시,여성,10대,47018,0.09198,9.198,9
41280,경기도,고양시,여성,20대,59809,0.117003,11.7003,12
41280,경기도,고양시,여성,30대,71915,0.140686,14.0686,14
41280,경기도,고양시,여성,40대,80439,0.157361,15.7361,16
41280,경기도,고양시,여성,50대,100429,0.196467,19.6467,20
41280,경기도,고양시,여성,60대,81593,0.159619,15.9619,16
41280,경기도,고양시,여성,70대,40969,0.080147,8.0147,8
41280,경기도,고양시,여성,80세 이상,31979,0.06256,6.256,6
41290,경기도,과천시,남성,0-9세,4162,0.008142,0.8142,1
41290,경기도,과천시,남성,10대,4147,0.008113,0.8113,1
41290,경기도,과천시,남성,20대,4115,0.00805,0.805,1
41290,경기도,과천시,남성,30대,5830,0.011405,1.1405,1
41290,경기도,과천시,남성,40대,6364,0.01245,1.245,1
41290,경기도,과천시,남성,50대,5667,0.011086,1.1086,1
41290,경기도,과천시,남성,60대,5170,0.010114,1.0114,1
41290,경기도,과천시,남성,70대,2346,0.004589,0.4589,1
41290,경기도,과천시,남성,80세 이상,1105,0.002162,0.2162,0
41290,경기도,과천시,여성,0-9세,4003,0.007831,0.7831,1
41290,경기도,과천시,여성,10대,4021,0.007866,0.7866,1
41290,경기도,과천시,여성,20대,4002,0.007829,0.7829,1
41290,경기도,과천시,여성,30대,6328,0.012379,1.2379,1
41290,경기도,과천시,여성,40대,6520,0.012755,1.2755,1
41290,경기도,과천시,여성,50대,6237,0.012201,1.2201,1
41290,경기도,과천시,여성,60대,5438,0.010638,1.0638,1
41290,경기도,과천시,여성,70대,2614,0.005114,0.5114,1
41290,경기도,과천시,여성,80세 이상,1839,0.003598,0.3598,0
41310,경기도,구리시,남성,0-9세,5182,0.010137,1.0137,1
41310,경기도,구리시,남성,10대,8412,0.016456,1.6456,2
41310,경기도,구리시,남성,20대,10768,0.021065,2.1065,2
41310,경기도,구리시,남성,30대,13042,0.025514,2.5514,2
41310,경기도,구리시,남성,40대,14210,0.027799,2.7799,3
41310,경기도,구리시,남성,50대,16214,0.031719,3.1719,3
41310,경기도,구리시,남성,60대,14820,0.028992,2.8992,3
41310,경기도,구리시,남성,70대,6723,0.013152,1.3152,1
41310,경기도,구리시,남성,80세 이상,2791,0.00546,0.546,1
41310,경기도,구리시,여성,0-9세,4928,0.009641,0.9641,1
41310,경기도,구리시,여성,10대,7885,0.015425,1.5425,2
41310,경기도,구리시,여성,20대,10555,0.020649,2.0649,2
41310,경기도,구리시,여성,30대,12117,0.023704,2.3704,2
41310,경기도,구리시,여성,40대,13877,0.027147,2.7147,3
41310,경기도,구리시,여성,50대,17230,0.033707,3.3707,3
41310,경기도,구리시,여성,60대,15015,0.029374,2.9374,3
41310,경기도,구리시,여성,70대,7792,0.015243,1.5243,1
41310,경기도,구리시,여성,80세 이상,4529,0.00886,0.886,1
41360,경기도,남양주시,남성,0-9세,23827,0.046612,4.6612,5
41360,경기도,남양주시,남성,10대,40336,0.078909,7.8909,8
41360,경기도,남양주시,남성,20대,39584,0.077437,7.7437,8
41360,경기도,남양주시,남성,30대,42530,0.083201,8.3201,8
41360,경기도,남양주시,남성,40대,59140,0.115695,11.5695,12
41360,경기도,남양주시,남성,50대,65601,0.128334,12.8334,13
41360,경기도,남양주시,남성,60대,51501,0.10075,10.075,10
41360,경기도,남양주시,남성,70대,26637,0.052109,5.2109,5
41360,경기도,남양주시,남성,80세 이상,11566,0.022626,2.2626,2
41360,경기도,남양주시,여성,0-9세,22541,0.044097,4.4097,4
41360,경기도,남양주시,여성,10대,38464,0.075246,7.5246,8
41360,경기도,남양주시,여성,20대,37246,0.072864,7.2864,7
41360,경기도,남양주시,여성,30대,41855,0.08188,8.188,8
41360,경기도,남양주시,여성,40대,60912,0.119161,11.9161,12
41360,경기도,남양주시,여성,50대,64665,0.126503,12.6503,13
41360,경기도,남양주시,여성,60대,52544,0.102791,10.2791,10
41360,경기도,남양주시,여성,70대,31557,0.061734,6.1734,6
41360,경기도,남양주시,여성,80세 이상,19248,0.037655,3.7655,4
41370,경기도,오산시,남성,0-9세,9210,0.018017,1.8017,2
41370,경기도,오산시,남성,10대,13843,0.027081,2.7081,3
41370,경기도,오산시,남성,20대,15634,0.030585,3.0585,3
41370,경기도,오산시,남성,30대,22487,0.043991,4.3991,4
41370,경기도,오산시,남성,40대,25117,0.049136,4.9136,5
41370,경기도,오산시,남성,50대,21384,0.041833,4.1833,4
41370,경기도,오산시,남성,60대,14138,0.027658,2.7658,3
41370,경기도,오산시,남성,70대,6009,0.011755,1.1755,1
41370,경기도,오산시,남성,80세 이상,2338,0.004574,0.4574,0
41370,경기도,오산시,여성,0-9세,8777,0.01717,1.717,2
41370,경기도,오산시,여성,10대,13168,0.02576,2.576,3
41370,경기도,오산시,여성,20대,13079,0.025586,2.5586,3
41370,경기도,오산시,여성,30대,17798,0.034818,3.4818,3
41370,경기도,오산시,여성,40대,21432,0.041927,4.1927,4
41370,경기도,오산시,여성,50대,19543,0.038232,3.8232,4
41370,경기도,오산시,여성,60대,14085,0.027554,2.7554,3
41370,경기도,오산시,여성,70대,7041,0.013774,1.3774,1
41370,경기도,오산시,여성,80세 이상,4327,0.008465,0.8465,1
41390,경기도,시흥시,남성,0-9세,19388,0.037928,3.7928,4
41390,경기도,시흥시,남성,10대,26602,0.052041,5.2041,5
41390,경기도,시흥시,남성,20대,31298,0.061228,6.1228,6
41390,경기도,시흥시,남성,30대,39947,0.078148,7.8148,8
41390,경기도,시흥시,남성,40대,47880,0.093667,9.3667,9
41390,경기도,시흥시,남성,50대,48258,0.094406,9.4406,9
41390,경기도,시흥시,남성,60대,37137,0.07265,7.265,7
41390,경기도,시흥시,남성,70대,13043,0.025516,2.5516,3
41390,경기도,시흥시,남성,80세 이상,4618,0.009034,0.9034,1
41390,경기도,시흥시,여성,0-9세,18749,0.036678,3.6678,4
41390,경기도,시흥시,여성,10대,25539,0.049961,4.9961,5
41390,경기도,시흥시,여성,20대,26360,0.051568,5.1568,5
41390,경기도,시흥시,여성,30대,34327,0.067153,6.7153,7
41390,경기도,시흥시,여성,40대,41376,0.080943,8.0943,8
41390,경기도,시흥시,여성,50대,44182,0.086432,8.6432,9
41390,경기도,시흥시,여성,60대,32836,0.064236,6.4236,6
41390,경기도,시흥시,여성,70대,14149,0.027679,2.7679,3
41390,경기도,시흥시,여성,80세 이상,9343,0.018278,1.8278,2
41410,경기도,군포시,남성,0-9세,6317,0.012358,1.2358,1
41410,경기도,군포시,남성,10대,11546,0.022587,2.2587,2
41410,경기도,군포시,남성,20대,15663,0.030641,3.0641,3
41410,경기도,군포시,남성,30대,18273,0.035747,3.5747,4
41410,경기도,군포시,남성,40대,17841,0.034902,3.4902,4
41410,경기도,군포시,남성,50대,21909,0.04286,4.286,4
41410,경기도,군포시,남성,60대,20004,0.039133,3.9133,4
41410,경기도,군포시,남성,70대,9097,0.017796,1.7796,2
41410,경기도,군포시,남성,80세 이상,3911,0.007651,0.7651,1
41410,경기도,군포시,여성,0-9세,6032,0.0118,1.18,1
41410,경기도,군포시,여성,10대,10763,0.021055,2.1055,2
41410,경기도,군포시,여성,20대,14251,0.027879,2.7879,3
41410,경기도,군포시,여성,30대,15991,0.031283,3.1283,3
41410,경기도,군포시,여성,40대,17654,0.034536,3.4536,3
41410,경기도,군포시,여성,50대,23252,0.045487,4.5487,5
41410,경기도,군포시,여성,60대,21450,0.041962,4.1962,4
41410,경기도,군포시,여성,70대,10247,0.020046,2.0046,2
41410,경기도,군포시,여성,80세 이상,7166,0.014019,1.4019,1
41430,경기도,의왕시,남성,0-9세,5718,0.011186,1.1186,1
41430,경기도,의왕시,남성,10대,6795,0.013293,1.3293,1
41430,경기도,의왕시,남성,20대,9155,0.01791,1.791,2
41430,경기도,의왕시,남성,30대,12450,0.024356,2.4356,3
41430,경기도,의왕시,남성,40대,11393,0.022288,2.2288,2
41430,경기도,의왕시,남성,50대,12722,0.024888,2.4888,2
41430,경기도,의왕시,남성,60대,12742,0.024927,2.4927,2
41430,경기도,의왕시,남성,70대,5979,0.011697,1.1697,1
41430,경기도,의왕시,남성,80세 이상,2243,0.004388,0.4388,1
41430,경기도,의왕시,여성,0-9세,5364,0.010493,1.0493,1
41430,경기도,의왕시,여성,10대,6484,0.012685,1.2685,1
41430,경기도,의왕시,여성,20대,8508,0.016644,1.6644,2
41430,경기도,의왕시,여성,30대,11873,0.023227,2.3227,2
41430,경기도,의왕시,여성,40대,10952,0.021425,2.1425,2
41430,경기도,의왕시,여성,50대,14116,0.027615,2.7615,3
41430,경기도,의왕시,여성,60대,13628,0.02666,2.666,3
41430,경기도,의왕시,여성,70대,6311,0.012346,1.2346,1
41430,경기도,의왕시,여성,80세 이상,3937,0.007702,0.7702,1
41450,경기도,하남시,남성,0-9세,13684,0.02677,2.677,3
41450,경기도,하남시,남성,10대,16867,0.032997,3.2997,3
41450,경기도,하남시,남성,20대,16412,0.032106,3.2106,3
41450,경기도,하남시,남성,30대,24282,0.047502,4.7502,5
41450,경기도,하남시,남성,40대,30379,0.05943,5.943,6
41450,경기도,하남시,남성,50대,25167,0.049234,4.9234,5
41450,경기도,하남시,남성,60대,20582,0.040264,4.0264,4
41450,경기도,하남시,남성,70대,11572,0.022638,2.2638,2
41450,경기도,하남시,남성,80세 이상,3804,0.007442,0.7442,1
41450,경기도,하남시,여성,0-9세,12758,0.024958,2.4958,3
41450,경기도,하남시,여성,10대,16783,0.032832,3.2832,3
41450,경기도,하남시,여성,20대,16699,0.032668,3.2668,3
41450,경기도,하남시,여성,30대,24839,0.048592,4.8592,5
41450,경기도,하남시,여성,40대,29510,0.05773,5.773,6
41450,경기도,하남시,여성,50대,24400,0.047733,4.7733,5
41450,경기도,하남시,여성,60대,21942,0.042925,4.2925,4
41450,경기도,하남시,여성,70대,12348,0.024156,2.4156,2
41450,경기도,하남시,여성,80세 이상,5911,0.011564,1.1564,1
41460,경기도,용인시,남성,0-9세,36951,0.072287,7.2287,7
41460,경기도,용인시,남성,10대,61681,0.120665,12.0665,12
41460,경기도,용인시,남성,20대,66566,0.130222,13.0222,13
41460,경기도,용인시,남성,30대,70367,0.137658,13.7658,14
41460,경기도,용인시,남성,40대,88927,0.173966,17.3966,17
41460,경기도,용인시,남성,50대,95569,0.18696,18.696,19
41460,경기도,용인시,남성,60대,66181,0.129469,12.9469,13
41460,경기도,용인시,남성,70대,35154,0.068771,6.8771,7
41460,경기도,용인시,남성,80세 이상,18946,0.037064,3.7064,4
41460,경기도,용인시,여성,0-9세,35610,0.069663,6.9663,7
41460,경기도,용인시,여성,10대,59286,0.11598,11.598,12
41460,경기도,용인시,여성,20대,60777,0.118897,11.8897,12
41460,경기도,용인시,여성,30대,67550,0.132147,13.2147,13
41460,경기도,용인시,여성,40대,92332,0.180627,18.0627,18
41460,경기도,용인시,여성,50대,96453,0.188689,18.8689,19
41460,경기도,용인시,여성,60대,67611,0.132266,13.2266,13
41460,경기도,용인시,여성,70대,43837,0.085758,8.5758,9
41460,경기도,용인시,여성,80세 이상,27388,0.053579,5.3579,5
41480,경기도,파주시,남성,0-9세,19650,0.038441,3.8441,4
41480,경기도,파주시,남성,10대,28086,0.054944,5.4944,5
41480,경기도,파주시,남성,20대,29183,0.05709,5.709,6
41480,경기도,파주시,남성,30대,37768,0.073885,7.3885,7
41480,경기도,파주시,남성,40대,45358,0.088733,8.8733,9
41480,경기도,파주시,남성,50대,45541,0.089091,8.9091,9
41480,경기도,파주시,남성,60대,34893,0.068261,6.8261,7
41480,경기도,파주시,남성,70대,16453,0.032187,3.2187,3
41480,경기도,파주시,남성,80세 이상,8082,0.015811,1.5811,2
41480,경기도,파주시,여성,0-9세,18734,0.036649,3.6649,4
41480,경기도,파주시,여성,10대,27267,0.053342,5.3342,5
41480,경기도,파주시,여성,20대,25474,0.049834,4.9834,5
41480,경기도,파주시,여성,30대,35703,0.069845,6.9845,7
41480,경기도,파주시,여성,40대,42138,0.082434,8.2434,8
41480,경기도,파주시,여성,50대,43111,0.084337,8.4337,8
41480,경기도,파주시,여성,60대,34455,0.067404,6.7404,7
41480,경기도,파주시,여성,70대,19522,0.038191,3.8191,4
41480,경기도,파주시,여성,80세 이상,14587,0.028536,2.8536,3
41500,경기도,이천시,남성,0-9세,7052,0.013796,1.3796,1
41500,경기도,이천시,남성,10대,11067,0.02165,2.165,2
41500,경기도,이천시,남성,20대,15174,0.029685,2.9685,3
41500,경기도,이천시,남성,30대,17610,0.03445,3.445,4
41500,경기도,이천시,남성,40대,17659,0.034546,3.4546,3
41500,경기도,이천시,남성,50대,19122,0.037408,3.7408,4
41500,경기도,이천시,남성,60대,17266,0.033777,3.3777,3
41500,경기도,이천시,남성,70대,8073,0.015793,1.5793,2
41500,경기도,이천시,남성,80세 이상,3429,0.006708,0.6708,1
41500,경기도,이천시,여성,0-9세,6532,0.012778,1.2778,1
41500,경기도,이천시,여성,10대,10450,0.020443,2.0443,2
41500,경기도,이천시,여성,20대,11424,0.022349,2.2349,2
41500,경기도,이천시,여성,30대,13580,0.026566,2.6566,3
41500,경기도,이천시,여성,40대,15935,0.031173,3.1173,3
41500,경기도,이천시,여성,50대,17676,0.034579,3.4579,4
41500,경기도,이천시,여성,60대,16307,0.031901,3.1901,3
41500,경기도,이천시,여성,70대,8637,0.016896,1.6896,2
41500,경기도,이천시,여성,80세 이상,5974,0.011687,1.1687,1
41550,경기도,안성시,남성,0-9세,5427,0.010617,1.0617,1
41550,경기도,안성시,남성,10대,9004,0.017614,1.7614,2
41550,경기도,안성시,남성,20대,11888,0.023256,2.3256,2
41550,경기도,안성시,남성,30대,13194,0.025811,2.5811,2
41550,경기도,안성시,남성,40대,15693,0.0307,3.07,3
41550,경기도,안성시,남성,50대,17867,0.034953,3.4953,3
41550,경기도,안성시,남성,60대,16338,0.031962,3.1962,3
41550,경기도,안성시,남성,70대,8539,0.016705,1.6705,2
41550,경기도,안성시,남성,80세 이상,3638,0.007117,0.7117,1
41550,경기도,안성시,여성,0-9세,5020,0.009821,0.9821,1
41550,경기도,안성시,여성,10대,8527,0.016681,1.6681,2
41550,경기도,안성시,여성,20대,9926,0.019418,1.9418,2
41550,경기도,안성시,여성,30대,10376,0.020298,2.0298,2
41550,경기도,안성시,여성,40대,13365,0.026146,2.6146,3
41550,경기도,안성시,여성,50대,16100,0.031496,3.1496,3
41550,경기도,안성시,여성,60대,15704,0.030721,3.0721,3
41550,경기도,안성시,여성,70대,9153,0.017906,1.7906,2
41550,경기도,안성시,여성,80세 이상,6833,0.013367,1.3367,1
41570,경기도,김포시,남성,0-9세,19474,0.038097,3.8097,4
41570,경기도,김포시,남성,10대,28479,0.055713,5.5713,6
41570,경기도,김포시,남성,20대,23687,0.046338,4.6338,5
41570,경기도,김포시,남성,30대,31187,0.061011,6.1011,6
41570,경기도,김포시,남성,40대,46193,0.090367,9.0367,9
41570,경기도,김포시,남성,50대,39381,0.07704,7.704,8
41570,경기도,김포시,남성,60대,30539,0.059743,5.9743,6
41570,경기도,김포시,남성,70대,16277,0.031842,3.1842,3
41570,경기도,김포시,남성,80세 이상,6693,0.013093,1.3093,1
41570,경기도,김포시,여성,0-9세,18338,0.035874,3.5874,4
41570,경기도,김포시,여성,10대,27602,0.053997,5.3997,5
41570,경기도,김포시,여성,20대,22650,0.04431,4.431,4
41570,경기도,김포시,여성,30대,31384,0.061396,6.1396,6
41570,경기도,김포시,여성,40대,45340,0.088698,8.8698,9
41570,경기도,김포시,여성,50대,37015,0.072412,7.2412,7
41570,경기도,김포시,여성,60대,31229,0.061093,6.1093,6
41570,경기도,김포시,여성,70대,18622,0.03643,3.643,4
41570,경기도,김포시,여성,80세 이상,10702,0.020936,2.0936,2
41590,경기도,화성시,남성,0-9세,45742,0.089484,8.9484,9
41590,경기도,화성시,남성,10대,59684,0.116759,11.6759,12
41590,경기도,화성시,남성,20대,58331,0.114112,11.4112,11
41590,경기도,화성시,남성,30대,87455,0.171087,17.1087,17
41590,경기도,화성시,남성,40대,97745,0.191217,19.1217,19
41590,경기도,화성시,남성,50대,80168,0.156831,15.6831,16
41590,경기도,화성시,남성,60대,53434,0.104532,10.4532,10
41590,경기도,화성시,남성,70대,22299,0.043623,4.3623,4
41590,경기도,화성시,남성,80세 이상,8240,0.01612,1.612,2
41590,경기도,화성시,여성,0-9세,43497,0.085092,8.5092,9
41590,경기도,화성시,여성,10대,57825,0.113122,11.3122,11
41590,경기도,화성시,여성,20대,50721,0.099225,9.9225,10
41590,경기도,화성시,여성,30대,76887,0.150413,15.0413,15
41590,경기도,화성시,여성,40대,88875,0.173865,17.3865,17
41590,경기도,화성시,여성,50대,70819,0.138542,13.8542,14
41590,경기도,화성시,여성,60대,49358,0.096558,9.6558,10
41590,경기도,화성시,여성,70대,24075,0.047097,4.7097,5
41590,경기도,화성시,여성,80세 이상,14814,0.02898,2.898,3
41610,경기도,광주시,남성,0-9세,13598,0.026602,2.6602,3
41610,경기도,광주시,남성,10대,18552,0.036293,3.6293,4
41610,경기도,광주시,남성,20대,20329,0.039769,3.9769,4
41610,경기도,광주시,남성,30대,27118,0.05305,5.305,5
41610,경기도,광주시,남성,40대,35360,0.069174,6.9174,7
41610,경기도,광주시,남성,50대,35940,0.070309,7.0309,7
41610,경기도,광주시,남성,60대,30767,0.060189,6.0189,6
41610,경기도,광주시,남성,70대,15132,0.029602,2.9602,3
41610,경기도,광주시,남성,80세 이상,5546,0.01085,1.085,1
41610,경기도,광주시,여성,0-9세,13040,0.02551,2.551,3
41610,경기도,광주시,여성,10대,17745,0.034714,3.4714,3
41610,경기도,광주시,여성,20대,18061,0.035332,3.5332,3
41610,경기도,광주시,여성,30대,24603,0.04813,4.813,5
41610,경기도,광주시,여성,40대,31928,0.06246,6.246,6
41610,경기도,광주시,여성,50대,33981,0.066476,6.6476,7
41610,경기도,광주시,여성,60대,30853,0.060357,6.0357,6
41610,경기도,광주시,여성,70대,16142,0.031578,3.1578,3
41610,경기도,광주시,여성,80세 이상,8651,0.016924,1.6924,2
41630,경기도,양주시,남성,0-9세,11528,0.022552,2.2552,2
41630,경기도,양주시,남성,10대,14574,0.028511,2.8511,3
41630,경기도,양주시,남성,20대,16344,0.031973,3.1973,3
41630,경기도,양주시,남성,30대,20748,0.040589,4.0589,4
41630,경기도,양주시,남성,40대,23970,0.046892,4.6892,5
41630,경기도,양주시,남성,50대,25497,0.049879,4.9879,5
41630,경기도,양주시,남성,60대,20997,0.041076,4.1076,4
41630,경기도,양주시,남성,70대,10560,0.020658,2.0658,2
41630,경기도,양주시,남성,80세 이상,4713,0.00922,0.922,1
41630,경기도,양주시,여성,0-9세,11107,0.021728,2.1728,2
41630,경기도,양주시,여성,10대,14362,0.028096,2.8096,3
41630,경기도,양주시,여성,20대,14629,0.028618,2.8618,3
41630,경기도,양주시,여성,30대,19568,0.038281,3.8281,4
41630,경기도,양주시,여성,40대,22679,0.044367,4.4367,4
41630,경기도,양주시,여성,50대,24550,0.048027,4.8027,5
41630,경기도,양주시,여성,60대,20529,0.040161,4.0161,4
41630,경기도,양주시,여성,70대,11993,0.023462,2.3462,2
41630,경기도,양주시,여성,80세 이상,7876,0.015408,1.5408,2
41650,경기도,포천시,남성,0-9세,2954,0.005779,0.5779,1
41650,경기도,포천시,남성,10대,5120,0.010016,1.0016,1
41650,경기도,포천시,남성,20대,7996,0.015642,1.5642,2
41650,경기도,포천시,남성,30대,7908,0.01547,1.547,2
41650,경기도,포천시,남성,40대,8501,0.01663,1.663,2
41650,경기도,포천시,남성,50대,14135,0.027652,2.7652,3
41650,경기도,포천시,남성,60대,16738,0.032744,3.2744,3
41650,경기도,포천시,남성,70대,7666,0.014997,1.4997,1
41650,경기도,포천시,남성,80세 이상,3272,0.006401,0.6401,1
41650,경기도,포천시,여성,0-9세,2680,0.005243,0.5243,1
41650,경기도,포천시,여성,10대,4696,0.009187,0.9187,1
41650,경기도,포천시,여성,20대,6067,0.011869,1.1869,1
41650,경기도,포천시,여성,30대,5905,0.011552,1.1552,1
41650,경기도,포천시,여성,40대,7140,0.013968,1.3968,1
41650,경기도,포천시,여성,50대,11977,0.02343,2.343,2
41650,경기도,포천시,여성,60대,14006,0.0274,2.74,3
41650,경기도,포천시,여성,70대,7537,0.014744,1.4744,1
41650,경기도,포천시,여성,80세 이상,6154,0.012039,1.2039,1
41670,경기도,여주시,남성,0-9세,2683,0.005249,0.5249,1
41670,경기도,여주시,남성,10대,4706,0.009206,0.9206,1
41670,경기도,여주시,남성,20대,5394,0.010552,1.0552,1
41670,경기도,여주시,남성,30대,6214,0.012156,1.2156,1
41670,경기도,여주시,남성,40대,7504,0.01468,1.468,1
41670,경기도,여주시,남성,50대,10332,0.020212,2.0212,2
41670,경기도,여주시,남성,60대,11691,0.022871,2.2871,2
41670,경기도,여주시,남성,70대,6728,0.013162,1.3162,1
41670,경기도,여주시,남성,80세 이상,2850,0.005575,0.5575,1
41670,경기도,여주시,여성,0-9세,2599,0.005084,0.5084,1
41670,경기도,여주시,여성,10대,4256,0.008326,0.8326,1
41670,경기도,여주시,여성,20대,4515,0.008833,0.8833,1
41670,경기도,여주시,여성,30대,5166,0.010106,1.0106,1
41670,경기도,여주시,여성,40대,7102,0.013894,1.3894,1
41670,경기도,여주시,여성,50대,9649,0.018876,1.8876,2
41670,경기도,여주시,여성,60대,11053,0.021623,2.1623,2
41670,경기도,여주시,여성,70대,6741,0.013187,1.3187,1
41670,경기도,여주시,여성,80세 이상,4819,0.009427,0.9427,1
41800,경기도,연천군,남성,0-9세,948,0.001855,0.1855,0
41800,경기도,연천군,남성,10대,1421,0.00278,0.278,0
41800,경기도,연천군,남성,20대,2646,0.005176,0.5176,1
41800,경기도,연천군,남성,30대,2443,0.004779,0.4779,1
41800,경기도,연천군,남성,40대,2268,0.004437,0.4437,0
41800,경기도,연천군,남성,50대,3490,0.006827,0.6827,1
41800,경기도,연천군,남성,60대,4713,0.00922,0.922,1
41800,경기도,연천군,남성,70대,2809,0.005495,0.5495,1
41800,경기도,연천군,남성,80세 이상,1400,0.002739,0.2739,0
41800,경기도,연천군,여성,0-9세,923,0.001806,0.1806,0
41800,경기도,연천군,여성,10대,1314,0.002571,0.2571,0
41800,경기도,연천군,여성,20대,1632,0.003193,0.3193,0
41800,경기도,연천군,여성,30대,1692,0.00331,0.331,0
41800,경기도,연천군,여성,40대,1915,0.003746,0.3746,0
41800,경기도,연천군,여성,50대,2984,0.005838,0.5838,1
41800,경기도,연천군,여성,60대,4356,0.008522,0.8522,1
41800,경기도,연천군,여성,70대,2905,0.005683,0.5683,1
41800,경기도,연천군,여성,80세 이상,2481,0.004854,0.4854,0
41820,경기도,가평군,남성,0-9세,1292,0.002528,0.2528,0
41820,경기도,가평군,남성,10대,2060,0.00403,0.403,0
41820,경기도,가평군,남성,20대,3006,0.005881,0.5881,1
41820,경기도,가평군,남성,30대,2973,0.005816,0.5816,1
41820,경기도,가평군,남성,40대,3590,0.007023,0.7023,1
41820,경기도,가평군,남성,50대,5579,0.010914,1.0914,1
41820,경기도,가평군,남성,60대,7209,0.014103,1.4103,1
41820,경기도,가평군,남성,70대,4292,0.008396,0.8396,1
41820,경기도,가평군,남성,80세 이상,1958,0.00383,0.383,0
41820,경기도,가평군,여성,0-9세,1193,0.002334,0.2334,0
41820,경기도,가평군,여성,10대,2014,0.00394,0.394,0
41820,경기도,가평군,여성,20대,2261,0.004423,0.4423,0
41820,경기도,가평군,여성,30대,2417,0.004728,0.4728,1
41820,경기도,가평군,여성,40대,3199,0.006258,0.6258,1
41820,경기도,가평군,여성,50대,4908,0.009601,0.9601,1
41820,경기도,가평군,여성,60대,6672,0.013052,1.3052,1
41820,경기도,가평군,여성,70대,4365,0.008539,0.8539,1
41820,경기도,가평군,여성,80세 이상,3137,0.006137,0.6137,1
41830,경기도,양평군,남성,0-9세,2895,0.005663,0.5663,1
41830,경기도,양평군,남성,10대,5135,0.010046,1.0046,1
41830,경기도,양평군,남성,20대,5003,0.009787,0.9787,1
41830,경기도,양평군,남성,30대,5507,0.010773,1.0773,1
41830,경기도,양평군,남성,40대,7595,0.014858,1.4858,1
41830,경기도,양평군,남성,50대,10863,0.021251,2.1251,2
41830,경기도,양평군,남성,60대,14132,0.027646,2.7646,3
41830,경기도,양평군,남성,70대,8773,0.017162,1.7162,1
41830,경기도,양평군,남성,80세 이상,3842,0.007516,0.7516,1
41830,경기도,양평군,여성,0-9세,2735,0.00535,0.535,1
41830,경기도,양평군,여성,10대,4784,0.009359,0.9359,1
41830,경기도,양평군,여성,20대,3965,0.007757,0.7757,1
41830,경기도,양평군,여성,30대,4998,0.009777,0.9777,1
41830,경기도,양평군,여성,40대,7688,0.01504,1.504,1
41830,경기도,양평군,여성,50대,10421,0.020386,2.0386,2
41830,경기도,양평군,여성,60대,13842,0.027079,2.7079,3
41830,경기도,양평군,여성,70대,8885,0.017382,1.7382,2
41830,경기도,양평군,여성,80세 이상,5870,0.011483,1.1483,1
43110,충청북도,청주시,남성,0-9세,29790,0.058278,5.8278,6
43110,충청북도,청주시,남성,10대,43306,0.084719,8.4719,8
43110,충청북도,청주시,남성,20대,55517,0.108607,10.8607,11
43110,충청북도,청주시,남성,30대,67205,0.131472,13.1472,13
43110,충청북도,청주시,남성,40대,67183,0.131429,13.1429,13
43110,충청북도,청주시,남성,50대,70958,0.138814,13.8814,14
43110,충청북도,청주시,남성,60대,59582,0.116559,11.6559,12
43110,충청북도,청주시,남성,70대,28153,0.055075,5.5075,6
43110,충청북도,청주시,남성,80세 이상,11557,0.022609,2.2609,2
43110,충청북도,청주시,여성,0-9세,28465,0.055686,5.5686,6
43110,충청북도,청주시,여성,10대,41077,0.080358,8.0358,8
43110,충청북도,청주시,여성,20대,46960,0.091867,9.1867,9
43110,충청북도,청주시,여성,30대,55667,0.1089,10.89,11
43110,충청북도,청주시,여성,40대,63242,0.123719,12.3719,12
43110,충청북도,청주시,여성,50대,71224,0.139334,13.9334,14
43110,충청북도,청주시,여성,60대,61322,0.119963,11.9963,12
43110,충청북도,청주시,여성,70대,32602,0.063779,6.3779,6
43110,충청북도,청주시,여성,80세 이상,22342,0.043707,4.3707,4
43130,충청북도,충주시,남성,0-9세,5623,0.011,1.1,1
43130,충청북도,충주시,남성,10대,8905,0.017421,1.7421,2
43130,충청북도,충주시,남성,20대,11395,0.022292,2.2292,2
43130,충청북도,충주시,남성,30대,12792,0.025025,2.5025,2
43130,충청북도,충주시,남성,40대,14132,0.027646,2.7646,3
43130,충청북도,충주시,남성,50대,18292,0.035784,3.5784,3
43130,충청북도,충주시,남성,60대,19199,0.037559,3.7559,4
43130,충청북도,충주시,남성,70대,9726,0.019027,1.9027,2
43130,충청북도,충주시,남성,80세 이상,4669,0.009134,0.9134,1
43130,충청북도,충주시,여성,0-9세,5239,0.010249,1.0249,1
43130,충청북도,충주시,여성,10대,8434,0.016499,1.6499,2
43130,충청북도,충주시,여성,20대,8659,0.016939,1.6939,2
43130,충청북도,충주시,여성,30대,9804,0.019179,1.9179,2
43130,충청북도,충주시,여성,40대,13224,0.02587,2.587,2
43130,충청북도,충주시,여성,50대,17704,0.034634,3.4634,3
43130,충청북도,충주시,여성,60대,18696,0.036575,3.6575,4
43130,충청북도,충주시,여성,70대,11146,0.021805,2.1805,2
43130,충청북도,충주시,여성,80세 이상,8901,0.017413,1.7413,2
43150,충청북도,제천시,남성,0-9세,3231,0.006321,0.6321,1
43150,충청북도,제천시,남성,10대,5472,0.010705,1.0705,1
43150,충청북도,제천시,남성,20대,7099,0.013888,1.3888,1
43150,충청북도,제천시,남성,30대,6278,0.012282,1.2282,1
43150,충청북도,제천시,남성,40대,7890,0.015435,1.5435,2
43150,충청북도,제천시,남성,50대,11501,0.022499,2.2499,2
43150,충청북도,제천시,남성,60대,12710,0.024864,2.4864,3
43150,충청북도,제천시,남성,70대,7223,0.01413,1.413,1
43150,충청북도,제천시,남성,80세 이상,3162,0.006186,0.6186,1
43150,충청북도,제천시,여성,0-9세,2859,0.005593,0.5593,1
43150,충청북도,제천시,여성,10대,5272,0.010314,1.0314,1
43150,충청북도,제천시,여성,20대,5684,0.01112,1.112,1
43150,충청북도,제천시,여성,30대,5039,0.009858,0.9858,1
43150,충청북도,제천시,여성,40대,7326,0.014332,1.4332,1
43150,충청북도,제천시,여성,50대,10903,0.021329,2.1329,2
43150,충청북도,제천시,여성,60대,12661,0.024768,2.4768,2
43150,충청북도,제천시,여성,70대,7875,0.015406,1.5406,2
43150,충청북도,제천시,여성,80세 이상,5818,0.011382,1.1382,1
43720,충청북도,보은군,남성,0-9세,514,0.001006,0.1006,0
43720,충청북도,보은군,남성,10대,933,0.001825,0.1825,0
43720,충청북도,보은군,남성,20대,1055,0.002064,0.2064,0
43720,충청북도,보은군,남성,30대,1004,0.001964,0.1964,0
43720,충청북도,보은군,남성,40대,1469,0.002874,0.2874,0
43720,충청북도,보은군,남성,50대,2684,0.005251,0.5251,1
43720,충청북도,보은군,남성,60대,4170,0.008158,0.8158,1
43720,충청북도,보은군,남성,70대,2488,0.004867,0.4867,1
43720,충청북도,보은군,남성,80세 이상,1240,0.002426,0.2426,0
43720,충청북도,보은군,여성,0-9세,461,0.000902,0.0902,0
43720,충청북도,보은군,여성,10대,831,0.001626,0.1626,0
43720,충청북도,보은군,여성,20대,724,0.001416,0.1416,0
43720,충청북도,보은군,여성,30대,790,0.001545,0.1545,0
43720,충청북도,보은군,여성,40대,1204,0.002355,0.2355,0
43720,충청북도,보은군,여성,50대,2182,0.004269,0.4269,0
43720,충청북도,보은군,여성,60대,3612,0.007066,0.7066,1
43720,충청북도,보은군,여성,70대,2573,0.005034,0.5034,1
43720,충청북도,보은군,여성,80세 이상,2595,0.005077,0.5077,1
43730,충청북도,옥천군,남성,0-9세,891,0.001743,0.1743,0
43730,충청북도,옥천군,남성,10대,1848,0.003615,0.3615,0
43730,충청북도,옥천군,남성,20대,2049,0.004008,0.4008,1
43730,충청북도,옥천군,남성,30대,1806,0.003533,0.3533,0
43730,충청북도,옥천군,남성,40대,2719,0.005319,0.5319,1
43730,충청북도,옥천군,남성,50대,4541,0.008883,0.8883,1
43730,충청북도,옥천군,남성,60대,5943,0.011626,1.1626,1
43730,충청북도,옥천군,남성,70대,3694,0.007227,0.7227,1
43730,충청북도,옥천군,남성,80세 이상,1654,0.003236,0.3236,0
43730,충청북도,옥천군,여성,0-9세,793,0.001551,0.1551,0
43730,충청북도,옥천군,여성,10대,1672,0.003271,0.3271,0
43730,충청북도,옥천군,여성,20대,1563,0.003058,0.3058,0
43730,충청북도,옥천군,여성,30대,1520,0.002974,0.2974,0
43730,충청북도,옥천군,여성,40대,2526,0.004942,0.4942,1
43730,충청북도,옥천군,여성,50대,4031,0.007886,0.7886,1
43730,충청북도,옥천군,여성,60대,5366,0.010497,1.0497,1
43730,충청북도,옥천군,여성,70대,3756,0.007348,0.7348,1
43730,충청북도,옥천군,여성,80세 이상,3229,0.006317,0.6317,1
43740,충청북도,영동군,남성,0-9세,684,0.001338,0.1338,0
43740,충청북도,영동군,남성,10대,1421,0.00278,0.278,0
43740,충청북도,영동군,남성,20대,1642,0.003212,0.3212,0
43740,충청북도,영동군,남성,30대,1450,0.002837,0.2837,1
43740,충청북도,영동군,남성,40대,2041,0.003993,0.3993,0
43740,충청북도,영동군,남성,50대,4053,0.007929,0.7929,1
43740,충청북도,영동군,남성,60대,5384,0.010533,1.0533,1
43740,충청북도,영동군,남성,70대,3376,0.006604,0.6604,1
43740,충청북도,영동군,남성,80세 이상,1661,0.003249,0.3249,0
43740,충청북도,영동군,여성,0-9세,644,0.00126,0.126,0
43740,충청북도,영동군,여성,10대,1300,0.002543,0.2543,0
43740,충청북도,영동군,여성,20대,1300,0.002543,0.2543,0
43740,충청북도,영동군,여성,30대,1152,0.002254,0.2254,0
43740,충청북도,영동군,여성,40대,1796,0.003513,0.3513,0
43740,충청북도,영동군,여성,50대,3324,0.006503,0.6503,1
43740,충청북도,영동군,여성,60대,4967,0.009717,0.9717,1
43740,충청북도,영동군,여성,70대,3598,0.007039,0.7039,1
43740,충청북도,영동군,여성,80세 이상,3239,0.006336,0.6336,1
43745,충청북도,증평군,남성,0-9세,1153,0.002256,0.2256,0
43745,충청북도,증평군,남성,10대,1731,0.003386,0.3386,0
43745,충청북도,증평군,남성,20대,2138,0.004183,0.4183,0
43745,충청북도,증평군,남성,30대,2541,0.004971,0.4971,1
43745,충청북도,증평군,남성,40대,2834,0.005544,0.5544,1
43745,충청북도,증평군,남성,50대,3302,0.00646,0.646,1
43745,충청북도,증평군,남성,60대,3128,0.006119,0.6119,1
43745,충청북도,증평군,남성,70대,1607,0.003144,0.3144,0
43745,충청북도,증평군,남성,80세 이상,695,0.00136,0.136,0
43745,충청북도,증평군,여성,0-9세,1095,0.002142,0.2142,0
43745,충청북도,증평군,여성,10대,1601,0.003132,0.3132,0
43745,충청북도,증평군,여성,20대,1494,0.002923,0.2923,0
43745,충청북도,증평군,여성,30대,1964,0.003842,0.3842,0
43745,충청북도,증평군,여성,40대,2363,0.004623,0.4623,1
43745,충청북도,증평군,여성,50대,2909,0.005691,0.5691,1
43745,충청북도,증평군,여성,60대,2997,0.005863,0.5863,1
43745,충청북도,증평군,여성,70대,1774,0.00347,0.347,0
43745,충청북도,증평군,여성,80세 이상,1354,0.002649,0.2649,0
43750,충청북도,진천군,남성,0-9세,3023,0.005914,0.5914,1
43750,충청북도,진천군,남성,10대,4464,0.008733,0.8733,1
43750,충청북도,진천군,남성,20대,4439,0.008684,0.8684,1
43750,충청북도,진천군,남성,30대,6117,0.011967,1.1967,1
43750,충청북도,진천군,남성,40대,7551,0.014772,1.4772,1
43750,충청북도,진천군,남성,50대,8073,0.015793,1.5793,1
43750,충청북도,진천군,남성,60대,7251,0.014185,1.4185,1
43750,충청북도,진천군,남성,70대,3327,0.006509,0.6509,1
43750,충청북도,진천군,남성,80세 이상,1496,0.002927,0.2927,0
43750,충청북도,진천군,여성,0-9세,2751,0.005382,0.5382,1
43750,충청북도,진천군,여성,10대,4203,0.008222,0.8222,1
43750,충청북도,진천군,여성,20대,3197,0.006254,0.6254,1
43750,충청북도,진천군,여성,30대,4661,0.009118,0.9118,1
43750,충청북도,진천군,여성,40대,6413,0.012546,1.2546,1
43750,충청북도,진천군,여성,50대,6677,0.013062,1.3062,1
43750,충청북도,진천군,여성,60대,6322,0.012368,1.2368,1
43750,충청북도,진천군,여성,70대,3556,0.006957,0.6957,1
43750,충청북도,진천군,여성,80세 이상,3059,0.005984,0.5984,1
43760,충청북도,괴산군,남성,0-9세,580,0.001135,0.1135,0
43760,충청북도,괴산군,남성,10대,981,0.001919,0.1919,0
43760,충청북도,괴산군,남성,20대,1356,0.002653,0.2653,0
43760,충청북도,괴산군,남성,30대,1250,0.002445,0.2445,1
43760,충청북도,괴산군,남성,40대,1792,0.003506,0.3506,0
43760,충청북도,괴산군,남성,50대,3564,0.006972,0.6972,1
43760,충청북도,괴산군,남성,60대,5573,0.010902,1.0902,1
43760,충청북도,괴산군,남성,70대,3201,0.006262,0.6262,1
43760,충청북도,괴산군,남성,80세 이상,1474,0.002884,0.2884,0
43760,충청북도,괴산군,여성,0-9세,538,0.001052,0.1052,0
43760,충청북도,괴산군,여성,10대,919,0.001798,0.1798,0
43760,충청북도,괴산군,여성,20대,985,0.001927,0.1927,0
43760,충청북도,괴산군,여성,30대,957,0.001872,0.1872,0
43760,충청북도,괴산군,여성,40대,1481,0.002897,0.2897,0
43760,충청북도,괴산군,여성,50대,2944,0.005759,0.5759,1
43760,충청북도,괴산군,여성,60대,4747,0.009286,0.9286,1
43760,충청북도,괴산군,여성,70대,3146,0.006154,0.6154,1
43760,충청북도,괴산군,여성,80세 이상,2805,0.005487,0.5487,1
43770,충청북도,음성군,남성,0-9세,2136,0.004179,0.4179,0
43770,충청북도,음성군,남성,10대,3874,0.007579,0.7579,1
43770,충청북도,음성군,남성,20대,4666,0.009128,0.9128,1
43770,충청북도,음성군,남성,30대,5639,0.011031,1.1031,1
43770,충청북도,음성군,남성,40대,6801,0.013305,1.3305,1
43770,충청북도,음성군,남성,50대,9812,0.019195,1.9195,2
43770,충청북도,음성군,남성,60대,10267,0.020085,2.0085,2
43770,충청북도,음성군,남성,70대,4948,0.00968,0.968,1
43770,충청북도,음성군,남성,80세 이상,2210,0.004323,0.4323,0
43770,충청북도,음성군,여성,0-9세,2032,0.003975,0.3975,1
43770,충청북도,음성군,여성,10대,3448,0.006745,0.6745,1
43770,충청북도,음성군,여성,20대,3438,0.006726,0.6726,1
43770,충청북도,음성군,여성,30대,4005,0.007835,0.7835,1
43770,충청북도,음성군,여성,40대,5429,0.010621,1.0621,1
43770,충청북도,음성군,여성,50대,7856,0.015369,1.5369,1
43770,충청북도,음성군,여성,60대,8644,0.01691,1.691,2
43770,충청북도,음성군,여성,70대,5034,0.009848,0.9848,1
43770,충청북도,음성군,여성,80세 이상,4041,0.007905,0.7905,1
43800,충청북도,단양군,남성,0-9세,374,0.000732,0.0732,0
43800,충청북도,단양군,남성,10대,840,0.001643,0.1643,0
43800,충청북도,단양군,남성,20대,921,0.001802,0.1802,0
43800,충청북도,단양군,남성,30대,897,0.001755,0.1755,0
43800,충청북도,단양군,남성,40대,1287,0.002518,0.2518,0
43800,충청북도,단양군,남성,50대,2529,0.004947,0.4947,1
43800,충청북도,단양군,남성,60대,3775,0.007385,0.7385,1
43800,충청북도,단양군,남성,70대,2145,0.004196,0.4196,1
43800,충청북도,단양군,남성,80세 이상,939,0.001837,0.1837,0
43800,충청북도,단양군,여성,0-9세,380,0.000743,0.0743,0
43800,충청북도,단양군,여성,10대,710,0.001389,0.1389,0
43800,충청북도,단양군,여성,20대,636,0.001244,0.1244,0
43800,충청북도,단양군,여성,30대,698,0.001365,0.1365,0
43800,충청북도,단양군,여성,40대,1109,0.00217,0.217,0
43800,충청북도,단양군,여성,50대,2104,0.004116,0.4116,0
43800,충청북도,단양군,여성,60대,3439,0.006728,0.6728,1
43800,충청북도,단양군,여성,70대,2258,0.004417,0.4417,1
43800,충청북도,단양군,여성,80세 이상,1771,0.003465,0.3465,0
44130,충청남도,천안시,남성,0-9세,22475,0.043967,4.3967,4
44130,충청남도,천안시,남성,10대,34879,0.068233,6.8233,7
44130,충청남도,천안시,남성,20대,45389,0.088794,8.8794,9
44130,충청남도,천안시,남성,30대,53563,0.104784,10.4784,11
44130,충청남도,천안시,남성,40대,57568,0.112619,11.2619,11
44130,충청남도,천안시,남성,50대,56536,0.1106,11.06,11
44130,충청남도,천안시,남성,60대,44024,0.086123,8.6123,8
44130,충청남도,천안시,남성,70대,18916,0.037005,3.7005,4
44130,충청남도,천안시,남성,80세 이상,7414,0.014504,1.4504,2
44130,충청남도,천안시,여성,0-9세,21307,0.041682,4.1682,4
44130,충청남도,천안시,여성,10대,33116,0.064784,6.4784,6
44130,충청남도,천안시,여성,20대,39969,0.078191,7.8191,8
44130,충청남도,천안시,여성,30대,44805,0.087651,8.7651,9
44130,충청남도,천안시,여성,40대,51783,0.101302,10.1302,10
44130,충청남도,천안시,여성,50대,54577,0.106768,10.6768,11
44130,충청남도,천안시,여성,60대,42732,0.083596,8.3596,8
44130,충청남도,천안시,여성,70대,21092,0.041262,4.1262,4
44130,충청남도,천안시,여성,80세 이상,14177,0.027734,2.7734,3
44150,충청남도,공주시,남성,0-9세,1872,0.003662,0.3662,0
44150,충청남도,공주시,남성,10대,3981,0.007788,0.7788,1
44150,충청남도,공주시,남성,20대,5174,0.010122,1.0122,1
44150,충청남도,공주시,남성,30대,4457,0.008719,0.8719,1
44150,충청남도,공주시,남성,40대,5757,0.011262,1.1262,1
44150,충청남도,공주시,남성,50대,8452,0.016534,1.6534,2
44150,충청남도,공주시,남성,60대,10452,0.020447,2.0447,2
44150,충청남도,공주시,남성,70대,6573,0.012859,1.2859,1
44150,충청남도,공주시,남성,80세 이상,3126,0.006115,0.6115,1
44150,충청남도,공주시,여성,0-9세,1714,0.003353,0.3353,0
44150,충청남도,공주시,여성,10대,3695,0.007228,0.7228,1
44150,충청남도,공주시,여성,20대,5083,0.009944,0.9944,1
44150,충청남도,공주시,여성,30대,3578,0.007,0.7,1
44150,충청남도,공주시,여성,40대,5218,0.010208,1.0208,1
44150,충청남도,공주시,여성,50대,7772,0.015204,1.5204,1
44150,충청남도,공주시,여성,60대,10218,0.019989,1.9989,2
44150,충청남도,공주시,여성,70대,6845,0.013391,1.3391,1
44150,충청남도,공주시,여성,80세 이상,6012,0.011761,1.1761,1
44180,충청남도,보령시,남성,0-9세,2010,0.003932,0.3932,0
44180,충청남도,보령시,남성,10대,3615,0.007072,0.7072,1
44180,충청남도,보령시,남성,20대,4000,0.007825,0.7825,1
44180,충청남도,보령시,남성,30대,4210,0.008236,0.8236,1
44180,충청남도,보령시,남성,40대,6049,0.011834,1.1834,1
44180,충청남도,보령시,남성,50대,8552,0.01673,1.673,1
44180,충청남도,보령시,남성,60대,9397,0.018383,1.8383,2
44180,충청남도,보령시,남성,70대,6040,0.011816,1.1816,1
44180,충청남도,보령시,남성,80세 이상,2799,0.005476,0.5476,1
44180,충청남도,보령시,여성,0-9세,1935,0.003785,0.3785,0
44180,충청남도,보령시,여성,10대,3461,0.006771,0.6771,1
44180,충청남도,보령시,여성,20대,2972,0.005814,0.5814,1
44180,충청남도,보령시,여성,30대,3250,0.006358,0.6358,1
44180,충청남도,보령시,여성,40대,5069,0.009916,0.9916,1
44180,충청남도,보령시,여성,50대,7265,0.014212,1.4212,1
44180,충청남도,보령시,여성,60대,9150,0.0179,1.79,2
44180,충청남도,보령시,여성,70대,6932,0.013561,1.3561,1
44180,충청남도,보령시,여성,80세 이상,5411,0.010585,1.0585,1
44200,충청남도,아산시,남성,0-9세,14698,0.028753,2.8753,3
44200,충청남도,아산시,남성,10대,20892,0.040871,4.0871,4
44200,충청남도,아산시,남성,20대,21013,0.041107,4.1107,4
44200,충청남도,아산시,남성,30대,28116,0.055003,5.5003,5
44200,충청남도,아산시,남성,40대,34635,0.067756,6.7756,7
44200,충청남도,아산시,남성,50대,30173,0.059027,5.9027,6
44200,충청남도,아산시,남성,60대,22447,0.043913,4.3913,4
44200,충청남도,아산시,남성,70대,10656,0.020846,2.0846,2
44200,충청남도,아산시,남성,80세 이상,4760,0.009312,0.9312,1
44200,충청남도,아산시,여성,0-9세,14061,0.027507,2.7507,3
44200,충청남도,아산시,여성,10대,19618,0.038378,3.8378,4
44200,충청남도,아산시,여성,20대,16697,0.032664,3.2664,3
44200,충청남도,아산시,여성,30대,24271,0.047481,4.7481,5
44200,충청남도,아산시,여성,40대,29583,0.057873,5.7873,6
44200,충청남도,아산시,여성,50대,25764,0.050402,5.0402,5
44200,충청남도,아산시,여성,60대,20724,0.040542,4.0542,4
44200,충청남도,아산시,여성,70대,12385,0.024229,2.4229,2
44200,충청남도,아산시,여성,80세 이상,8885,0.017382,1.7382,2
44210,충청남도,서산시,남성,0-9세,5406,0.010576,1.0576,1
44210,충청남도,서산시,남성,10대,8754,0.017125,1.7125,2
44210,충청남도,서산시,남성,20대,9438,0.018463,1.8463,2
44210,충청남도,서산시,남성,30대,11342,0.022188,2.2188,2
44210,충청남도,서산시,남성,40대,13520,0.026449,2.6449,3
44210,충청남도,서산시,남성,50대,15876,0.031058,3.1058,3
44210,충청남도,서산시,남성,60대,14153,0.027687,2.7687,3
44210,충청남도,서산시,남성,70대,7940,0.015533,1.5533,1
44210,충청남도,서산시,남성,80세 이상,3896,0.007622,0.7622,1
44210,충청남도,서산시,여성,0-9세,5083,0.009944,0.9944,1
44210,충청남도,서산시,여성,10대,8124,0.015893,1.5893,2
44210,충청남도,서산시,여성,20대,6070,0.011875,1.1875,1
44210,충청남도,서산시,여성,30대,8224,0.016088,1.6088,2
44210,충청남도,서산시,여성,40대,11697,0.022883,2.2883,2
44210,충청남도,서산시,여성,50대,13859,0.027112,2.7112,3
44210,충청남도,서산시,여성,60대,13337,0.026091,2.6091,3
44210,충청남도,서산시,여성,70대,8466,0.016562,1.6562,1
44210,충청남도,서산시,여성,80세 이상,7253,0.014189,1.4189,1
44230,충청남도,논산시,남성,0-9세,2412,0.004719,0.4719,0
44230,충청남도,논산시,남성,10대,4309,0.00843,0.843,1
44230,충청남도,논산시,남성,20대,4737,0.009267,0.9267,1
44230,충청남도,논산시,남성,30대,4982,0.009746,0.9746,1
44230,충청남도,논산시,남성,40대,6360,0.012442,1.2442,1
44230,충청남도,논산시,남성,50대,9605,0.01879,1.879,2
44230,충청남도,논산시,남성,60대,10932,0.021386,2.1386,2
44230,충청남도,논산시,남성,70대,6878,0.013455,1.3455,1
44230,충청남도,논산시,남성,80세 이상,3351,0.006556,0.6556,1
44230,충청남도,논산시,여성,0-9세,2249,0.0044,0.44,1
44230,충청남도,논산시,여성,10대,4010,0.007845,0.7845,1
44230,충청남도,논산시,여성,20대,3721,0.007279,0.7279,1
44230,충청남도,논산시,여성,30대,4083,0.007987,0.7987,1
44230,충청남도,논산시,여성,40대,5756,0.01126,1.126,1
44230,충청남도,논산시,여성,50대,8358,0.016351,1.6351,2
44230,충청남도,논산시,여성,60대,10567,0.020672,2.0672,2
44230,충청남도,논산시,여성,70대,7636,0.014938,1.4938,1
44230,충청남도,논산시,여성,80세 이상,6831,0.013363,1.3363,1
44250,충청남도,계룡시,남성,0-9세,1631,0.003191,0.3191,0
44250,충청남도,계룡시,남성,10대,3151,0.006164,0.6164,1
44250,충청남도,계룡시,남성,20대,2469,0.00483,0.483,1
44250,충청남도,계룡시,남성,30대,2746,0.005372,0.5372,1
44250,충청남도,계룡시,남성,40대,3789,0.007412,0.7412,1
44250,충청남도,계룡시,남성,50대,4099,0.008019,0.8019,1
44250,충청남도,계룡시,남성,60대,2914,0.005701,0.5701,0
44250,충청남도,계룡시,남성,70대,1508,0.00295,0.295,0
44250,충청남도,계룡시,남성,80세 이상,519,0.001015,0.1015,0
44250,충청남도,계룡시,여성,0-9세,1561,0.003054,0.3054,0
44250,충청남도,계룡시,여성,10대,2935,0.005742,0.5742,1
44250,충청남도,계룡시,여성,20대,1934,0.003783,0.3783,0
44250,충청남도,계룡시,여성,30대,2500,0.004891,0.4891,0
44250,충청남도,계룡시,여성,40대,4045,0.007913,0.7913,1
44250,충청남도,계룡시,여성,50대,4208,0.008232,0.8232,1
44250,충청남도,계룡시,여성,60대,3235,0.006329,0.6329,1
44250,충청남도,계룡시,여성,70대,1563,0.003058,0.3058,0
44250,충청남도,계룡시,여성,80세 이상,1039,0.002033,0.2033,0
44270,충청남도,당진시,남성,0-9세,5863,0.01147,1.147,1
44270,충청남도,당진시,남성,10대,8848,0.017309,1.7309,2
44270,충청남도,당진시,남성,20대,8311,0.016259,1.6259,2
44270,충청남도,당진시,남성,30대,11893,0.023266,2.3266,2
44270,충청남도,당진시,남성,40대,15514,0.03035,3.035,3
44270,충청남도,당진시,남성,50대,16466,0.032212,3.2212,3
44270,충청남도,당진시,남성,60대,14456,0.02828,2.828,3
44270,충청남도,당진시,남성,70대,7618,0.014903,1.4903,2
44270,충청남도,당진시,남성,80세 이상,3748,0.007332,0.7332,1
44270,충청남도,당진시,여성,0-9세,5583,0.010922,1.0922,1
44270,충청남도,당진시,여성,10대,8234,0.016108,1.6108,2
44270,충청남도,당진시,여성,20대,5702,0.011155,1.1155,1
44270,충청남도,당진시,여성,30대,8616,0.016855,1.6855,2
44270,충청남도,당진시,여성,40대,12159,0.023786,2.3786,2
44270,충청남도,당진시,여성,50대,12401,0.02426,2.426,2
44270,충청남도,당진시,여성,60대,12452,0.02436,2.436,2
44270,충청남도,당진시,여성,70대,8010,0.01567,1.567,2
44270,충청남도,당진시,여성,80세 이상,6690,0.013088,1.3088,1
44710,충청남도,금산군,남성,0-9세,777,0.00152,0.152,0
44710,충청남도,금산군,남성,10대,2088,0.004085,0.4085,1
44710,충청남도,금산군,남성,20대,1799,0.003519,0.3519,0
44710,충청남도,금산군,남성,30대,1580,0.003091,0.3091,0
44710,충청남도,금산군,남성,40대,2587,0.005061,0.5061,1
44710,충청남도,금산군,남성,50대,4644,0.009085,0.9085,1
44710,충청남도,금산군,남성,60대,5876,0.011495,1.1495,1
44710,충청남도,금산군,남성,70대,3752,0.00734,0.734,1
44710,충청남도,금산군,남성,80세 이상,1775,0.003472,0.3472,0
44710,충청남도,금산군,여성,0-9세,767,0.0015,0.15,0
44710,충청남도,금산군,여성,10대,1845,0.003609,0.3609,0
44710,충청남도,금산군,여성,20대,1327,0.002596,0.2596,0
44710,충청남도,금산군,여성,30대,1361,0.002662,0.2662,0
44710,충청남도,금산군,여성,40대,2316,0.004531,0.4531,1
44710,충청남도,금산군,여성,50대,3746,0.007328,0.7328,1
44710,충청남도,금산군,여성,60대,5196,0.010165,1.0165,1
44710,충청남도,금산군,여성,70대,3912,0.007653,0.7653,1
44710,충청남도,금산군,여성,80세 이상,3550,0.006945,0.6945,1
44760,충청남도,부여군,남성,0-9세,873,0.001708,0.1708,0
44760,충청남도,부여군,남성,10대,2045,0.004001,0.4001,1
44760,충청남도,부여군,남성,20대,2034,0.003979,0.3979,0
44760,충청남도,부여군,남성,30대,1900,0.003717,0.3717,0
44760,충청남도,부여군,남성,40대,2937,0.005746,0.5746,1
44760,충청남도,부여군,남성,50대,4951,0.009686,0.9686,1
44760,충청남도,부여군,남성,60대,6911,0.01352,1.352,1
44760,충청남도,부여군,남성,70대,4765,0.009322,0.9322,1
44760,충청남도,부여군,남성,80세 이상,2687,0.005257,0.5257,1
44760,충청남도,부여군,여성,0-9세,778,0.001522,0.1522,0
44760,충청남도,부여군,여성,10대,1788,0.003498,0.3498,0
44760,충청남도,부여군,여성,20대,1600,0.00313,0.313,0
44760,충청남도,부여군,여성,30대,1549,0.00303,0.303,0
44760,충청남도,부여군,여성,40대,2465,0.004822,0.4822,1
44760,충청남도,부여군,여성,50대,4127,0.008074,0.8074,1
44760,충청남도,부여군,여성,60대,6566,0.012845,1.2845,1
44760,충청남도,부여군,여성,70대,5291,0.010351,1.0351,1
44760,충청남도,부여군,여성,80세 이상,5110,0.009997,0.9997,1
44770,충청남도,서천군,남성,0-9세,712,0.001393,0.1393,0
44770,충청남도,서천군,남성,10대,1441,0.002819,0.2819,0
44770,충청남도,서천군,남성,20대,1625,0.003179,0.3179,0
44770,충청남도,서천군,남성,30대,1568,0.003067,0.3067,0
44770,충청남도,서천군,남성,40대,2389,0.004674,0.4674,1
44770,충청남도,서천군,남성,50대,4082,0.007986,0.7986,1
44770,충청남도,서천군,남성,60대,5439,0.01064,1.064,1
44770,충청남도,서천군,남성,70대,4044,0.007911,0.7911,1
44770,충청남도,서천군,남성,80세 이상,2193,0.00429,0.429,1
44770,충청남도,서천군,여성,0-9세,689,0.001348,0.1348,0
44770,충청남도,서천군,여성,10대,1356,0.002653,0.2653,0
44770,충청남도,서천군,여성,20대,1228,0.002402,0.2402,0
44770,충청남도,서천군,여성,30대,1202,0.002351,0.2351,0
44770,충청남도,서천군,여성,40대,1942,0.003799,0.3799,0
44770,충청남도,서천군,여성,50대,3351,0.006556,0.6556,1
44770,충청남도,서천군,여성,60대,5073,0.009924,0.9924,1
44770,충청남도,서천군,여성,70대,4552,0.008905,0.8905,1
44770,충청남도,서천군,여성,80세 이상,4339,0.008488,0.8488,1
44790,충청남도,청양군,남성,0-9세,404,0.00079,0.079,0
44790,충청남도,청양군,남성,10대,975,0.001907,0.1907,0
44790,충청남도,청양군,남성,20대,1346,0.002633,0.2633,0
44790,충청남도,청양군,남성,30대,990,0.001937,0.1937,0
44790,충청남도,청양군,남성,40대,1464,0.002864,0.2864,0
44790,충청남도,청양군,남성,50대,2649,0.005182,0.5182,1
44790,충청남도,청양군,남성,60대,3703,0.007244,0.7244,1
44790,충청남도,청양군,남성,70대,2490,0.004871,0.4871,1
44790,충청남도,청양군,남성,80세 이상,1341,0.002623,0.2623,0
44790,충청남도,청양군,여성,0-9세,417,0.000816,0.0816,0
44790,충청남도,청양군,여성,10대,867,0.001696,0.1696,0
44790,충청남도,청양군,여성,20대,910,0.00178,0.178,0
44790,충청남도,청양군,여성,30대,767,0.0015,0.15,0
44790,충청남도,청양군,여성,40대,1104,0.00216,0.216,0
44790,충청남도,청양군,여성,50대,2015,0.003942,0.3942,0
44790,충청남도,청양군,여성,60대,3421,0.006692,0.6692,1
44790,충청남도,청양군,여성,70대,2493,0.004877,0.4877,1
44790,충청남도,청양군,여성,80세 이상,2630,0.005145,0.5145,1
44800,충청남도,홍성군,남성,0-9세,3067,0.006,0.6,1
44800,충청남도,홍성군,남성,10대,4853,0.009494,0.9494,1
44800,충청남도,홍성군,남성,20대,4603,0.009005,0.9005,1
44800,충청남도,홍성군,남성,30대,5633,0.01102,1.102,1
44800,충청남도,홍성군,남성,40대,6728,0.013162,1.3162,1
44800,충청남도,홍성군,남성,50대,8614,0.016851,1.6851,1
44800,충청남도,홍성군,남성,60대,8612,0.016847,1.6847,2
44800,충청남도,홍성군,남성,70대,5545,0.010848,1.0848,1
44800,충청남도,홍성군,남성,80세 이상,2730,0.005341,0.5341,1
44800,충청남도,홍성군,여성,0-9세,2911,0.005695,0.5695,1
44800,충청남도,홍성군,여성,10대,4570,0.00894,0.894,1
44800,충청남도,홍성군,여성,20대,3719,0.007275,0.7275,1
44800,충청남도,홍성군,여성,30대,4826,0.009441,0.9441,1
44800,충청남도,홍성군,여성,40대,6478,0.012673,1.2673,1
44800,충청남도,홍성군,여성,50대,7537,0.014744,1.4744,1
44800,충청남도,홍성군,여성,60대,8539,0.016705,1.6705,2
44800,충청남도,홍성군,여성,70대,6143,0.012017,1.2017,1
44800,충청남도,홍성군,여성,80세 이상,5449,0.01066,1.066,1
44810,충청남도,예산군,남성,0-9세,1638,0.003204,0.3204,0
44810,충청남도,예산군,남성,10대,2895,0.005663,0.5663,1
44810,충청남도,예산군,남성,20대,3075,0.006016,0.6016,1
44810,충청남도,예산군,남성,30대,3568,0.00698,0.698,1
44810,충청남도,예산군,남성,40대,4546,0.008893,0.8893,1
44810,충청남도,예산군,남성,50대,6985,0.013665,1.3665,1
44810,충청남도,예산군,남성,60대,8366,0.016366,1.6366,2
44810,충청남도,예산군,남성,70대,5653,0.011059,1.1059,1
44810,충청남도,예산군,남성,80세 이상,2886,0.005646,0.5646,1
44810,충청남도,예산군,여성,0-9세,1628,0.003185,0.3185,0
44810,충청남도,예산군,여성,10대,2600,0.005086,0.5086,0
44810,충청남도,예산군,여성,20대,2402,0.004699,0.4699,0
44810,충청남도,예산군,여성,30대,3029,0.005926,0.5926,1
44810,충청남도,예산군,여성,40대,3951,0.007729,0.7729,1
44810,충청남도,예산군,여성,50대,5862,0.011468,1.1468,1
44810,충청남도,예산군,여성,60대,8103,0.015852,1.5852,1
44810,충청남도,예산군,여성,70대,6135,0.012002,1.2002,1
44810,충청남도,예산군,여성,80세 이상,5493,0.010746,1.0746,1
44825,충청남도,태안군,남성,0-9세,1001,0.001958,0.1958,0
44825,충청남도,태안군,남성,10대,1910,0.003736,0.3736,0
44825,충청남도,태안군,남성,20대,2246,0.004394,0.4394,1
44825,충청남도,태안군,남성,30대,2263,0.004427,0.4427,1
44825,충청남도,태안군,남성,40대,3458,0.006765,0.6765,1
44825,충청남도,태안군,남성,50대,5361,0.010488,1.0488,1
44825,충청남도,태안군,남성,60대,6831,0.013363,1.3363,1
44825,충청남도,태안군,남성,70대,4779,0.009349,0.9349,1
44825,충청남도,태안군,남성,80세 이상,2273,0.004447,0.4447,1
44825,충청남도,태안군,여성,0-9세,958,0.001874,0.1874,0
44825,충청남도,태안군,여성,10대,1818,0.003557,0.3557,0
44825,충청남도,태안군,여성,20대,1584,0.003099,0.3099,0
44825,충청남도,태안군,여성,30대,1683,0.003292,0.3292,0
44825,충청남도,태안군,여성,40대,2837,0.00555,0.555,1
44825,충청남도,태안군,여성,50대,4488,0.00878,0.878,1
44825,충청남도,태안군,여성,60대,6731,0.013168,1.3168,1
44825,충청남도,태안군,여성,70대,5041,0.009862,0.9862,1
44825,충청남도,태안군,여성,80세 이상,4212,0.00824,0.824,1
46110,전라남도,목포시,남성,0-9세,5259,0.010288,1.0288,1
46110,전라남도,목포시,남성,10대,10995,0.021509,2.1509,2
46110,전라남도,목포시,남성,20대,11491,0.02248,2.248,2
46110,전라남도,목포시,남성,30대,10255,0.020062,2.0062,2
46110,전라남도,목포시,남성,40대,15819,0.030946,3.0946,3
46110,전라남도,목포시,남성,50대,18758,0.036696,3.6696,4
46110,전라남도,목포시,남성,60대,15217,0.029769,2.9769,3
46110,전라남도,목포시,남성,70대,8942,0.017493,1.7493,2
46110,전라남도,목포시,남성,80세 이상,3719,0.007275,0.7275,1
46110,전라남도,목포시,여성,0-9세,5003,0.009787,0.9787,1
46110,전라남도,목포시,여성,10대,10439,0.020422,2.0422,2
46110,전라남도,목포시,여성,20대,9611,0.018802,1.8802,2
46110,전라남도,목포시,여성,30대,9269,0.018133,1.8133,2
46110,전라남도,목포시,여성,40대,15013,0.02937,2.937,3
46110,전라남도,목포시,여성,50대,17437,0.034112,3.4112,4
46110,전라남도,목포시,여성,60대,16715,0.032699,3.2699,3
46110,전라남도,목포시,여성,70대,11080,0.021676,2.1676,2
46110,전라남도,목포시,여성,80세 이상,6981,0.013657,1.3657,1
46130,전라남도,여수시,남성,0-9세,7469,0.014611,1.4611,2
46130,전라남도,여수시,남성,10대,12156,0.023781,2.3781,2
46130,전라남도,여수시,남성,20대,14535,0.028435,2.8435,3
46130,전라남도,여수시,남성,30대,14931,0.029209,2.9209,3
46130,전라남도,여수시,남성,40대,18845,0.036866,3.6866,4
46130,전라남도,여수시,남성,50대,24019,0.046988,4.6988,5
46130,전라남도,여수시,남성,60대,22716,0.044439,4.4439,4
46130,전라남도,여수시,남성,70대,13899,0.02719,2.719,3
46130,전라남도,여수시,남성,80세 이상,5272,0.010314,1.0314,1
46130,전라남도,여수시,여성,0-9세,7063,0.013817,1.3817,2
46130,전라남도,여수시,여성,10대,11772,0.023029,2.3029,2
46130,전라남도,여수시,여성,20대,11173,0.021858,2.1858,2
46130,전라남도,여수시,여성,30대,12280,0.024023,2.4023,2
46130,전라남도,여수시,여성,40대,17075,0.033404,3.3404,3
46130,전라남도,여수시,여성,50대,21753,0.042555,4.2555,4
46130,전라남도,여수시,여성,60대,22730,0.044466,4.4466,4
46130,전라남도,여수시,여성,70대,15495,0.030313,3.0313,3
46130,전라남도,여수시,여성,80세 이상,10101,0.01976,1.976,2
46150,전라남도,순천시,남성,0-9세,9226,0.018049,1.8049,2
46150,전라남도,순천시,남성,10대,14502,0.02837,2.837,3
46150,전라남도,순천시,남성,20대,16405,0.032093,3.2093,3
46150,전라남도,순천시,남성,30대,17111,0.033474,3.3474,3
46150,전라남도,순천시,남성,40대,19241,0.037641,3.7641,4
46150,전라남도,순천시,남성,50대,23996,0.046943,4.6943,4
46150,전라남도,순천시,남성,60대,21650,0.042354,4.2354,4
46150,전라남도,순천시,남성,70대,10886,0.021296,2.1296,2
46150,전라남도,순천시,남성,80세 이상,4541,0.008883,0.8883,1
46150,전라남도,순천시,여성,0-9세,8800,0.017215,1.7215,2
46150,전라남도,순천시,여성,10대,13584,0.026574,2.6574,3
46150,전라남도,순천시,여성,20대,13620,0.026645,2.6645,3
46150,전라남도,순천시,여성,30대,15562,0.030444,3.0444,3
46150,전라남도,순천시,여성,40대,19372,0.037897,3.7897,4
46150,전라남도,순천시,여성,50대,24032,0.047013,4.7013,5
46150,전라남도,순천시,여성,60대,21613,0.042281,4.2281,4
46150,전라남도,순천시,여성,70대,11930,0.023338,2.3338,2
46150,전라남도,순천시,여성,80세 이상,9421,0.01843,1.843,2
46170,전라남도,나주시,남성,0-9세,4336,0.008482,0.8482,1
46170,전라남도,나주시,남성,10대,5423,0.010609,1.0609,1
46170,전라남도,나주시,남성,20대,5358,0.010482,1.0482,1
46170,전라남도,나주시,남성,30대,7368,0.014414,1.4414,1
46170,전라남도,나주시,남성,40대,8833,0.01728,1.728,2
46170,전라남도,나주시,남성,50대,9641,0.018861,1.8861,2
46170,전라남도,나주시,남성,60대,9867,0.019303,1.9303,2
46170,전라남도,나주시,남성,70대,5633,0.01102,1.102,1
46170,전라남도,나주시,남성,80세 이상,2804,0.005485,0.5485,1
46170,전라남도,나주시,여성,0-9세,4144,0.008107,0.8107,1
46170,전라남도,나주시,여성,10대,5068,0.009914,0.9914,1
46170,전라남도,나주시,여성,20대,4724,0.009241,0.9241,1
46170,전라남도,나주시,여성,30대,7157,0.014001,1.4001,1
46170,전라남도,나주시,여성,40대,7774,0.015208,1.5208,2
46170,전라남도,나주시,여성,50대,7766,0.015192,1.5192,1
46170,전라남도,나주시,여성,60대,8852,0.017317,1.7317,2
46170,전라남도,나주시,여성,70대,6311,0.012346,1.2346,1
46170,전라남도,나주시,여성,80세 이상,6017,0.011771,1.1771,1
46230,전라남도,광양시,남성,0-9세,5509,0.010777,1.0777,1
46230,전라남도,광양시,남성,10대,8075,0.015797,1.5797,2
46230,전라남도,광양시,남성,20대,9326,0.018244,1.8244,2
46230,전라남도,광양시,남성,30대,11069,0.021654,2.1654,2
46230,전라남도,광양시,남성,40대,11999,0.023473,2.3473,2
46230,전라남도,광양시,남성,50대,15606,0.03053,3.053,3
46230,전라남도,광양시,남성,60대,12650,0.024747,2.4747,2
46230,전라남도,광양시,남성,70대,5324,0.010415,1.0415,1
46230,전라남도,광양시,남성,80세 이상,1911,0.003738,0.3738,0
46230,전라남도,광양시,여성,0-9세,5307,0.010382,1.0382,1
46230,전라남도,광양시,여성,10대,7787,0.015234,1.5234,2
46230,전라남도,광양시,여성,20대,6735,0.013176,1.3176,1
46230,전라남도,광양시,여성,30대,8833,0.01728,1.728,2
46230,전라남도,광양시,여성,40대,10535,0.020609,2.0609,2
46230,전라남도,광양시,여성,50대,14159,0.027699,2.7699,3
46230,전라남도,광양시,여성,60대,10855,0.021235,2.1235,2
46230,전라남도,광양시,여성,70대,5416,0.010595,1.0595,1
46230,전라남도,광양시,여성,80세 이상,4163,0.008144,0.8144,1
46710,전라남도,담양군,남성,0-9세,852,0.001667,0.1667,0
46710,전라남도,담양군,남성,10대,1487,0.002909,0.2909,0
46710,전라남도,담양군,남성,20대,1840,0.0036,0.36,0
46710,전라남도,담양군,남성,30대,1638,0.003204,0.3204,0
46710,전라남도,담양군,남성,40대,2337,0.004572,0.4572,1
46710,전라남도,담양군,남성,50대,4107,0.008034,0.8034,1
46710,전라남도,담양군,남성,60대,5278,0.010325,1.0325,1
46710,전라남도,담양군,남성,70대,3146,0.006154,0.6154,1
46710,전라남도,담양군,남성,80세 이상,1615,0.003159,0.3159,0
46710,전라남도,담양군,여성,0-9세,803,0.001571,0.1571,0
46710,전라남도,담양군,여성,10대,1358,0.002657,0.2657,0
46710,전라남도,담양군,여성,20대,1361,0.002662,0.2662,0
46710,전라남도,담양군,여성,30대,1547,0.003026,0.3026,0
46710,전라남도,담양군,여성,40대,1990,0.003893,0.3893,1
46710,전라남도,담양군,여성,50대,3430,0.00671,0.671,1
46710,전라남도,담양군,여성,60대,4516,0.008835,0.8835,1
46710,전라남도,담양군,여성,70대,3375,0.006602,0.6602,1
46710,전라남도,담양군,여성,80세 이상,3497,0.006841,0.6841,1
46720,전라남도,곡성군,남성,0-9세,374,0.000732,0.0732,0
46720,전라남도,곡성군,남성,10대,859,0.00168,0.168,0
46720,전라남도,곡성군,남성,20대,1021,0.001997,0.1997,0
46720,전라남도,곡성군,남성,30대,903,0.001767,0.1767,0
46720,전라남도,곡성군,남성,40대,1315,0.002573,0.2573,0
46720,전라남도,곡성군,남성,50대,2523,0.004936,0.4936,1
46720,전라남도,곡성군,남성,60대,3363,0.006579,0.6579,1
46720,전라남도,곡성군,남성,70대,2051,0.004012,0.4012,0
46720,전라남도,곡성군,남성,80세 이상,1156,0.002261,0.2261,0
46720,전라남도,곡성군,여성,0-9세,384,0.000751,0.0751,0
46720,전라남도,곡성군,여성,10대,737,0.001442,0.1442,0
46720,전라남도,곡성군,여성,20대,818,0.0016,0.16,0
46720,전라남도,곡성군,여성,30대,843,0.001649,0.1649,0
46720,전라남도,곡성군,여성,40대,1088,0.002128,0.2128,0
46720,전라남도,곡성군,여성,50대,2094,0.004096,0.4096,0
46720,전라남도,곡성군,여성,60대,2801,0.00548,0.548,1
46720,전라남도,곡성군,여성,70대,2205,0.004314,0.4314,1
46720,전라남도,곡성군,여성,80세 이상,2752,0.005384,0.5384,1
46730,전라남도,구례군,남성,0-9세,355,0.000694,0.0694,0
46730,전라남도,구례군,남성,10대,782,0.00153,0.153,0
46730,전라남도,구례군,남성,20대,826,0.001616,0.1616,0
46730,전라남도,구례군,남성,30대,646,0.001264,0.1264,0
46730,전라남도,구례군,남성,40대,1122,0.002195,0.2195,0
46730,전라남도,구례군,남성,50대,2252,0.004406,0.4406,1
46730,전라남도,구례군,남성,60대,2860,0.005595,0.5595,1
46730,전라남도,구례군,남성,70대,1784,0.00349,0.349,0
46730,전라남도,구례군,남성,80세 이상,1012,0.00198,0.198,0
46730,전라남도,구례군,여성,0-9세,353,0.000691,0.0691,0
46730,전라남도,구례군,여성,10대,743,0.001454,0.1454,0
46730,전라남도,구례군,여성,20대,669,0.001309,0.1309,0
46730,전라남도,구례군,여성,30대,620,0.001213,0.1213,0
46730,전라남도,구례군,여성,40대,1041,0.002036,0.2036,0
46730,전라남도,구례군,여성,50대,1850,0.003619,0.3619,0
46730,전라남도,구례군,여성,60대,2544,0.004977,0.4977,1
46730,전라남도,구례군,여성,70대,2037,0.003985,0.3985,1
46730,전라남도,구례군,여성,80세 이상,2307,0.004513,0.4513,1
46770,전라남도,고흥군,남성,0-9세,895,0.001751,0.1751,0
46770,전라남도,고흥군,남성,10대,1650,0.003228,0.3228,0
46770,전라남도,고흥군,남성,20대,1822,0.003564,0.3564,1
46770,전라남도,고흥군,남성,30대,1654,0.003236,0.3236,1
46770,전라남도,고흥군,남성,40대,2805,0.005487,0.5487,1
46770,전라남도,고흥군,남성,50대,5244,0.010259,1.0259,1
46770,전라남도,고흥군,남성,60대,7111,0.013911,1.3911,1
46770,전라남도,고흥군,남성,70대,5319,0.010405,1.0405,1
46770,전라남도,고흥군,남성,80세 이상,2931,0.005734,0.5734,1
46770,전라남도,고흥군,여성,0-9세,911,0.001782,0.1782,0
46770,전라남도,고흥군,여성,10대,1473,0.002882,0.2882,0
46770,전라남도,고흥군,여성,20대,1267,0.002479,0.2479,0
46770,전라남도,고흥군,여성,30대,1405,0.002749,0.2749,0
46770,전라남도,고흥군,여성,40대,2157,0.00422,0.422,1
46770,전라남도,고흥군,여성,50대,3777,0.007389,0.7389,1
46770,전라남도,고흥군,여성,60대,6331,0.012385,1.2385,1
46770,전라남도,고흥군,여성,70대,6060,0.011855,1.1855,1
46770,전라남도,고흥군,여성,80세 이상,6643,0.012996,1.2996,1
46780,전라남도,보성군,남성,0-9세,568,0.001111,0.1111,0
46780,전라남도,보성군,남성,10대,1117,0.002185,0.2185,0
46780,전라남도,보성군,남성,20대,1211,0.002369,0.2369,0
46780,전라남도,보성군,남성,30대,1090,0.002132,0.2132,0
46780,전라남도,보성군,남성,40대,1735,0.003394,0.3394,0
46780,전라남도,보성군,남성,50대,3307,0.006469,0.6469,1
46780,전라남도,보성군,남성,60대,4294,0.0084,0.84,1
46780,전라남도,보성군,남성,70대,3045,0.005957,0.5957,1
46780,전라남도,보성군,남성,80세 이상,1744,0.003412,0.3412,0
46780,전라남도,보성군,여성,0-9세,556,0.001088,0.1088,0
46780,전라남도,보성군,여성,10대,1072,0.002097,0.2097,0
46780,전라남도,보성군,여성,20대,950,0.001858,0.1858,0
46780,전라남도,보성군,여성,30대,897,0.001755,0.1755,0
46780,전라남도,보성군,여성,40대,1444,0.002825,0.2825,0
46780,전라남도,보성군,여성,50대,2457,0.004807,0.4807,1
46780,전라남도,보성군,여성,60대,3857,0.007545,0.7545,1
46780,전라남도,보성군,여성,70대,3442,0.006734,0.6734,1
46780,전라남도,보성군,여성,80세 이상,4072,0.007966,0.7966,1
46790,전라남도,화순군,남성,0-9세,1276,0.002496,0.2496,0
46790,전라남도,화순군,남성,10대,2450,0.004793,0.4793,0
46790,전라남도,화순군,남성,20대,2951,0.005773,0.5773,1
46790,전라남도,화순군,남성,30대,2463,0.004818,0.4818,1
46790,전라남도,화순군,남성,40대,3197,0.006254,0.6254,1
46790,전라남도,화순군,남성,50대,5785,0.011317,1.1317,1
46790,전라남도,화순군,남성,60대,6379,0.012479,1.2479,1
46790,전라남도,화순군,남성,70대,3507,0.006861,0.6861,1
46790,전라남도,화순군,남성,80세 이상,1849,0.003617,0.3617,0
46790,전라남도,화순군,여성,0-9세,1167,0.002283,0.2283,0
46790,전라남도,화순군,여성,10대,2263,0.004427,0.4427,0
46790,전라남도,화순군,여성,20대,2659,0.005202,0.5202,1
46790,전라남도,화순군,여성,30대,2287,0.004474,0.4474,0
46790,전라남도,화순군,여성,40대,3106,0.006076,0.6076,1
46790,전라남도,화순군,여성,50대,5095,0.009967,0.9967,1
46790,전라남도,화순군,여성,60대,5488,0.010736,1.0736,1
46790,전라남도,화순군,여성,70대,3908,0.007645,0.7645,1
46790,전라남도,화순군,여성,80세 이상,4385,0.008578,0.8578,1
46800,전라남도,장흥군,남성,0-9세,642,0.001256,0.1256,0
46800,전라남도,장흥군,남성,10대,1205,0.002357,0.2357,0
46800,전라남도,장흥군,남성,20대,1301,0.002545,0.2545,0
46800,전라남도,장흥군,남성,30대,1204,0.002355,0.2355,0
46800,전라남도,장흥군,남성,40대,1807,0.003535,0.3535,0
46800,전라남도,장흥군,남성,50대,3093,0.006051,0.6051,1
46800,전라남도,장흥군,남성,60대,3704,0.007246,0.7246,1
46800,전라남도,장흥군,남성,70대,2468,0.004828,0.4828,1
46800,전라남도,장흥군,남성,80세 이상,1425,0.002788,0.2788,0
46800,전라남도,장흥군,여성,0-9세,622,0.001217,0.1217,0
46800,전라남도,장흥군,여성,10대,1088,0.002128,0.2128,0
46800,전라남도,장흥군,여성,20대,997,0.00195,0.195,0
46800,전라남도,장흥군,여성,30대,1010,0.001976,0.1976,0
46800,전라남도,장흥군,여성,40대,1482,0.002899,0.2899,0
46800,전라남도,장흥군,여성,50대,2465,0.004822,0.4822,1
46800,전라남도,장흥군,여성,60대,3490,0.006827,0.6827,1
46800,전라남도,장흥군,여성,70대,2906,0.005685,0.5685,1
46800,전라남도,장흥군,여성,80세 이상,3292,0.00644,0.644,1
46810,전라남도,강진군,남성,0-9세,668,0.001307,0.1307,0
46810,전라남도,강진군,남성,10대,1087,0.002126,0.2126,0
46810,전라남도,강진군,남성,20대,1206,0.002359,0.2359,0
46810,전라남도,강진군,남성,30대,1151,0.002252,0.2252,0
46810,전라남도,강진군,남성,40대,1590,0.00311,0.311,0
46810,전라남도,강진군,남성,50대,2734,0.005348,0.5348,1
46810,전라남도,강진군,남성,60대,3524,0.006894,0.6894,1
46810,전라남도,강진군,남성,70대,2307,0.004513,0.4513,1
46810,전라남도,강진군,남성,80세 이상,1334,0.00261,0.261,0
46810,전라남도,강진군,여성,0-9세,705,0.001379,0.1379,0
46810,전라남도,강진군,여성,10대,1012,0.00198,0.198,0
46810,전라남도,강진군,여성,20대,930,0.001819,0.1819,0
46810,전라남도,강진군,여성,30대,987,0.001931,0.1931,0
46810,전라남도,강진군,여성,40대,1370,0.00268,0.268,0
46810,전라남도,강진군,여성,50대,2217,0.004337,0.4337,0
46810,전라남도,강진군,여성,60대,3288,0.006432,0.6432,1
46810,전라남도,강진군,여성,70대,2677,0.005237,0.5237,1
46810,전라남도,강진군,여성,80세 이상,3012,0.005892,0.5892,1
46820,전라남도,해남군,남성,0-9세,1272,0.002488,0.2488,0
46820,전라남도,해남군,남성,10대,2207,0.004318,0.4318,1
46820,전라남도,해남군,남성,20대,2410,0.004715,0.4715,1
46820,전라남도,해남군,남성,30대,2193,0.00429,0.429,0
46820,전라남도,해남군,남성,40대,3415,0.006681,0.6681,1
46820,전라남도,해남군,남성,50대,5821,0.011388,1.1388,1
46820,전라남도,해남군,남성,60대,7073,0.013837,1.3837,1
46820,전라남도,해남군,남성,70대,4499,0.008801,0.8801,1
46820,전라남도,해남군,남성,80세 이상,2379,0.004654,0.4654,1
46820,전라남도,해남군,여성,0-9세,1166,0.002281,0.2281,0
46820,전라남도,해남군,여성,10대,2166,0.004237,0.4237,0
46820,전라남도,해남군,여성,20대,1764,0.003451,0.3451,0
46820,전라남도,해남군,여성,30대,1766,0.003455,0.3455,0
46820,전라남도,해남군,여성,40대,2881,0.005636,0.5636,1
46820,전라남도,해남군,여성,50대,4451,0.008707,0.8707,1
46820,전라남도,해남군,여성,60대,6304,0.012332,1.2332,1
46820,전라남도,해남군,여성,70대,5178,0.01013,1.013,1
46820,전라남도,해남군,여성,80세 이상,5243,0.010257,1.0257,1
46830,전라남도,영암군,남성,0-9세,1031,0.002017,0.2017,0
46830,전라남도,영암군,남성,10대,1967,0.003848,0.3848,0
46830,전라남도,영암군,남성,20대,2395,0.004685,0.4685,1
46830,전라남도,영암군,남성,30대,2023,0.003958,0.3958,0
46830,전라남도,영암군,남성,40대,3691,0.007221,0.7221,1
46830,전라남도,영암군,남성,50대,5344,0.010454,1.0454,1
46830,전라남도,영암군,남성,60대,5401,0.010566,1.0566,1
46830,전라남도,영암군,남성,70대,2959,0.005789,0.5789,0
46830,전라남도,영암군,남성,80세 이상,1540,0.003013,0.3013,0
46830,전라남도,영암군,여성,0-9세,1008,0.001972,0.1972,0
46830,전라남도,영암군,여성,10대,1841,0.003602,0.3602,1
46830,전라남도,영암군,여성,20대,1588,0.003107,0.3107,0
46830,전라남도,영암군,여성,30대,1642,0.003212,0.3212,0
46830,전라남도,영암군,여성,40대,2561,0.00501,0.501,1
46830,전라남도,영암군,여성,50대,3766,0.007367,0.7367,1
46830,전라남도,영암군,여성,60대,4413,0.008633,0.8633,1
46830,전라남도,영암군,여성,70대,3342,0.006538,0.6538,1
46830,전라남도,영암군,여성,80세 이상,3557,0.006958,0.6958,1
46840,전라남도,무안군,남성,0-9세,3766,0.007367,0.7367,1
46840,전라남도,무안군,남성,10대,5542,0.010842,1.0842,1
46840,전라남도,무안군,남성,20대,5065,0.009909,0.9909,1
46840,전라남도,무안군,남성,30대,5654,0.011061,1.1061,1
46840,전라남도,무안군,남성,40대,7790,0.015239,1.5239,2
46840,전라남도,무안군,남성,50대,7728,0.015118,1.5118,1
46840,전라남도,무안군,남성,60대,6841,0.013383,1.3383,1
46840,전라남도,무안군,남성,70대,4011,0.007847,0.7847,1
46840,전라남도,무안군,남성,80세 이상,1730,0.003384,0.3384,1
46840,전라남도,무안군,여성,0-9세,3569,0.006982,0.6982,1
46840,전라남도,무안군,여성,10대,5394,0.010552,1.0552,1
46840,전라남도,무안군,여성,20대,4228,0.008271,0.8271,1
46840,전라남도,무안군,여성,30대,5680,0.011112,1.1112,1
46840,전라남도,무안군,여성,40대,7418,0.014512,1.4512,1
46840,전라남도,무안군,여성,50대,6575,0.012863,1.2863,1
46840,전라남도,무안군,여성,60대,6287,0.012299,1.2299,1
46840,전라남도,무안군,여성,70대,4436,0.008678,0.8678,1
46840,전라남도,무안군,여성,80세 이상,3878,0.007586,0.7586,1
46860,전라남도,함평군,남성,0-9세,473,0.000925,0.0925,0
46860,전라남도,함평군,남성,10대,880,0.001722,0.1722,0
46860,전라남도,함평군,남성,20대,1076,0.002105,0.2105,0
46860,전라남도,함평군,남성,30대,981,0.001919,0.1919,0
46860,전라남도,함평군,남성,40대,1494,0.002923,0.2923,0
46860,전라남도,함평군,남성,50대,2928,0.005728,0.5728,1
46860,전라남도,함평군,남성,60대,3629,0.007099,0.7099,1
46860,전라남도,함평군,남성,70대,2285,0.00447,0.447,1
46860,전라남도,함평군,남성,80세 이상,1282,0.002508,0.2508,0
46860,전라남도,함평군,여성,0-9세,438,0.000857,0.0857,0
46860,전라남도,함평군,여성,10대,823,0.00161,0.161,0
46860,전라남도,함평군,여성,20대,760,0.001487,0.1487,0
46860,전라남도,함평군,여성,30대,797,0.001559,0.1559,0
46860,전라남도,함평군,여성,40대,1113,0.002177,0.2177,0
46860,전라남도,함평군,여성,50대,1974,0.003862,0.3862,0
46860,전라남도,함평군,여성,60대,2898,0.005669,0.5669,1
46860,전라남도,함평군,여성,70대,2601,0.005088,0.5088,1
46860,전라남도,함평군,여성,80세 이상,3026,0.00592,0.592,1
46870,전라남도,영광군,남성,0-9세,1640,0.003208,0.3208,0
46870,전라남도,영광군,남성,10대,1988,0.003889,0.3889,0
46870,전라남도,영광군,남성,20대,2517,0.004924,0.4924,0
46870,전라남도,영광군,남성,30대,2553,0.004994,0.4994,1
46870,전라남도,영광군,남성,40대,3296,0.006448,0.6448,1
46870,전라남도,영광군,남성,50대,4857,0.009502,0.9502,1
46870,전라남도,영광군,남성,60대,5092,0.009961,0.9961,1
46870,전라남도,영광군,남성,70대,3216,0.006291,0.6291,1
46870,전라남도,영광군,남성,80세 이상,1658,0.003244,0.3244,0
46870,전라남도,영광군,여성,0-9세,1670,0.003267,0.3267,0
46870,전라남도,영광군,여성,10대,1902,0.003721,0.3721,0
46870,전라남도,영광군,여성,20대,2004,0.00392,0.392,0
46870,전라남도,영광군,여성,30대,2465,0.004822,0.4822,0
46870,전라남도,영광군,여성,40대,2708,0.005298,0.5298,1
46870,전라남도,영광군,여성,50대,3769,0.007373,0.7373,1
46870,전라남도,영광군,여성,60대,4579,0.008958,0.8958,1
46870,전라남도,영광군,여성,70대,3890,0.00761,0.761,1
46870,전라남도,영광군,여성,80세 이상,3722,0.007281,0.7281,1
46880,전라남도,장성군,남성,0-9세,937,0.001833,0.1833,0
46880,전라남도,장성군,남성,10대,1561,0.003054,0.3054,0
46880,전라남도,장성군,남성,20대,1989,0.003891,0.3891,0
46880,전라남도,장성군,남성,30대,1783,0.003488,0.3488,0
46880,전라남도,장성군,남성,40대,2490,0.004871,0.4871,1
46880,전라남도,장성군,남성,50대,4145,0.008109,0.8109,1
46880,전라남도,장성군,남성,60대,4730,0.009253,0.9253,1
46880,전라남도,장성군,남성,70대,2873,0.00562,0.562,1
46880,전라남도,장성군,남성,80세 이상,1530,0.002993,0.2993,0
46880,전라남도,장성군,여성,0-9세,927,0.001813,0.1813,0
46880,전라남도,장성군,여성,10대,1477,0.002889,0.2889,0
46880,전라남도,장성군,여성,20대,1416,0.00277,0.277,0
46880,전라남도,장성군,여성,30대,1617,0.003163,0.3163,0
46880,전라남도,장성군,여성,40대,2080,0.004069,0.4069,0
46880,전라남도,장성군,여성,50대,3171,0.006203,0.6203,1
46880,전라남도,장성군,여성,60대,3892,0.007614,0.7614,1
46880,전라남도,장성군,여성,70대,3133,0.006129,0.6129,1
46880,전라남도,장성군,여성,80세 이상,3207,0.006274,0.6274,1
46890,전라남도,완도군,남성,0-9세,1017,0.00199,0.199,0
46890,전라남도,완도군,남성,10대,1706,0.003337,0.3337,0
46890,전라남도,완도군,남성,20대,1593,0.003116,0.3116,0
46890,전라남도,완도군,남성,30대,1519,0.002972,0.2972,0
46890,전라남도,완도군,남성,40대,2943,0.005757,0.5757,1
46890,전라남도,완도군,남성,50대,4144,0.008107,0.8107,1
46890,전라남도,완도군,남성,60대,4644,0.009085,0.9085,1
46890,전라남도,완도군,남성,70대,3247,0.006352,0.6352,1
46890,전라남도,완도군,남성,80세 이상,1815,0.003551,0.3551,0
46890,전라남도,완도군,여성,0-9세,956,0.00187,0.187,0
46890,전라남도,완도군,여성,10대,1501,0.002936,0.2936,0
46890,전라남도,완도군,여성,20대,1139,0.002228,0.2228,0
46890,전라남도,완도군,여성,30대,1248,0.002441,0.2441,0
46890,전라남도,완도군,여성,40대,2168,0.004241,0.4241,1
46890,전라남도,완도군,여성,50대,3010,0.005888,0.5888,1
46890,전라남도,완도군,여성,60대,4413,0.008633,0.8633,1
46890,전라남도,완도군,여성,70대,3692,0.007223,0.7223,1
46890,전라남도,완도군,여성,80세 이상,3858,0.007547,0.7547,1
46900,전라남도,진도군,남성,0-9세,523,0.001023,0.1023,0
46900,전라남도,진도군,남성,10대,989,0.001935,0.1935,0
46900,전라남도,진도군,남성,20대,1097,0.002146,0.2146,0
46900,전라남도,진도군,남성,30대,938,0.001835,0.1835,0
46900,전라남도,진도군,남성,40대,1608,0.003146,0.3146,0
46900,전라남도,진도군,남성,50대,2633,0.005151,0.5151,1
46900,전라남도,진도군,남성,60대,3115,0.006094,0.6094,1
46900,전라남도,진도군,남성,70대,2017,0.003946,0.3946,0
46900,전라남도,진도군,남성,80세 이상,1092,0.002136,0.2136,0
46900,전라남도,진도군,여성,0-9세,584,0.001142,0.1142,0
46900,전라남도,진도군,여성,10대,935,0.001829,0.1829,0
46900,전라남도,진도군,여성,20대,815,0.001594,0.1594,0
46900,전라남도,진도군,여성,30대,850,0.001663,0.1663,0
46900,전라남도,진도군,여성,40대,1172,0.002293,0.2293,0
46900,전라남도,진도군,여성,50대,1911,0.003738,0.3738,0
46900,전라남도,진도군,여성,60대,2801,0.00548,0.548,1
46900,전라남도,진도군,여성,70대,2225,0.004353,0.4353,1
46900,전라남도,진도군,여성,80세 이상,2659,0.005202,0.5202,1
46910,전라남도,신안군,남성,0-9세,721,0.00141,0.141,0
46910,전라남도,신안군,남성,10대,1361,0.002662,0.2662,0
46910,전라남도,신안군,남성,20대,1635,0.003199,0.3199,0
46910,전라남도,신안군,남성,30대,1460,0.002856,0.2856,0
46910,전라남도,신안군,남성,40대,2701,0.005284,0.5284,1
46910,전라남도,신안군,남성,50대,4464,0.008733,0.8733,1
46910,전라남도,신안군,남성,60대,5274,0.010317,1.0317,1
46910,전라남도,신안군,남성,70대,3251,0.00636,0.636,1
46910,전라남도,신안군,남성,80세 이상,1563,0.003058,0.3058,0
46910,전라남도,신안군,여성,0-9세,663,0.001297,0.1297,0
46910,전라남도,신안군,여성,10대,1298,0.002539,0.2539,0
46910,전라남도,신안군,여성,20대,1169,0.002287,0.2287,0
46910,전라남도,신안군,여성,30대,1002,0.00196,0.196,0
46910,전라남도,신안군,여성,40대,1658,0.003244,0.3244,0
46910,전라남도,신안군,여성,50대,2872,0.005618,0.5618,1
46910,전라남도,신안군,여성,60대,4181,0.008179,0.8179,1
46910,전라남도,신안군,여성,70대,3175,0.006211,0.6211,1
46910,전라남도,신안군,여성,80세 이상,3410,0.006671,0.6671,1
47110,경상북도,포항시,남성,0-9세,14674,0.028706,2.8706,3
47110,경상북도,포항시,남성,10대,23951,0.046855,4.6855,5
47110,경상북도,포항시,남성,20대,25771,0.050415,5.0415,5
47110,경상북도,포항시,남성,30대,30178,0.059037,5.9037,6
47110,경상북도,포항시,남성,40대,36036,0.070497,7.0497,7
47110,경상북도,포항시,남성,50대,42585,0.083308,8.3308,8
47110,경상북도,포항시,남성,60대,42251,0.082655,8.2655,8
47110,경상북도,포항시,남성,70대,24559,0.048044,4.8044,5
47110,경상북도,포항시,남성,80세 이상,7797,0.015253,1.5253,1
47110,경상북도,포항시,여성,0-9세,13567,0.026541,2.6541,3
47110,경상북도,포항시,여성,10대,22149,0.04333,4.333,4
47110,경상북도,포항시,여성,20대,18539,0.036268,3.6268,3
47110,경상북도,포항시,여성,30대,24052,0.047052,4.7052,5
47110,경상북도,포항시,여성,40대,34325,0.067149,6.7149,7
47110,경상북도,포항시,여성,50대,42024,0.082211,8.2211,8
47110,경상북도,포항시,여성,60대,44902,0.087841,8.7841,9
47110,경상북도,포항시,여성,70대,26505,0.051851,5.1851,5
47110,경상북도,포항시,여성,80세 이상,14842,0.029035,2.9035,3
47130,경상북도,경주시,남성,0-9세,5981,0.011701,1.1701,1
47130,경상북도,경주시,남성,10대,9739,0.019052,1.9052,2
47130,경상북도,경주시,남성,20대,11437,0.022374,2.2374,2
47130,경상북도,경주시,남성,30대,12658,0.024763,2.4763,3
47130,경상북도,경주시,남성,40대,15807,0.030923,3.0923,3
47130,경상북도,경주시,남성,50대,23144,0.045276,4.5276,4
47130,경상북도,경주시,남성,60대,24045,0.047039,4.7039,5
47130,경상북도,경주시,남성,70대,13677,0.026756,2.6756,3
47130,경상북도,경주시,남성,80세 이상,5693,0.011137,1.1137,1
47130,경상북도,경주시,여성,0-9세,5593,0.010941,1.0941,1
47130,경상북도,경주시,여성,10대,9147,0.017894,1.7894,2
47130,경상북도,경주시,여성,20대,8878,0.017368,1.7368,2
47130,경상북도,경주시,여성,30대,10437,0.020418,2.0418,2
47130,경상북도,경주시,여성,40대,14496,0.028358,2.8358,3
47130,경상북도,경주시,여성,50대,21867,0.042778,4.2778,4
47130,경상북도,경주시,여성,60대,23675,0.046315,4.6315,5
47130,경상북도,경주시,여성,70대,15862,0.031031,3.1031,3
47130,경상북도,경주시,여성,80세 이상,11919,0.023317,2.3317,2
47150,경상북도,김천시,남성,0-9세,3788,0.00741,0.741,1
47150,경상북도,김천시,남성,10대,6477,0.012671,1.2671,1
47150,경상북도,김천시,남성,20대,6001,0.01174,1.174,1
47150,경상북도,김천시,남성,30대,7136,0.01396,1.396,1
47150,경상북도,김천시,남성,40대,9005,0.017616,1.7616,2
47150,경상북도,김천시,남성,50대,11575,0.022644,2.2644,2
47150,경상북도,김천시,남성,60대,12614,0.024677,2.4677,2
47150,경상북도,김천시,남성,70대,7489,0.014651,1.4651,2
47150,경상북도,김천시,남성,80세 이상,3298,0.006452,0.6452,1
47150,경상북도,김천시,여성,0-9세,3521,0.006888,0.6888,1
47150,경상북도,김천시,여성,10대,5472,0.010705,1.0705,1
47150,경상북도,김천시,여성,20대,4600,0.008999,0.8999,1
47150,경상북도,김천시,여성,30대,5930,0.011601,1.1601,1
47150,경상북도,김천시,여성,40대,8226,0.016092,1.6092,2
47150,경상북도,김천시,여성,50대,10799,0.021126,2.1126,2
47150,경상북도,김천시,여성,60대,12234,0.023933,2.3933,2
47150,경상북도,김천시,여성,70대,8608,0.01684,1.684,2
47150,경상북도,김천시,여성,80세 이상,7018,0.013729,1.3729,1
47170,경상북도,안동시,남성,0-9세,3756,0.007348,0.7348,1
47170,경상북도,안동시,남성,10대,6787,0.013277,1.3277,1
47170,경상북도,안동시,남성,20대,8201,0.016043,1.6043,2
47170,경상북도,안동시,남성,30대,7601,0.01487,1.487,1
47170,경상북도,안동시,남성,40대,9475,0.018536,1.8536,2
47170,경상북도,안동시,남성,50대,13250,0.025921,2.5921,2
47170,경상북도,안동시,남성,60대,13744,0.026887,2.6887,3
47170,경상북도,안동시,남성,70대,8586,0.016797,1.6797,2
47170,경상북도,안동시,남성,80세 이상,4177,0.008171,0.8171,1
47170,경상북도,안동시,여성,0-9세,3535,0.006915,0.6915,1
47170,경상북도,안동시,여성,10대,6128,0.011988,1.1988,1
47170,경상북도,안동시,여성,20대,7040,0.013772,1.3772,1
47170,경상북도,안동시,여성,30대,6493,0.012702,1.2702,1
47170,경상북도,안동시,여성,40대,9100,0.017802,1.7802,2
47170,경상북도,안동시,여성,50대,12152,0.023773,2.3773,2
47170,경상북도,안동시,여성,60대,13922,0.027235,2.7235,3
47170,경상북도,안동시,여성,70대,10183,0.019921,1.9921,2
47170,경상북도,안동시,여성,80세 이상,8480,0.016589,1.6589,2
47190,경상북도,구미시,남성,0-9세,14157,0.027695,2.7695,3
47190,경상북도,구미시,남성,10대,23156,0.0453,4.53,5
47190,경상북도,구미시,남성,20대,25787,0.050447,5.0447,5
47190,경상북도,구미시,남성,30대,31621,0.06186,6.186,6
47190,경상북도,구미시,남성,40대,36101,0.070624,7.0624,7
47190,경상북도,구미시,남성,50대,35639,0.06972,6.972,7
47190,경상북도,구미시,남성,60대,28245,0.055255,5.5255,5
47190,경상북도,구미시,남성,70대,10576,0.02069,2.069,2
47190,경상북도,구미시,남성,80세 이상,3442,0.006734,0.6734,1
47190,경상북도,구미시,여성,0-9세,13484,0.026379,2.6379,3
47190,경상북도,구미시,여성,10대,21405,0.041874,4.1874,4
47190,경상북도,구미시,여성,20대,18198,0.0356,3.56,4
47190,경상북도,구미시,여성,30대,26094,0.051047,5.1047,5
47190,경상북도,구미시,여성,40대,33817,0.066156,6.6156,7
47190,경상북도,구미시,여성,50대,36071,0.070565,7.0565,7
47190,경상북도,구미시,여성,60대,26524,0.051888,5.1888,5
47190,경상북도,구미시,여성,70대,11830,0.023143,2.3143,2
47190,경상북도,구미시,여성,80세 이상,7736,0.015134,1.5134,1
47210,경상북도,영주시,남성,0-9세,2121,0.004149,0.4149,0
47210,경상북도,영주시,남성,10대,4609,0.009017,0.9017,1
47210,경상북도,영주시,남성,20대,4514,0.008831,0.8831,1
47210,경상북도,영주시,남성,30대,4122,0.008064,0.8064,1
47210,경상북도,영주시,남성,40대,5614,0.010983,1.0983,1
47210,경상북도,영주시,남성,50대,8640,0.016902,1.6902,2
47210,경상북도,영주시,남성,60대,9360,0.018311,1.8311,2
47210,경상북도,영주시,남성,70대,6251,0.012229,1.2229,1
47210,경상북도,영주시,남성,80세 이상,3067,0.006,0.6,1
47210,경상북도,영주시,여성,0-9세,2006,0.003924,0.3924,0
47210,경상북도,영주시,여성,10대,3930,0.007688,0.7688,1
47210,경상북도,영주시,여성,20대,3364,0.006581,0.6581,1
47210,경상북도,영주시,여성,30대,3275,0.006407,0.6407,1
47210,경상북도,영주시,여성,40대,5384,0.010533,1.0533,1
47210,경상북도,영주시,여성,50대,7933,0.015519,1.5519,1
47210,경상북도,영주시,여성,60대,9612,0.018804,1.8804,2
47210,경상북도,영주시,여성,70대,7404,0.014484,1.4484,1
47210,경상북도,영주시,여성,80세 이상,5956,0.011652,1.1652,1
47230,경상북도,영천시,남성,0-9세,2122,0.004151,0.4151,0
47230,경상북도,영천시,남성,10대,3125,0.006113,0.6113,1
47230,경상북도,영천시,남성,20대,3792,0.007418,0.7418,1
47230,경상북도,영천시,남성,30대,4269,0.008351,0.8351,1
47230,경상북도,영천시,남성,40대,5660,0.011073,1.1073,1
47230,경상북도,영천시,남성,50대,9004,0.017614,1.7614,2
47230,경상북도,영천시,남성,60대,10873,0.021271,2.1271,2
47230,경상북도,영천시,남성,70대,6896,0.013491,1.3491,1
47230,경상북도,영천시,남성,80세 이상,2951,0.005773,0.5773,1
47230,경상북도,영천시,여성,0-9세,2008,0.003928,0.3928,0
47230,경상북도,영천시,여성,10대,2825,0.005526,0.5526,1
47230,경상북도,영천시,여성,20대,2648,0.00518,0.518,1
47230,경상북도,영천시,여성,30대,3502,0.006851,0.6851,1
47230,경상북도,영천시,여성,40대,4505,0.008813,0.8813,1
47230,경상북도,영천시,여성,50대,7561,0.014791,1.4791,1
47230,경상북도,영천시,여성,60대,9855,0.019279,1.9279,2
47230,경상북도,영천시,여성,70대,7531,0.014733,1.4733,1
47230,경상북도,영천시,여성,80세 이상,6058,0.011851,1.1851,1
47250,경상북도,상주시,남성,0-9세,1762,0.003447,0.3447,0
47250,경상북도,상주시,남성,10대,3653,0.007146,0.7146,1
47250,경상북도,상주시,남성,20대,3372,0.006597,0.6597,1
47250,경상북도,상주시,남성,30대,3266,0.006389,0.6389,1
47250,경상북도,상주시,남성,40대,4842,0.009472,0.9472,1
47250,경상북도,상주시,남성,50대,7786,0.015232,1.5232,1
47250,경상북도,상주시,남성,60대,10100,0.019758,1.9758,2
47250,경상북도,상주시,남성,70대,6442,0.012602,1.2602,1
47250,경상북도,상주시,남성,80세 이상,3162,0.006186,0.6186,1
47250,경상북도,상주시,여성,0-9세,1671,0.003269,0.3269,0
47250,경상북도,상주시,여성,10대,3229,0.006317,0.6317,1
47250,경상북도,상주시,여성,20대,2509,0.004908,0.4908,1
47250,경상북도,상주시,여성,30대,2705,0.005292,0.5292,1
47250,경상북도,상주시,여성,40대,4276,0.008365,0.8365,1
47250,경상북도,상주시,여성,50대,6788,0.013279,1.3279,1
47250,경상북도,상주시,여성,60대,9656,0.01889,1.889,2
47250,경상북도,상주시,여성,70대,7442,0.014559,1.4559,1
47250,경상북도,상주시,여성,80세 이상,7227,0.014138,1.4138,1
47280,경상북도,문경시,남성,0-9세,1284,0.002512,0.2512,0
47280,경상북도,문경시,남성,10대,2602,0.00509,0.509,1
47280,경상북도,문경시,남성,20대,2545,0.004979,0.4979,1
47280,경상북도,문경시,남성,30대,2362,0.004621,0.4621,1
47280,경상북도,문경시,남성,40대,3610,0.007062,0.7062,1
47280,경상북도,문경시,남성,50대,5682,0.011116,1.1116,1
47280,경상북도,문경시,남성,60대,7198,0.014081,1.4081,1
47280,경상북도,문경시,남성,70대,4623,0.009044,0.9044,1
47280,경상북도,문경시,남성,80세 이상,2250,0.004402,0.4402,1
47280,경상북도,문경시,여성,0-9세,1231,0.002408,0.2408,0
47280,경상북도,문경시,여성,10대,2238,0.004378,0.4378,0
47280,경상북도,문경시,여성,20대,1946,0.003807,0.3807,0
47280,경상북도,문경시,여성,30대,1989,0.003891,0.3891,0
47280,경상북도,문경시,여성,40대,3295,0.006446,0.6446,1
47280,경상북도,문경시,여성,50대,5015,0.009811,0.9811,1
47280,경상북도,문경시,여성,60대,7047,0.013786,1.3786,1
47280,경상북도,문경시,여성,70대,5519,0.010797,1.0797,1
47280,경상북도,문경시,여성,80세 이상,4912,0.009609,0.9609,1
47290,경상북도,경산시,남성,0-9세,7286,0.014253,1.4253,1
47290,경상북도,경산시,남성,10대,11692,0.022873,2.2873,2
47290,경상북도,경산시,남성,20대,18124,0.035456,3.5456,4
47290,경상북도,경산시,남성,30대,16753,0.032774,3.2774,3
47290,경상북도,경산시,남성,40대,18957,0.037085,3.7085,4
47290,경상북도,경산시,남성,50대,23071,0.045133,4.5133,4
47290,경상북도,경산시,남성,60대,20736,0.040565,4.0565,4
47290,경상북도,경산시,남성,70대,11258,0.022024,2.2024,2
47290,경상북도,경산시,남성,80세 이상,4587,0.008973,0.8973,1
47290,경상북도,경산시,여성,0-9세,7153,0.013993,1.3993,2
47290,경상북도,경산시,여성,10대,11217,0.021944,2.1944,2
47290,경상북도,경산시,여성,20대,14994,0.029332,2.9332,3
47290,경상북도,경산시,여성,30대,13756,0.026911,2.6911,3
47290,경상북도,경산시,여성,40대,17646,0.034521,3.4521,3
47290,경상북도,경산시,여성,50대,23042,0.045077,4.5077,5
47290,경상북도,경산시,여성,60대,21390,0.041845,4.1845,4
47290,경상북도,경산시,여성,70대,13372,0.026159,2.6159,3
47290,경상북도,경산시,여성,80세 이상,8819,0.017252,1.7252,2
47730,경상북도,의성군,남성,0-9세,667,0.001305,0.1305,0
47730,경상북도,의성군,남성,10대,1126,0.002203,0.2203,0
47730,경상북도,의성군,남성,20대,1130,0.002211,0.2211,0
47730,경상북도,의성군,남성,30대,1511,0.002956,0.2956,0
47730,경상북도,의성군,남성,40대,2175,0.004255,0.4255,1
47730,경상북도,의성군,남성,50대,4084,0.007989,0.7989,1
47730,경상북도,의성군,남성,60대,6466,0.012649,1.2649,1
47730,경상북도,의성군,남성,70대,4507,0.008817,0.8817,1
47730,경상북도,의성군,남성,80세 이상,2362,0.004621,0.4621,1
47730,경상북도,의성군,여성,0-9세,604,0.001182,0.1182,0
47730,경상북도,의성군,여성,10대,908,0.001776,0.1776,0
47730,경상북도,의성군,여성,20대,817,0.001598,0.1598,0
47730,경상북도,의성군,여성,30대,1103,0.002158,0.2158,0
47730,경상북도,의성군,여성,40대,1561,0.003054,0.3054,0
47730,경상북도,의성군,여성,50대,2953,0.005777,0.5777,1
47730,경상북도,의성군,여성,60대,5862,0.011468,1.1468,1
47730,경상북도,의성군,여성,70대,5047,0.009873,0.9873,1
47730,경상북도,의성군,여성,80세 이상,5019,0.009819,0.9819,1
47750,경상북도,청송군,남성,0-9세,365,0.000714,0.0714,0
47750,경상북도,청송군,남성,10대,512,0.001002,0.1002,0
47750,경상북도,청송군,남성,20대,670,0.001311,0.1311,0
47750,경상북도,청송군,남성,30대,898,0.001757,0.1757,0
47750,경상북도,청송군,남성,40대,1066,0.002085,0.2085,0
47750,경상북도,청송군,남성,50대,2090,0.004089,0.4089,1
47750,경상북도,청송군,남성,60대,3088,0.006041,0.6041,1
47750,경상북도,청송군,남성,70대,2054,0.004018,0.4018,0
47750,경상북도,청송군,남성,80세 이상,1056,0.002066,0.2066,0
47750,경상북도,청송군,여성,0-9세,330,0.000646,0.0646,0
47750,경상북도,청송군,여성,10대,481,0.000941,0.0941,0
47750,경상북도,청송군,여성,20대,495,0.000968,0.0968,0
47750,경상북도,청송군,여성,30대,548,0.001072,0.1072,0
47750,경상북도,청송군,여성,40대,807,0.001579,0.1579,0
47750,경상북도,청송군,여성,50대,1634,0.003197,0.3197,0
47750,경상북도,청송군,여성,60대,2865,0.005605,0.5605,1
47750,경상북도,청송군,여성,70대,2215,0.004333,0.4333,1
47750,경상북도,청송군,여성,80세 이상,2189,0.004282,0.4282,1
47760,경상북도,영양군,남성,0-9세,212,0.000415,0.0415,0
47760,경상북도,영양군,남성,10대,466,0.000912,0.0912,0
47760,경상북도,영양군,남성,20대,508,0.000994,0.0994,0
47760,경상북도,영양군,남성,30대,523,0.001023,0.1023,0
47760,경상북도,영양군,남성,40대,775,0.001516,0.1516,0
47760,경상북도,영양군,남성,50대,1540,0.003013,0.3013,0
47760,경상북도,영양군,남성,60대,2000,0.003913,0.3913,1
47760,경상북도,영양군,남성,70대,1260,0.002465,0.2465,0
47760,경상북도,영양군,남성,80세 이상,678,0.001326,0.1326,1
47760,경상북도,영양군,여성,0-9세,209,0.000409,0.0409,0
47760,경상북도,영양군,여성,10대,429,0.000839,0.0839,0
47760,경상북도,영양군,여성,20대,407,0.000796,0.0796,0
47760,경상북도,영양군,여성,30대,420,0.000822,0.0822,0
47760,경상북도,영양군,여성,40대,577,0.001129,0.1129,0
47760,경상북도,영양군,여성,50대,1103,0.002158,0.2158,0
47760,경상북도,영양군,여성,60대,1868,0.003654,0.3654,1
47760,경상북도,영양군,여성,70대,1435,0.002807,0.2807,0
47760,경상북도,영양군,여성,80세 이상,1531,0.002995,0.2995,0
47770,경상북도,영덕군,남성,0-9세,466,0.000912,0.0912,0
47770,경상북도,영덕군,남성,10대,916,0.001792,0.1792,0
47770,경상북도,영덕군,남성,20대,917,0.001794,0.1794,0
47770,경상북도,영덕군,남성,30대,1019,0.001993,0.1993,0
47770,경상북도,영덕군,남성,40대,1546,0.003024,0.3024,0
47770,경상북도,영덕군,남성,50대,2966,0.005802,0.5802,1
47770,경상북도,영덕군,남성,60대,3799,0.007432,0.7432,1
47770,경상북도,영덕군,남성,70대,2650,0.005184,0.5184,1
47770,경상북도,영덕군,남성,80세 이상,1431,0.002799,0.2799,0
47770,경상북도,영덕군,여성,0-9세,489,0.000957,0.0957,0
47770,경상북도,영덕군,여성,10대,821,0.001606,0.1606,0
47770,경상북도,영덕군,여성,20대,672,0.001315,0.1315,0
47770,경상북도,영덕군,여성,30대,808,0.001581,0.1581,0
47770,경상북도,영덕군,여성,40대,1425,0.002788,0.2788,0
47770,경상북도,영덕군,여성,50대,2329,0.004556,0.4556,0
47770,경상북도,영덕군,여성,60대,3751,0.007338,0.7338,1
47770,경상북도,영덕군,여성,70대,3271,0.006399,0.6399,1
47770,경상북도,영덕군,여성,80세 이상,3422,0.006694,0.6694,1
47820,경상북도,청도군,남성,0-9세,515,0.001007,0.1007,0
47820,경상북도,청도군,남성,10대,1004,0.001964,0.1964,0
47820,경상북도,청도군,남성,20대,994,0.001945,0.1945,0
47820,경상북도,청도군,남성,30대,1174,0.002297,0.2297,0
47820,경상북도,청도군,남성,40대,1959,0.003832,0.3832,1
47820,경상북도,청도군,남성,50대,3422,0.006694,0.6694,1
47820,경상북도,청도군,남성,60대,5478,0.010717,1.0717,1
47820,경상북도,청도군,남성,70대,3787,0.007408,0.7408,1
47820,경상북도,청도군,남성,80세 이상,1694,0.003314,0.3314,0
47820,경상북도,청도군,여성,0-9세,493,0.000964,0.0964,0
47820,경상북도,청도군,여성,10대,979,0.001915,0.1915,0
47820,경상북도,청도군,여성,20대,748,0.001463,0.1463,0
47820,경상북도,청도군,여성,30대,965,0.001888,0.1888,0
47820,경상북도,청도군,여성,40대,1573,0.003077,0.3077,0
47820,경상북도,청도군,여성,50대,2828,0.005532,0.5532,1
47820,경상북도,청도군,여성,60대,4886,0.009558,0.9558,1
47820,경상북도,청도군,여성,70대,4084,0.007989,0.7989,1
47820,경상북도,청도군,여성,80세 이상,3534,0.006914,0.6914,1
47830,경상북도,고령군,남성,0-9세,449,0.000878,0.0878,0
47830,경상북도,고령군,남성,10대,884,0.001729,0.1729,0
47830,경상북도,고령군,남성,20대,1026,0.002007,0.2007,0
47830,경상북도,고령군,남성,30대,1021,0.001997,0.1997,0
47830,경상북도,고령군,남성,40대,1608,0.003146,0.3146,0
47830,경상북도,고령군,남성,50대,3000,0.005869,0.5869,1
47830,경상북도,고령군,남성,60대,3889,0.007608,0.7608,1
47830,경상북도,고령군,남성,70대,2398,0.004691,0.4691,1
47830,경상북도,고령군,남성,80세 이상,1058,0.00207,0.207,0
47830,경상북도,고령군,여성,0-9세,416,0.000814,0.0814,0
47830,경상북도,고령군,여성,10대,773,0.001512,0.1512,0
47830,경상북도,고령군,여성,20대,716,0.001401,0.1401,0
47830,경상북도,고령군,여성,30대,831,0.001626,0.1626,0
47830,경상북도,고령군,여성,40대,1289,0.002522,0.2522,0
47830,경상북도,고령군,여성,50대,2257,0.004415,0.4415,1
47830,경상북도,고령군,여성,60대,3329,0.006512,0.6512,1
47830,경상북도,고령군,여성,70대,2480,0.004852,0.4852,1
47830,경상북도,고령군,여성,80세 이상,2243,0.004388,0.4388,0
47840,경상북도,성주군,남성,0-9세,629,0.001231,0.1231,0
47840,경상북도,성주군,남성,10대,1019,0.001993,0.1993,0
47840,경상북도,성주군,남성,20대,1195,0.002338,0.2338,0
47840,경상북도,성주군,남성,30대,1622,0.003173,0.3173,0
47840,경상북도,성주군,남성,40대,2242,0.004386,0.4386,1
47840,경상북도,성주군,남성,50대,3910,0.007649,0.7649,1
47840,경상북도,성주군,남성,60대,5811,0.011368,1.1368,1
47840,경상북도,성주군,남성,70대,3480,0.006808,0.6808,1
47840,경상북도,성주군,남성,80세 이상,1411,0.00276,0.276,0
47840,경상북도,성주군,여성,0-9세,641,0.001254,0.1254,0
47840,경상북도,성주군,여성,10대,957,0.001872,0.1872,0
47840,경상북도,성주군,여성,20대,809,0.001583,0.1583,0
47840,경상북도,성주군,여성,30대,1124,0.002199,0.2199,0
47840,경상북도,성주군,여성,40대,1578,0.003087,0.3087,0
47840,경상북도,성주군,여성,50대,2973,0.005816,0.5816,1
47840,경상북도,성주군,여성,60대,4860,0.009508,0.9508,1
47840,경상북도,성주군,여성,70대,3627,0.007095,0.7095,1
47840,경상북도,성주군,여성,80세 이상,2832,0.00554,0.554,1
47850,경상북도,칠곡군,남성,0-9세,2548,0.004985,0.4985,1
47850,경상북도,칠곡군,남성,10대,5441,0.010644,1.0644,1
47850,경상북도,칠곡군,남성,20대,5204,0.01018,1.018,1
47850,경상북도,칠곡군,남성,30대,5497,0.010754,1.0754,1
47850,경상북도,칠곡군,남성,40대,9480,0.018546,1.8546,2
47850,경상북도,칠곡군,남성,50대,11420,0.022341,2.2341,2
47850,경상북도,칠곡군,남성,60대,9425,0.018438,1.8438,2
47850,경상북도,칠곡군,남성,70대,4387,0.008582,0.8582,1
47850,경상북도,칠곡군,남성,80세 이상,1806,0.003533,0.3533,0
47850,경상북도,칠곡군,여성,0-9세,2465,0.004822,0.4822,0
47850,경상북도,칠곡군,여성,10대,4958,0.009699,0.9699,1
47850,경상북도,칠곡군,여성,20대,3399,0.006649,0.6649,1
47850,경상북도,칠곡군,여성,30대,4404,0.008615,0.8615,1
47850,경상북도,칠곡군,여성,40대,7993,0.015637,1.5637,1
47850,경상북도,칠곡군,여성,50대,9685,0.018947,1.8947,2
47850,경상북도,칠곡군,여성,60대,8035,0.015719,1.5719,1
47850,경상북도,칠곡군,여성,70대,4702,0.009198,0.9198,1
47850,경상북도,칠곡군,여성,80세 이상,3993,0.007811,0.7811,1
47900,경상북도,예천군,남성,0-9세,1775,0.003472,0.3472,0
47900,경상북도,예천군,남성,10대,2453,0.004799,0.4799,0
47900,경상북도,예천군,남성,20대,1827,0.003574,0.3574,0
47900,경상북도,예천군,남성,30대,2537,0.004963,0.4963,1
47900,경상북도,예천군,남성,40대,3464,0.006777,0.6777,1
47900,경상북도,예천군,남성,50대,4101,0.008023,0.8023,1
47900,경상북도,예천군,남성,60대,5071,0.00992,0.992,1
47900,경상북도,예천군,남성,70대,3480,0.006808,0.6808,1
47900,경상북도,예천군,남성,80세 이상,1953,0.003821,0.3821,0
47900,경상북도,예천군,여성,0-9세,1777,0.003476,0.3476,0
47900,경상북도,예천군,여성,10대,2266,0.004433,0.4433,0
47900,경상북도,예천군,여성,20대,1369,0.002678,0.2678,0
47900,경상북도,예천군,여성,30대,2398,0.004691,0.4691,0
47900,경상북도,예천군,여성,40대,3316,0.006487,0.6487,1
47900,경상북도,예천군,여성,50대,3385,0.006622,0.6622,1
47900,경상북도,예천군,여성,60대,4792,0.009375,0.9375,1
47900,경상북도,예천군,여성,70대,3923,0.007674,0.7674,1
47900,경상북도,예천군,여성,80세 이상,4000,0.007825,0.7825,1
47920,경상북도,봉화군,남성,0-9세,405,0.000792,0.0792,0
47920,경상북도,봉화군,남성,10대,847,0.001657,0.1657,0
47920,경상북도,봉화군,남성,20대,780,0.001526,0.1526,0
47920,경상북도,봉화군,남성,30대,785,0.001536,0.1536,0
47920,경상북도,봉화군,남성,40대,1295,0.002533,0.2533,0
47920,경상북도,봉화군,남성,50대,2624,0.005133,0.5133,1
47920,경상북도,봉화군,남성,60대,3927,0.007682,0.7682,1
47920,경상북도,봉화군,남성,70대,2517,0.004924,0.4924,0
47920,경상북도,봉화군,남성,80세 이상,1284,0.002512,0.2512,0
47920,경상북도,봉화군,여성,0-9세,343,0.000671,0.0671,0
47920,경상북도,봉화군,여성,10대,821,0.001606,0.1606,0
47920,경상북도,봉화군,여성,20대,494,0.000966,0.0966,0
47920,경상북도,봉화군,여성,30대,583,0.001141,0.1141,0
47920,경상북도,봉화군,여성,40대,996,0.001948,0.1948,0
47920,경상북도,봉화군,여성,50대,1976,0.003866,0.3866,0
47920,경상북도,봉화군,여성,60대,3397,0.006645,0.6645,1
47920,경상북도,봉화군,여성,70대,2579,0.005045,0.5045,1
47920,경상북도,봉화군,여성,80세 이상,2662,0.005208,0.5208,1
47930,경상북도,울진군,남성,0-9세,1096,0.002144,0.2144,0
47930,경상북도,울진군,남성,10대,1667,0.003261,0.3261,0
47930,경상북도,울진군,남성,20대,2114,0.004136,0.4136,1
47930,경상북도,울진군,남성,30대,2318,0.004535,0.4535,1
47930,경상북도,울진군,남성,40대,2668,0.005219,0.5219,0
47930,경상북도,울진군,남성,50대,4497,0.008797,0.8797,1
47930,경상북도,울진군,남성,60대,4873,0.009533,0.9533,1
47930,경상북도,울진군,남성,70대,2795,0.005468,0.5468,0
47930,경상북도,울진군,남성,80세 이상,1402,0.002743,0.2743,0
47930,경상북도,울진군,여성,0-9세,987,0.001931,0.1931,0
47930,경상북도,울진군,여성,10대,1457,0.00285,0.285,0
47930,경상북도,울진군,여성,20대,1404,0.002747,0.2747,0
47930,경상북도,울진군,여성,30대,1680,0.003287,0.3287,0
47930,경상북도,울진군,여성,40대,2376,0.004648,0.4648,1
47930,경상북도,울진군,여성,50대,3501,0.006849,0.6849,1
47930,경상북도,울진군,여성,60대,4504,0.008811,0.8811,1
47930,경상북도,울진군,여성,70대,3134,0.006131,0.6131,1
47930,경상북도,울진군,여성,80세 이상,3423,0.006696,0.6696,1
47940,경상북도,울릉군,남성,0-9세,123,0.000241,0.0241,0
47940,경상북도,울릉군,남성,10대,213,0.000417,0.0417,0
47940,경상북도,울릉군,남성,20대,433,0.000847,0.0847,0
47940,경상북도,울릉군,남성,30대,504,0.000986,0.0986,0
47940,경상북도,울릉군,남성,40대,639,0.00125,0.125,0
47940,경상북도,울릉군,남성,50대,1071,0.002095,0.2095,0
47940,경상북도,울릉군,남성,60대,1105,0.002162,0.2162,1
47940,경상북도,울릉군,남성,70대,576,0.001127,0.1127,0
47940,경상북도,울릉군,남성,80세 이상,226,0.000442,0.0442,1
47940,경상북도,울릉군,여성,0-9세,113,0.000221,0.0221,0
47940,경상북도,울릉군,여성,10대,210,0.000411,0.0411,0
47940,경상북도,울릉군,여성,20대,215,0.000421,0.0421,0
47940,경상북도,울릉군,여성,30대,270,0.000528,0.0528,0
47940,경상북도,울릉군,여성,40대,421,0.000824,0.0824,0
47940,경상북도,울릉군,여성,50대,678,0.001326,0.1326,0
47940,경상북도,울릉군,여성,60대,896,0.001753,0.1753,0
47940,경상북도,울릉군,여성,70대,589,0.001152,0.1152,0
47940,경상북도,울릉군,여성,80세 이상,414,0.00081,0.081,0
48120,경상남도,창원시,남성,0-9세,29316,0.05735,5.735,6
48120,경상남도,창원시,남성,10대,49529,0.096893,9.6893,10
48120,경상남도,창원시,남성,20대,55654,0.108875,10.8875,11
48120,경상남도,창원시,남성,30대,64299,0.125787,12.5787,13
48120,경상남도,창원시,남성,40대,78081,0.152748,15.2748,15
48120,경상남도,창원시,남성,50대,88075,0.1723,17.23,17
48120,경상남도,창원시,남성,60대,81894,0.160208,16.0208,16
48120,경상남도,창원시,남성,70대,41194,0.080587,8.0587,8
48120,경상남도,창원시,남성,80세 이상,13239,0.025899,2.5899,3
48120,경상남도,창원시,여성,0-9세,28017,0.054809,5.4809,5
48120,경상남도,창원시,여성,10대,46095,0.090175,9.0175,9
48120,경상남도,창원시,여성,20대,42382,0.082911,8.2911,8
48120,경상남도,창원시,여성,30대,54559,0.106733,10.6733,11
48120,경상남도,창원시,여성,40대,73081,0.142967,14.2967,14
48120,경상남도,창원시,여성,50대,88949,0.174009,17.4009,17
48120,경상남도,창원시,여성,60대,85087,0.166454,16.6454,17
48120,경상남도,창원시,여성,70대,46478,0.090924,9.0924,9
48120,경상남도,창원시,여성,80세 이상,24969,0.048846,4.8846,5
48170,경상남도,진주시,남성,0-9세,10593,0.020723,2.0723,2
48170,경상남도,진주시,남성,10대,17400,0.034039,3.4039,3
48170,경상남도,진주시,남성,20대,20715,0.040524,4.0524,4
48170,경상남도,진주시,남성,30대,20793,0.040677,4.0677,4
48170,경상남도,진주시,남성,40대,23262,0.045507,4.5507,5
48170,경상남도,진주시,남성,50대,28432,0.055621,5.5621,6
48170,경상남도,진주시,남성,60대,25162,0.049224,4.9224,5
48170,경상남도,진주시,남성,70대,14040,0.027466,2.7466,3
48170,경상남도,진주시,남성,80세 이상,5600,0.010955,1.0955,1
48170,경상남도,진주시,여성,0-9세,9959,0.019483,1.9483,2
48170,경상남도,진주시,여성,10대,16016,0.031332,3.1332,3
48170,경상남도,진주시,여성,20대,16754,0.032776,3.2776,3
48170,경상남도,진주시,여성,30대,18396,0.035988,3.5988,4
48170,경상남도,진주시,여성,40대,23886,0.046728,4.6728,5
48170,경상남도,진주시,여성,50대,28842,0.056423,5.6423,6
48170,경상남도,진주시,여성,60대,27143,0.053099,5.3099,5
48170,경상남도,진주시,여성,70대,17267,0.033779,3.3779,3
48170,경상남도,진주시,여성,80세 이상,11679,0.022847,2.2847,2
48220,경상남도,통영시,남성,0-9세,2499,0.004889,0.4889,1
48220,경상남도,통영시,남성,10대,6223,0.012174,1.2174,1
48220,경상남도,통영시,남성,20대,4909,0.009603,0.9603,1
48220,경상남도,통영시,남성,30대,4641,0.009079,0.9079,1
48220,경상남도,통영시,남성,40대,9112,0.017826,1.7826,2
48220,경상남도,통영시,남성,50대,11596,0.022685,2.2685,2
48220,경상남도,통영시,남성,60대,10903,0.021329,2.1329,2
48220,경상남도,통영시,남성,70대,6512,0.012739,1.2739,1
48220,경상남도,통영시,남성,80세 이상,2226,0.004355,0.4355,0
48220,경상남도,통영시,여성,0-9세,2427,0.004748,0.4748,1
48220,경상남도,통영시,여성,10대,5976,0.011691,1.1691,1
48220,경상남도,통영시,여성,20대,3665,0.00717,0.717,1
48220,경상남도,통영시,여성,30대,4231,0.008277,0.8277,1
48220,경상남도,통영시,여성,40대,8399,0.016431,1.6431,2
48220,경상남도,통영시,여성,50대,10147,0.01985,1.985,2
48220,경상남도,통영시,여성,60대,11315,0.022135,2.2135,2
48220,경상남도,통영시,여성,70대,7302,0.014285,1.4285,1
48220,경상남도,통영시,여성,80세 이상,4584,0.008968,0.8968,1
48240,경상남도,사천시,남성,0-9세,2778,0.005435,0.5435,1
48240,경상남도,사천시,남성,10대,5261,0.010292,1.0292,1
48240,경상남도,사천시,남성,20대,5354,0.010474,1.0474,1
48240,경상남도,사천시,남성,30대,5918,0.011577,1.1577,1
48240,경상남도,사천시,남성,40대,7948,0.015549,1.5549,2
48240,경상남도,사천시,남성,50대,10348,0.020244,2.0244,2
48240,경상남도,사천시,남성,60대,9170,0.017939,1.7939,2
48240,경상남도,사천시,남성,70대,5657,0.011067,1.1067,1
48240,경상남도,사천시,남성,80세 이상,2361,0.004619,0.4619,0
48240,경상남도,사천시,여성,0-9세,2551,0.00499,0.499,0
48240,경상남도,사천시,여성,10대,4836,0.009461,0.9461,1
48240,경상남도,사천시,여성,20대,3541,0.006927,0.6927,1
48240,경상남도,사천시,여성,30대,4415,0.008637,0.8637,1
48240,경상남도,사천시,여성,40대,7344,0.014367,1.4367,1
48240,경상남도,사천시,여성,50대,9129,0.017859,1.7859,2
48240,경상남도,사천시,여성,60대,9192,0.017982,1.7982,2
48240,경상남도,사천시,여성,70대,6786,0.013275,1.3275,1
48240,경상남도,사천시,여성,80세 이상,5346,0.010458,1.0458,1
48250,경상남도,김해시,남성,0-9세,17683,0.034593,3.4593,4
48250,경상남도,김해시,남성,10대,30160,0.059001,5.9001,6
48250,경상남도,김해시,남성,20대,29982,0.058653,5.8653,6
48250,경상남도,김해시,남성,30대,34074,0.066658,6.6658,7
48250,경상남도,김해시,남성,40대,43587,0.085268,8.5268,8
48250,경상남도,김해시,남성,50대,52252,0.10222,10.222,10
48250,경상남도,김해시,남성,60대,40031,0.078312,7.8312,8
48250,경상남도,김해시,남성,70대,16362,0.032009,3.2009,3
48250,경상남도,김해시,남성,80세 이상,5503,0.010765,1.0765,1
48250,경상남도,김해시,여성,0-9세,16599,0.032472,3.2472,3
48250,경상남도,김해시,여성,10대,28925,0.056585,5.6585,6
48250,경상남도,김해시,여성,20대,24029,0.047007,4.7007,5
48250,경상남도,김해시,여성,30대,30315,0.059305,5.9305,6
48250,경상남도,김해시,여성,40대,42807,0.083743,8.3743,8
48250,경상남도,김해시,여성,50대,52327,0.102366,10.2366,10
48250,경상남도,김해시,여성,60대,38058,0.074452,7.4452,7
48250,경상남도,김해시,여성,70대,19005,0.037179,3.7179,4
48250,경상남도,김해시,여성,80세 이상,11336,0.022176,2.2176,2
48270,경상남도,밀양시,남성,0-9세,1852,0.003623,0.3623,0
48270,경상남도,밀양시,남성,10대,3652,0.007144,0.7144,1
48270,경상남도,밀양시,남성,20대,3865,0.007561,0.7561,1
48270,경상남도,밀양시,남성,30대,4196,0.008209,0.8209,1
48270,경상남도,밀양시,남성,40대,5808,0.011362,1.1362,1
48270,경상남도,밀양시,남성,50대,8557,0.01674,1.674,2
48270,경상남도,밀양시,남성,60대,11294,0.022094,2.2094,2
48270,경상남도,밀양시,남성,70대,7156,0.013999,1.3999,1
48270,경상남도,밀양시,남성,80세 이상,2877,0.005628,0.5628,1
48270,경상남도,밀양시,여성,0-9세,1789,0.0035,0.35,0
48270,경상남도,밀양시,여성,10대,3302,0.00646,0.646,1
48270,경상남도,밀양시,여성,20대,2715,0.005311,0.5311,1
48270,경상남도,밀양시,여성,30대,3318,0.006491,0.6491,1
48270,경상남도,밀양시,여성,40대,5184,0.010141,1.0141,1
48270,경상남도,밀양시,여성,50대,8004,0.015658,1.5658,1
48270,경상남도,밀양시,여성,60대,11393,0.022288,2.2288,2
48270,경상남도,밀양시,여성,70대,8177,0.015997,1.5997,1
48270,경상남도,밀양시,여성,80세 이상,6113,0.011959,1.1959,1
48310,경상남도,거제시,남성,0-9세,7506,0.014684,1.4684,2
48310,경상남도,거제시,남성,10대,15054,0.02945,2.945,3
48310,경상남도,거제시,남성,20대,10732,0.020995,2.0995,2
48310,경상남도,거제시,남성,30대,12064,0.023601,2.3601,2
48310,경상남도,거제시,남성,40대,23853,0.046663,4.6663,5
48310,경상남도,거제시,남성,50대,24708,0.048336,4.8336,5
48310,경상남도,거제시,남성,60대,17358,0.033957,3.3957,3
48310,경상남도,거제시,남성,70대,7901,0.015457,1.5457,1
48310,경상남도,거제시,남성,80세 이상,2283,0.004466,0.4466,1
48310,경상남도,거제시,여성,0-9세,6974,0.013643,1.3643,1
48310,경상남도,거제시,여성,10대,13969,0.027327,2.7327,3
48310,경상남도,거제시,여성,20대,7770,0.0152,1.52,2
48310,경상남도,거제시,여성,30대,10638,0.020811,2.0811,2
48310,경상남도,거제시,여성,40대,20677,0.04045,4.045,4
48310,경상남도,거제시,여성,50대,20556,0.040213,4.0213,4
48310,경상남도,거제시,여성,60대,16364,0.032013,3.2013,3
48310,경상남도,거제시,여성,70대,8015,0.01568,1.568,1
48310,경상남도,거제시,여성,80세 이상,4756,0.009304,0.9304,1
48330,경상남도,양산시,남성,0-9세,12882,0.025201,2.5201,3
48330,경상남도,양산시,남성,10대,19142,0.037447,3.7447,4
48330,경상남도,양산시,남성,20대,17250,0.033746,3.3746,3
48330,경상남도,양산시,남성,30대,23341,0.045662,4.5662,5
48330,경상남도,양산시,남성,40대,31029,0.060701,6.0701,6
48330,경상남도,양산시,남성,50대,31741,0.062094,6.2094,6
48330,경상남도,양산시,남성,60대,27170,0.053152,5.3152,5
48330,경상남도,양산시,남성,70대,13438,0.026289,2.6289,3
48330,경상남도,양산시,남성,80세 이상,4865,0.009517,0.9517,1
48330,경상남도,양산시,여성,0-9세,12144,0.023757,2.3757,2
48330,경상남도,양산시,여성,10대,18370,0.035937,3.5937,4
48330,경상남도,양산시,여성,20대,14813,0.028978,2.8978,3
48330,경상남도,양산시,여성,30대,21460,0.041982,4.1982,4
48330,경상남도,양산시,여성,40대,29375,0.057466,5.7466,6
48330,경상남도,양산시,여성,50대,31829,0.062266,6.2266,6
48330,경상남도,양산시,여성,60대,27621,0.054034,5.4034,5
48330,경상남도,양산시,여성,70대,15720,0.030753,3.0753,3
48330,경상남도,양산시,여성,80세 이상,8965,0.017538,1.7538,2
48720,경상남도,의령군,남성,0-9세,368,0.00072,0.072,0
48720,경상남도,의령군,남성,10대,704,0.001377,0.1377,0
48720,경상남도,의령군,남성,20대,801,0.001567,0.1567,0
48720,경상남도,의령군,남성,30대,743,0.001454,0.1454,0
48720,경상남도,의령군,남성,40대,1178,0.002305,0.2305,0
48720,경상남도,의령군,남성,50대,2276,0.004452,0.4452,1
48720,경상남도,의령군,남성,60대,3286,0.006428,0.6428,1
48720,경상남도,의령군,남성,70대,2071,0.004051,0.4051,0
48720,경상남도,의령군,남성,80세 이상,925,0.00181,0.181,0
48720,경상남도,의령군,여성,0-9세,318,0.000622,0.0622,0
48720,경상남도,의령군,여성,10대,579,0.001133,0.1133,0
48720,경상남도,의령군,여성,20대,493,0.000964,0.0964,0
48720,경상남도,의령군,여성,30대,642,0.001256,0.1256,0
48720,경상남도,의령군,여성,40대,975,0.001907,0.1907,0
48720,경상남도,의령군,여성,50대,1778,0.003478,0.3478,0
48720,경상남도,의령군,여성,60대,2706,0.005294,0.5294,1
48720,경상남도,의령군,여성,70대,2178,0.004261,0.4261,1
48720,경상남도,의령군,여성,80세 이상,2615,0.005116,0.5116,1
48730,경상남도,함안군,남성,0-9세,1106,0.002164,0.2164,0
48730,경상남도,함안군,남성,10대,2694,0.00527,0.527,1
48730,경상남도,함안군,남성,20대,2230,0.004363,0.4363,0
48730,경상남도,함안군,남성,30대,2138,0.004183,0.4183,0
48730,경상남도,함안군,남성,40대,3691,0.007221,0.7221,1
48730,경상남도,함안군,남성,50대,5794,0.011335,1.1335,1
48730,경상남도,함안군,남성,60대,6519,0.012753,1.2753,1
48730,경상남도,함안군,남성,70대,3902,0.007633,0.7633,1
48730,경상남도,함안군,남성,80세 이상,1482,0.002899,0.2899,0
48730,경상남도,함안군,여성,0-9세,977,0.001911,0.1911,0
48730,경상남도,함안군,여성,10대,2547,0.004983,0.4983,1
48730,경상남도,함안군,여성,20대,1414,0.002766,0.2766,0
48730,경상남도,함안군,여성,30대,1700,0.003326,0.3326,0
48730,경상남도,함안군,여성,40대,3447,0.006743,0.6743,1
48730,경상남도,함안군,여성,50대,4587,0.008973,0.8973,1
48730,경상남도,함안군,여성,60대,5729,0.011208,1.1208,1
48730,경상남도,함안군,여성,70대,4004,0.007833,0.7833,1
48730,경상남도,함안군,여성,80세 이상,3597,0.007037,0.7037,1
48740,경상남도,창녕군,남성,0-9세,964,0.001886,0.1886,0
48740,경상남도,창녕군,남성,10대,1962,0.003838,0.3838,1
48740,경상남도,창녕군,남성,20대,1693,0.003312,0.3312,0
48740,경상남도,창녕군,남성,30대,2095,0.004098,0.4098,1
48740,경상남도,창녕군,남성,40대,3047,0.005961,0.5961,1
48740,경상남도,창녕군,남성,50대,5078,0.009934,0.9934,1
48740,경상남도,창녕군,남성,60대,6749,0.013203,1.3203,1
48740,경상남도,창녕군,남성,70대,4249,0.008312,0.8312,1
48740,경상남도,창녕군,남성,80세 이상,1799,0.003519,0.3519,0
48740,경상남도,창녕군,여성,0-9세,820,0.001604,0.1604,0
48740,경상남도,창녕군,여성,10대,1765,0.003453,0.3453,0
48740,경상남도,창녕군,여성,20대,1119,0.002189,0.2189,0
48740,경상남도,창녕군,여성,30대,1507,0.002948,0.2948,0
48740,경상남도,창녕군,여성,40대,2516,0.004922,0.4922,1
48740,경상남도,창녕군,여성,50대,4067,0.007956,0.7956,1
48740,경상남도,창녕군,여성,60대,6375,0.012471,1.2471,1
48740,경상남도,창녕군,여성,70대,4778,0.009347,0.9347,1
48740,경상남도,창녕군,여성,80세 이상,4317,0.008445,0.8445,1
48820,경상남도,고성군,남성,0-9세,651,0.001274,0.1274,0
48820,경상남도,고성군,남성,10대,2100,0.004108,0.4108,0
48820,경상남도,고성군,남성,20대,1580,0.003091,0.3091,0
48820,경상남도,고성군,남성,30대,1427,0.002792,0.2792,0
48820,경상남도,고성군,남성,40대,2724,0.005329,0.5329,1
48820,경상남도,고성군,남성,50대,4528,0.008858,0.8858,1
48820,경상남도,고성군,남성,60대,5606,0.010967,1.0967,1
48820,경상남도,고성군,남성,70대,3648,0.007137,0.7137,1
48820,경상남도,고성군,남성,80세 이상,1659,0.003245,0.3245,0
48820,경상남도,고성군,여성,0-9세,590,0.001154,0.1154,0
48820,경상남도,고성군,여성,10대,1696,0.003318,0.3318,0
48820,경상남도,고성군,여성,20대,1061,0.002076,0.2076,0
48820,경상남도,고성군,여성,30대,1101,0.002154,0.2154,0
48820,경상남도,고성군,여성,40대,2269,0.004439,0.4439,1
48820,경상남도,고성군,여성,50대,3681,0.007201,0.7201,1
48820,경상남도,고성군,여성,60대,5116,0.010008,1.0008,1
48820,경상남도,고성군,여성,70대,4041,0.007905,0.7905,1
48820,경상남도,고성군,여성,80세 이상,3621,0.007084,0.7084,1
48840,경상남도,남해군,남성,0-9세,522,0.001021,0.1021,0
48840,경상남도,남해군,남성,10대,1506,0.002946,0.2946,0
48840,경상남도,남해군,남성,20대,1420,0.002778,0.2778,0
48840,경상남도,남해군,남성,30대,1224,0.002394,0.2394,0
48840,경상남도,남해군,남성,40대,1840,0.0036,0.36,0
48840,경상남도,남해군,남성,50대,3632,0.007105,0.7105,1
48840,경상남도,남해군,남성,60대,4738,0.009269,0.9269,1
48840,경상남도,남해군,남성,70대,3309,0.006473,0.6473,1
48840,경상남도,남해군,남성,80세 이상,1711,0.003347,0.3347,0
48840,경상남도,남해군,여성,0-9세,523,0.001023,0.1023,0
48840,경상남도,남해군,여성,10대,1228,0.002402,0.2402,1
48840,경상남도,남해군,여성,20대,924,0.001808,0.1808,0
48840,경상남도,남해군,여성,30대,920,0.0018,0.18,0
48840,경상남도,남해군,여성,40대,1754,0.003431,0.3431,0
48840,경상남도,남해군,여성,50대,3048,0.005963,0.5963,1
48840,경상남도,남해군,여성,60대,4521,0.008844,0.8844,1
48840,경상남도,남해군,여성,70대,3844,0.00752,0.752,1
48840,경상남도,남해군,여성,80세 이상,4106,0.008032,0.8032,1
48850,경상남도,하동군,남성,0-9세,541,0.001058,0.1058,0
48850,경상남도,하동군,남성,10대,1169,0.002287,0.2287,0
48850,경상남도,하동군,남성,20대,1224,0.002394,0.2394,0
48850,경상남도,하동군,남성,30대,1193,0.002334,0.2334,0
48850,경상남도,하동군,남성,40대,1814,0.003549,0.3549,1
48850,경상남도,하동군,남성,50대,3966,0.007759,0.7759,1
48850,경상남도,하동군,남성,60대,5208,0.010188,1.0188,1
48850,경상남도,하동군,남성,70대,3323,0.006501,0.6501,1
48850,경상남도,하동군,남성,80세 이상,1661,0.003249,0.3249,0
48850,경상남도,하동군,여성,0-9세,533,0.001043,0.1043,0
48850,경상남도,하동군,여성,10대,1010,0.001976,0.1976,0
48850,경상남도,하동군,여성,20대,803,0.001571,0.1571,0
48850,경상남도,하동군,여성,30대,928,0.001815,0.1815,0
48850,경상남도,하동군,여성,40대,1511,0.002956,0.2956,0
48850,경상남도,하동군,여성,50대,3166,0.006194,0.6194,1
48850,경상남도,하동군,여성,60대,4640,0.009077,0.9077,1
48850,경상남도,하동군,여성,70대,3552,0.006949,0.6949,1
48850,경상남도,하동군,여성,80세 이상,3732,0.007301,0.7301,1
48860,경상남도,산청군,남성,0-9세,378,0.000739,0.0739,0
48860,경상남도,산청군,남성,10대,949,0.001857,0.1857,0
48860,경상남도,산청군,남성,20대,948,0.001855,0.1855,0
48860,경상남도,산청군,남성,30대,894,0.001749,0.1749,0
48860,경상남도,산청군,남성,40대,1399,0.002737,0.2737,0
48860,경상남도,산청군,남성,50대,3097,0.006059,0.6059,1
48860,경상남도,산청군,남성,60대,4389,0.008586,0.8586,1
48860,경상남도,산청군,남성,70대,2926,0.005724,0.5724,1
48860,경상남도,산청군,남성,80세 이상,1300,0.002543,0.2543,0
48860,경상남도,산청군,여성,0-9세,392,0.000767,0.0767,0
48860,경상남도,산청군,여성,10대,768,0.001502,0.1502,0
48860,경상남도,산청군,여성,20대,685,0.00134,0.134,0
48860,경상남도,산청군,여성,30대,743,0.001454,0.1454,0
48860,경상남도,산청군,여성,40대,1156,0.002261,0.2261,0
48860,경상남도,산청군,여성,50대,2622,0.005129,0.5129,0
48860,경상남도,산청군,여성,60대,3937,0.007702,0.7702,1
48860,경상남도,산청군,여성,70대,2907,0.005687,0.5687,1
48860,경상남도,산청군,여성,80세 이상,3255,0.006368,0.6368,1
48870,경상남도,함양군,남성,0-9세,554,0.001084,0.1084,0
48870,경상남도,함양군,남성,10대,1332,0.002606,0.2606,0
48870,경상남도,함양군,남성,20대,1187,0.002322,0.2322,0
48870,경상남도,함양군,남성,30대,1085,0.002123,0.2123,0
48870,경상남도,함양군,남성,40대,1674,0.003275,0.3275,0
48870,경상남도,함양군,남성,50대,3318,0.006491,0.6491,1
48870,경상남도,함양군,남성,60대,4194,0.008205,0.8205,1
48870,경상남도,함양군,남성,70대,2661,0.005206,0.5206,1
48870,경상남도,함양군,남성,80세 이상,1379,0.002698,0.2698,0
48870,경상남도,함양군,여성,0-9세,557,0.00109,0.109,0
48870,경상남도,함양군,여성,10대,1189,0.002326,0.2326,0
48870,경상남도,함양군,여성,20대,820,0.001604,0.1604,0
48870,경상남도,함양군,여성,30대,890,0.001741,0.1741,0
48870,경상남도,함양군,여성,40대,1583,0.003097,0.3097,0
48870,경상남도,함양군,여성,50대,2806,0.005489,0.5489,1
48870,경상남도,함양군,여성,60대,3866,0.007563,0.7563,1
48870,경상남도,함양군,여성,70대,3032,0.005931,0.5931,1
48870,경상남도,함양군,여성,80세 이상,3345,0.006544,0.6544,1
48880,경상남도,거창군,남성,0-9세,1383,0.002706,0.2706,0
48880,경상남도,거창군,남성,10대,3042,0.005951,0.5951,1
48880,경상남도,거창군,남성,20대,2529,0.004947,0.4947,1
48880,경상남도,거창군,남성,30대,2448,0.004789,0.4789,0
48880,경상남도,거창군,남성,40대,3278,0.006413,0.6413,1
48880,경상남도,거창군,남성,50대,5138,0.010051,1.0051,1
48880,경상남도,거창군,남성,60대,5826,0.011397,1.1397,1
48880,경상남도,거창군,남성,70대,3594,0.007031,0.7031,1
48880,경상남도,거창군,남성,80세 이상,1786,0.003494,0.3494,0
48880,경상남도,거창군,여성,0-9세,1238,0.002422,0.2422,0
48880,경상남도,거창군,여성,10대,2528,0.004945,0.4945,1
48880,경상남도,거창군,여성,20대,1850,0.003619,0.3619,0
48880,경상남도,거창군,여성,30대,2067,0.004044,0.4044,0
48880,경상남도,거창군,여성,40대,3274,0.006405,0.6405,1
48880,경상남도,거창군,여성,50대,4728,0.009249,0.9249,1
48880,경상남도,거창군,여성,60대,5749,0.011247,1.1247,1
48880,경상남도,거창군,여성,70대,4230,0.008275,0.8275,1
48880,경상남도,거창군,여성,80세 이상,4292,0.008396,0.8396,1
48890,경상남도,합천군,남성,0-9세,511,0.001,0.1,0
48890,경상남도,합천군,남성,10대,1051,0.002056,0.2056,0
48890,경상남도,합천군,남성,20대,1082,0.002117,0.2117,0
48890,경상남도,합천군,남성,30대,1100,0.002152,0.2152,0
48890,경상남도,합천군,남성,40대,1764,0.003451,0.3451,0
48890,경상남도,합천군,남성,50대,3478,0.006804,0.6804,1
48890,경상남도,합천군,남성,60대,5282,0.010333,1.0333,1
48890,경상남도,합천군,남성,70대,3363,0.006579,0.6579,1
48890,경상남도,합천군,남성,80세 이상,1732,0.003388,0.3388,1
48890,경상남도,합천군,여성,0-9세,422,0.000826,0.0826,0
48890,경상남도,합천군,여성,10대,902,0.001765,0.1765,0
48890,경상남도,합천군,여성,20대,781,0.001528,0.1528,0
48890,경상남도,합천군,여성,30대,809,0.001583,0.1583,0
48890,경상남도,합천군,여성,40대,1420,0.002778,0.2778,0
48890,경상남도,합천군,여성,50대,2696,0.005274,0.5274,1
48890,경상남도,합천군,여성,60대,4528,0.008858,0.8858,1
48890,경상남도,합천군,여성,70대,3850,0.007532,0.7532,1
48890,경상남도,합천군,여성,80세 이상,4419,0.008645,0.8645,1
50110,제주특별자치도,제주시,남성,0-9세,17019,0.033294,3.3294,3
50110,제주특별자치도,제주시,남성,10대,26947,0.052716,5.2716,5
50110,제주특별자치도,제주시,남성,20대,26984,0.052788,5.2788,5
50110,제주특별자치도,제주시,남성,30대,30486,0.059639,5.9639,6
50110,제주특별자치도,제주시,남성,40대,38107,0.074548,7.4548,7
50110,제주특별자치도,제주시,남성,50대,43881,0.085844,8.5844,9
50110,제주특별자치도,제주시,남성,60대,34081,0.066672,6.6672,7
50110,제주특별자치도,제주시,남성,70대,16674,0.032619,3.2619,3
50110,제주특별자치도,제주시,남성,80세 이상,7599,0.014866,1.4866,2
50110,제주특별자치도,제주시,여성,0-9세,16351,0.031987,3.1987,3
50110,제주특별자치도,제주시,여성,10대,25492,0.04987,4.987,5
50110,제주특별자치도,제주시,여성,20대,24013,0.046976,4.6976,5
50110,제주특별자치도,제주시,여성,30대,29314,0.057346,5.7346,6
50110,제주특별자치도,제주시,여성,40대,37488,0.073337,7.3337,7
50110,제주특별자치도,제주시,여성,50대,42335,0.082819,8.2819,8
50110,제주특별자치도,제주시,여성,60대,34233,0.066969,6.6969,7
50110,제주특별자치도,제주시,여성,70대,19435,0.03802,3.802,4
50110,제주특별자치도,제주시,여성,80세 이상,14743,0.028841,2.8841,3
50130,제주특별자치도,서귀포시,남성,0-9세,5597,0.010949,1.0949,1
50130,제주특별자치도,서귀포시,남성,10대,9192,0.017982,1.7982,2
50130,제주특별자치도,서귀포시,남성,20대,8122,0.015889,1.5889,2
50130,제주특별자치도,서귀포시,남성,30대,8735,0.017088,1.7088,2
50130,제주특별자치도,서귀포시,남성,40대,13537,0.026482,2.6482,2
50130,제주특별자치도,서귀포시,남성,50대,17524,0.034282,3.4282,3
50130,제주특별자치도,서귀포시,남성,60대,15503,0.030328,3.0328,3
50130,제주특별자치도,서귀포시,남성,70대,8106,0.015858,1.5858,1
50130,제주특별자치도,서귀포시,남성,80세 이상,4071,0.007964,0.7964,1
50130,제주특별자치도,서귀포시,여성,0-9세,5254,0.010278,1.0278,1
50130,제주특별자치도,서귀포시,여성,10대,8626,0.016875,1.6875,2
50130,제주특별자치도,서귀포시,여성,20대,6567,0.012847,1.2847,1
50130,제주특별자치도,서귀포시,여성,30대,8467,0.016564,1.6564,2
50130,제주특별자치도,서귀포시,여성,40대,13341,0.026099,2.6099,3
50130,제주특별자치도,서귀포시,여성,50대,15130,0.029599,2.9599,3
50130,제주특별자치도,서귀포시,여성,60대,14761,0.028877,2.8877,3
50130,제주특별자치도,서귀포시,여성,70대,9354,0.018299,1.8299,2
50130,제주특별자치도,서귀포시,여성,80세 이상,7723,0.015108,1.5108,1
51110,강원특별자치도,춘천시,남성,0-9세,8753,0.017123,1.7123,2
51110,강원특별자치도,춘천시,남성,10대,13183,0.02579,2.579,3
51110,강원특별자치도,춘천시,남성,20대,18682,0.036547,3.6547,4
51110,강원특별자치도,춘천시,남성,30대,18249,0.0357,3.57,4
51110,강원특별자치도,춘천시,남성,40대,19232,0.037623,3.7623,4
51110,강원특별자치도,춘천시,남성,50대,22970,0.044936,4.4936,4
51110,강원특별자치도,춘천시,남성,60대,22063,0.043161,4.3161,4
51110,강원특별자치도,춘천시,남성,70대,11382,0.022266,2.2266,2
51110,강원특별자치도,춘천시,남성,80세 이상,6035,0.011806,1.1806,1
51110,강원특별자치도,춘천시,여성,0-9세,8481,0.016591,1.6591,2
51110,강원특별자치도,춘천시,여성,10대,12410,0.024277,2.4277,3
51110,강원특별자치도,춘천시,여성,20대,16314,0.031915,3.1915,3
51110,강원특별자치도,춘천시,여성,30대,16636,0.032545,3.2545,3
51110,강원특별자치도,춘천시,여성,40대,19519,0.038185,3.8185,4
51110,강원특별자치도,춘천시,여성,50대,23269,0.045521,4.5521,4
51110,강원특별자치도,춘천시,여성,60대,23368,0.045714,4.5714,4
51110,강원특별자치도,춘천시,여성,70대,13571,0.026549,2.6549,3
51110,강원특별자치도,춘천시,여성,80세 이상,11117,0.021748,2.1748,2
51130,강원특별자치도,원주시,남성,0-9세,12088,0.023648,2.3648,2
51130,강원특별자치도,원주시,남성,10대,17546,0.034325,3.4325,3
51130,강원특별자치도,원주시,남성,20대,20606,0.040311,4.0311,4
51130,강원특별자치도,원주시,남성,30대,24299,0.047536,4.7536,5
51130,강원특별자치도,원주시,남성,40대,26697,0.052227,5.2227,5
51130,강원특별자치도,원주시,남성,50대,30777,0.060208,6.0208,6
51130,강원특별자치도,원주시,남성,60대,28681,0.056108,5.6108,6
51130,강원특별자치도,원주시,남성,70대,13090,0.025608,2.5608,3
51130,강원특별자치도,원주시,남성,80세 이상,6096,0.011925,1.1925,1
51130,강원특별자치도,원주시,여성,0-9세,11517,0.02253,2.253,2
51130,강원특별자치도,원주시,여성,10대,16898,0.033057,3.3057,3
51130,강원특별자치도,원주시,여성,20대,17957,0.035129,3.5129,4
51130,강원특별자치도,원주시,여성,30대,22729,0.044464,4.4464,5
51130,강원특별자치도,원주시,여성,40대,26996,0.052812,5.2812,5
51130,강원특별자치도,원주시,여성,50대,31558,0.061736,6.1736,6
51130,강원특별자치도,원주시,여성,60대,29380,0.057476,5.7476,6
51130,강원특별자치도,원주시,여성,70대,14890,0.029129,2.9129,3
51130,강원특별자치도,원주시,여성,80세 이상,11389,0.02228,2.228,2
51150,강원특별자치도,강릉시,남성,0-9세,5288,0.010345,1.0345,1
51150,강원특별자치도,강릉시,남성,10대,8691,0.017002,1.7002,2
51150,강원특별자치도,강릉시,남성,20대,11067,0.02165,2.165,2
51150,강원특별자치도,강릉시,남성,30대,11046,0.021609,2.1609,2
51150,강원특별자치도,강릉시,남성,40대,13690,0.026781,2.6781,3
51150,강원특별자치도,강릉시,남성,50대,18590,0.036367,3.6367,4
51150,강원특별자치도,강릉시,남성,60대,18052,0.035315,3.5315,3
51150,강원특별자치도,강릉시,남성,70대,10544,0.020627,2.0627,2
51150,강원특별자치도,강릉시,남성,80세 이상,5166,0.010106,1.0106,1
51150,강원특별자치도,강릉시,여성,0-9세,4863,0.009513,0.9513,1
51150,강원특별자치도,강릉시,여성,10대,7929,0.015511,1.5511,1
51150,강원특별자치도,강릉시,여성,20대,9063,0.01773,1.773,2
51150,강원특별자치도,강릉시,여성,30대,9495,0.018575,1.8575,2
51150,강원특별자치도,강릉시,여성,40대,13459,0.02633,2.633,3
51150,강원특별자치도,강릉시,여성,50대,17823,0.034867,3.4867,3
51150,강원특별자치도,강릉시,여성,60대,19332,0.037819,3.7819,4
51150,강원특별자치도,강릉시,여성,70대,12623,0.024694,2.4694,2
51150,강원특별자치도,강릉시,여성,80세 이상,9516,0.018616,1.8616,2
51170,강원특별자치도,동해시,남성,0-9세,2366,0.004629,0.4629,0
51170,강원특별자치도,동해시,남성,10대,4110,0.00804,0.804,1
51170,강원특별자치도,동해시,남성,20대,4480,0.008764,0.8764,1
51170,강원특별자치도,동해시,남성,30대,4528,0.008858,0.8858,1
51170,강원특별자치도,동해시,남성,40대,6088,0.01191,1.191,1
51170,강원특별자치도,동해시,남성,50대,8380,0.016394,1.6394,2
51170,강원특별자치도,동해시,남성,60대,7460,0.014594,1.4594,1
51170,강원특별자치도,동해시,남성,70대,4427,0.00866,0.866,1
51170,강원특별자치도,동해시,남성,80세 이상,2014,0.00394,0.394,0
51170,강원특별자치도,동해시,여성,0-9세,2286,0.004472,0.4472,1
51170,강원특별자치도,동해시,여성,10대,3775,0.007385,0.7385,1
51170,강원특별자치도,동해시,여성,20대,3108,0.00608,0.608,1
51170,강원특별자치도,동해시,여성,30대,3548,0.006941,0.6941,1
51170,강원특별자치도,동해시,여성,40대,5805,0.011356,1.1356,1
51170,강원특별자치도,동해시,여성,50대,7573,0.014815,1.4815,1
51170,강원특별자치도,동해시,여성,60대,7733,0.015128,1.5128,1
51170,강원특별자치도,동해시,여성,70대,5099,0.009975,0.9975,1
51170,강원특별자치도,동해시,여성,80세 이상,3553,0.006951,0.6951,1
51190,강원특별자치도,태백시,남성,0-9세,747,0.001461,0.1461,0
51190,강원특별자치도,태백시,남성,10대,1688,0.003302,0.3302,0
51190,강원특별자치도,태백시,남성,20대,1513,0.00296,0.296,0
51190,강원특별자치도,태백시,남성,30대,1507,0.002948,0.2948,0
51190,강원특별자치도,태백시,남성,40대,2507,0.004904,0.4904,1
51190,강원특별자치도,태백시,남성,50대,3678,0.007195,0.7195,1
51190,강원특별자치도,태백시,남성,60대,3750,0.007336,0.7336,1
51190,강원특별자치도,태백시,남성,70대,2328,0.004554,0.4554,0
51190,강원특별자치도,태백시,남성,80세 이상,1006,0.001968,0.1968,0
51190,강원특별자치도,태백시,여성,0-9세,717,0.001403,0.1403,0
51190,강원특별자치도,태백시,여성,10대,1538,0.003009,0.3009,0
51190,강원특별자치도,태백시,여성,20대,1109,0.00217,0.217,0
51190,강원특별자치도,태백시,여성,30대,1189,0.002326,0.2326,0
51190,강원특별자치도,태백시,여성,40대,2342,0.004582,0.4582,1
51190,강원특별자치도,태백시,여성,50대,3003,0.005875,0.5875,1
51190,강원특별자치도,태백시,여성,60대,3612,0.007066,0.7066,1
51190,강원특별자치도,태백시,여성,70대,2951,0.005773,0.5773,1
51190,강원특별자치도,태백시,여성,80세 이상,1903,0.003723,0.3723,0
51210,강원특별자치도,속초시,남성,0-9세,2189,0.004282,0.4282,0
51210,강원특별자치도,속초시,남성,10대,3331,0.006516,0.6516,1
51210,강원특별자치도,속초시,남성,20대,3837,0.007506,0.7506,1
51210,강원특별자치도,속초시,남성,30대,4789,0.009369,0.9369,1
51210,강원특별자치도,속초시,남성,40대,5446,0.010654,1.0654,1
51210,강원특별자치도,속초시,남성,50대,7106,0.013901,1.3901,1
51210,강원특별자치도,속초시,남성,60대,7243,0.014169,1.4169,1
51210,강원특별자치도,속초시,남성,70대,3803,0.00744,0.744,1
51210,강원특별자치도,속초시,남성,80세 이상,1626,0.003181,0.3181,0
51210,강원특별자치도,속초시,여성,0-9세,2026,0.003963,0.3963,1
51210,강원특별자치도,속초시,여성,10대,3292,0.00644,0.644,1
51210,강원특별자치도,속초시,여성,20대,3058,0.005982,0.5982,1
51210,강원특별자치도,속초시,여성,30대,3838,0.007508,0.7508,1
51210,강원특별자치도,속초시,여성,40대,5305,0.010378,1.0378,1
51210,강원특별자치도,속초시,여성,50대,7332,0.014343,1.4343,1
51210,강원특별자치도,속초시,여성,60대,7801,0.015261,1.5261,2
51210,강원특별자치도,속초시,여성,70대,4552,0.008905,0.8905,1
51210,강원특별자치도,속초시,여성,80세 이상,3062,0.00599,0.599,0
51230,강원특별자치도,삼척시,남성,0-9세,1389,0.002717,0.2717,0
51230,강원특별자치도,삼척시,남성,10대,2346,0.004589,0.4589,0
51230,강원특별자치도,삼척시,남성,20대,3386,0.006624,0.6624,1
51230,강원특별자치도,삼척시,남성,30대,2555,0.004998,0.4998,1
51230,강원특별자치도,삼척시,남성,40대,3671,0.007182,0.7182,1
51230,강원특별자치도,삼척시,남성,50대,5910,0.011562,1.1562,1
51230,강원특별자치도,삼척시,남성,60대,6192,0.012113,1.2113,1
51230,강원특별자치도,삼척시,남성,70대,3710,0.007258,0.7258,1
51230,강원특별자치도,삼척시,남성,80세 이상,1748,0.00342,0.342,0
51230,강원특별자치도,삼척시,여성,0-9세,1332,0.002606,0.2606,0
51230,강원특별자치도,삼척시,여성,10대,2155,0.004216,0.4216,0
51230,강원특별자치도,삼척시,여성,20대,2492,0.004875,0.4875,1
51230,강원특별자치도,삼척시,여성,30대,2119,0.004145,0.4145,0
51230,강원특별자치도,삼척시,여성,40대,3193,0.006246,0.6246,1
51230,강원특별자치도,삼척시,여성,50대,4628,0.009054,0.9054,1
51230,강원특별자치도,삼척시,여성,60대,5969,0.011677,1.1677,1
51230,강원특별자치도,삼척시,여성,70대,4110,0.00804,0.804,1
51230,강원특별자치도,삼척시,여성,80세 이상,3613,0.007068,0.7068,1
51720,강원특별자치도,홍천군,남성,0-9세,1412,0.002762,0.2762,0
51720,강원특별자치도,홍천군,남성,10대,2189,0.004282,0.4282,0
51720,강원특별자치도,홍천군,남성,20대,2889,0.005652,0.5652,1
51720,강원특별자치도,홍천군,남성,30대,3087,0.006039,0.6039,1
51720,강원특별자치도,홍천군,남성,40대,3550,0.006945,0.6945,1
51720,강원특별자치도,홍천군,남성,50대,5691,0.011133,1.1133,1
51720,강원특별자치도,홍천군,남성,60대,8436,0.016503,1.6503,2
51720,강원특별자치도,홍천군,남성,70대,4712,0.009218,0.9218,1
51720,강원특별자치도,홍천군,남성,80세 이상,2085,0.004079,0.4079,0
51720,강원특별자치도,홍천군,여성,0-9세,1361,0.002662,0.2662,0
51720,강원특별자치도,홍천군,여성,10대,2149,0.004204,0.4204,1
51720,강원특별자치도,홍천군,여성,20대,1983,0.003879,0.3879,0
51720,강원특별자치도,홍천군,여성,30대,2351,0.004599,0.4599,0
51720,강원특별자치도,홍천군,여성,40대,3185,0.006231,0.6231,1
51720,강원특별자치도,홍천군,여성,50대,5040,0.00986,0.986,1
51720,강원특별자치도,홍천군,여성,60대,7700,0.015063,1.5063,1
51720,강원특별자치도,홍천군,여성,70대,4475,0.008754,0.8754,1
51720,강원특별자치도,홍천군,여성,80세 이상,3814,0.007461,0.7461,1
51730,강원특별자치도,횡성군,남성,0-9세,809,0.001583,0.1583,0
51730,강원특별자치도,횡성군,남성,10대,1703,0.003332,0.3332,1
51730,강원특별자치도,횡성군,남성,20대,1609,0.003148,0.3148,0
51730,강원특별자치도,횡성군,남성,30대,1535,0.003003,0.3003,0
51730,강원특별자치도,횡성군,남성,40대,2314,0.004527,0.4527,0
51730,강원특별자치도,횡성군,남성,50대,3969,0.007764,0.7764,1
51730,강원특별자치도,횡성군,남성,60대,6316,0.012356,1.2356,1
51730,강원특별자치도,횡성군,남성,70대,3622,0.007086,0.7086,1
51730,강원특별자치도,횡성군,남성,80세 이상,1653,0.003234,0.3234,0
51730,강원특별자치도,횡성군,여성,0-9세,749,0.001465,0.1465,0
51730,강원특별자치도,횡성군,여성,10대,1529,0.002991,0.2991,0
51730,강원특별자치도,횡성군,여성,20대,1214,0.002375,0.2375,0
51730,강원특별자치도,횡성군,여성,30대,1263,0.002471,0.2471,0
51730,강원특별자치도,횡성군,여성,40대,1925,0.003766,0.3766,1
51730,강원특별자치도,횡성군,여성,50대,3502,0.006851,0.6851,1
51730,강원특별자치도,횡성군,여성,60대,5749,0.011247,1.1247,1
51730,강원특별자치도,횡성군,여성,70대,3345,0.006544,0.6544,1
51730,강원특별자치도,횡성군,여성,80세 이상,2821,0.005519,0.5519,1
51750,강원특별자치도,영월군,남성,0-9세,627,0.001227,0.1227,0
51750,강원특별자치도,영월군,남성,10대,1320,0.002582,0.2582,1
51750,강원특별자치도,영월군,남성,20대,1414,0.002766,0.2766,0
51750,강원특별자치도,영월군,남성,30대,1267,0.002479,0.2479,0
51750,강원특별자치도,영월군,남성,40대,1897,0.003711,0.3711,0
51750,강원특별자치도,영월군,남성,50대,3450,0.006749,0.6749,1
51750,강원특별자치도,영월군,남성,60대,4741,0.009275,0.9275,1
51750,강원특별자치도,영월군,남성,70대,2724,0.005329,0.5329,1
51750,강원특별자치도,영월군,남성,80세 이상,1263,0.002471,0.2471,0
51750,강원특별자치도,영월군,여성,0-9세,558,0.001092,0.1092,0
51750,강원특별자치도,영월군,여성,10대,1075,0.002103,0.2103,0
51750,강원특별자치도,영월군,여성,20대,993,0.001943,0.1943,0
51750,강원특별자치도,영월군,여성,30대,1015,0.001986,0.1986,0
51750,강원특별자치도,영월군,여성,40대,1692,0.00331,0.331,0
51750,강원특별자치도,영월군,여성,50대,2845,0.005566,0.5566,1
51750,강원특별자치도,영월군,여성,60대,4099,0.008019,0.8019,1
51750,강원특별자치도,영월군,여성,70대,2760,0.005399,0.5399,1
51750,강원특별자치도,영월군,여성,80세 이상,2314,0.004527,0.4527,0
51760,강원특별자치도,평창군,남성,0-9세,574,0.001123,0.1123,0
51760,강원특별자치도,평창군,남성,10대,1315,0.002573,0.2573,0
51760,강원특별자치도,평창군,남성,20대,1620,0.003169,0.3169,1
51760,강원특별자치도,평창군,남성,30대,1423,0.002784,0.2784,0
51760,강원특별자치도,평창군,남성,40대,2164,0.004233,0.4233,1
51760,강원특별자치도,평창군,남성,50대,3894,0.007618,0.7618,1
51760,강원특별자치도,평창군,남성,60대,5350,0.010466,1.0466,1
51760,강원특별자치도,평창군,남성,70대,2957,0.005785,0.5785,1
51760,강원특별자치도,평창군,남성,80세 이상,1373,0.002686,0.2686,0
51760,강원특별자치도,평창군,여성,0-9세,617,0.001207,0.1207,0
51760,강원특별자치도,평창군,여성,10대,1200,0.002348,0.2348,0
51760,강원특별자치도,평창군,여성,20대,1041,0.002036,0.2036,0
51760,강원특별자치도,평창군,여성,30대,1092,0.002136,0.2136,0
51760,강원특별자치도,평창군,여성,40대,1882,0.003682,0.3682,0
51760,강원특별자치도,평창군,여성,50대,3322,0.006499,0.6499,1
51760,강원특별자치도,평창군,여성,60대,4759,0.00931,0.931,1
51760,강원특별자치도,평창군,여성,70대,2987,0.005843,0.5843,1
51760,강원특별자치도,평창군,여성,80세 이상,2261,0.004423,0.4423,0
51770,강원특별자치도,정선군,남성,0-9세,520,0.001017,0.1017,0
51770,강원특별자치도,정선군,남성,10대,1092,0.002136,0.2136,0
51770,강원특별자치도,정선군,남성,20대,1345,0.002631,0.2631,0
51770,강원특별자치도,정선군,남성,30대,1302,0.002547,0.2547,0
51770,강원특별자치도,정선군,남성,40대,2266,0.004433,0.4433,1
51770,강원특별자치도,정선군,남성,50대,3794,0.007422,0.7422,1
51770,강원특별자치도,정선군,남성,60대,4483,0.00877,0.877,1
51770,강원특별자치도,정선군,남성,70대,2401,0.004697,0.4697,1
51770,강원특별자치도,정선군,남성,80세 이상,1090,0.002132,0.2132,0
51770,강원특별자치도,정선군,여성,0-9세,546,0.001068,0.1068,0
51770,강원특별자치도,정선군,여성,10대,1033,0.002021,0.2021,0
51770,강원특별자치도,정선군,여성,20대,1008,0.001972,0.1972,0
51770,강원특별자치도,정선군,여성,30대,975,0.001907,0.1907,0
51770,강원특별자치도,정선군,여성,40대,1717,0.003359,0.3359,0
51770,강원특별자치도,정선군,여성,50대,2769,0.005417,0.5417,1
51770,강원특별자치도,정선군,여성,60대,3920,0.007669,0.7669,1
51770,강원특별자치도,정선군,여성,70대,2607,0.0051,0.51,1
51770,강원특별자치도,정선군,여성,80세 이상,2011,0.003934,0.3934,0
51780,강원특별자치도,철원군,남성,0-9세,1134,0.002218,0.2218,0
51780,강원특별자치도,철원군,남성,10대,1580,0.003091,0.3091,0
51780,강원특별자치도,철원군,남성,20대,2570,0.005028,0.5028,1
51780,강원특별자치도,철원군,남성,30대,2366,0.004629,0.4629,1
51780,강원특별자치도,철원군,남성,40대,2310,0.004519,0.4519,1
51780,강원특별자치도,철원군,남성,50대,3385,0.006622,0.6622,1
51780,강원특별자치도,철원군,남성,60대,3931,0.00769,0.769,1
51780,강원특별자치도,철원군,남성,70대,2149,0.004204,0.4204,0
51780,강원특별자치도,철원군,남성,80세 이상,1197,0.002342,0.2342,0
51780,강원특별자치도,철원군,여성,0-9세,1121,0.002193,0.2193,0
51780,강원특별자치도,철원군,여성,10대,1477,0.002889,0.2889,0
51780,강원특별자치도,철원군,여성,20대,1474,0.002884,0.2884,0
51780,강원특별자치도,철원군,여성,30대,1761,0.003445,0.3445,1
51780,강원특별자치도,철원군,여성,40대,2121,0.004149,0.4149,0
51780,강원특별자치도,철원군,여성,50대,2940,0.005751,0.5751,1
51780,강원특별자치도,철원군,여성,60대,3703,0.007244,0.7244,1
51780,강원특별자치도,철원군,여성,70대,2559,0.005006,0.5006,0
51780,강원특별자치도,철원군,여성,80세 이상,2201,0.004306,0.4306,0
51790,강원특별자치도,화천군,남성,0-9세,588,0.00115,0.115,0
51790,강원특별자치도,화천군,남성,10대,811,0.001587,0.1587,0
51790,강원특별자치도,화천군,남성,20대,1818,0.003557,0.3557,1
51790,강원특별자치도,화천군,남성,30대,1471,0.002878,0.2878,1
51790,강원특별자치도,화천군,남성,40대,1200,0.002348,0.2348,0
51790,강원특별자치도,화천군,남성,50대,1787,0.003496,0.3496,0
51790,강원특별자치도,화천군,남성,60대,2404,0.004703,0.4703,1
51790,강원특별자치도,화천군,남성,70대,1238,0.002422,0.2422,0
51790,강원특별자치도,화천군,남성,80세 이상,678,0.001326,0.1326,0
51790,강원특별자치도,화천군,여성,0-9세,605,0.001184,0.1184,0
51790,강원특별자치도,화천군,여성,10대,792,0.001549,0.1549,0
51790,강원특별자치도,화천군,여성,20대,924,0.001808,0.1808,0
51790,강원특별자치도,화천군,여성,30대,938,0.001835,0.1835,0
51790,강원특별자치도,화천군,여성,40대,1016,0.001988,0.1988,0
51790,강원특별자치도,화천군,여성,50대,1561,0.003054,0.3054,0
51790,강원특별자치도,화천군,여성,60대,2043,0.003997,0.3997,1
51790,강원특별자치도,화천군,여성,70대,1256,0.002457,0.2457,0
51790,강원특별자치도,화천군,여성,80세 이상,1241,0.002428,0.2428,0
51800,강원특별자치도,양구군,남성,0-9세,609,0.001191,0.1191,0
51800,강원특별자치도,양구군,남성,10대,939,0.001837,0.1837,0
51800,강원특별자치도,양구군,남성,20대,1363,0.002666,0.2666,1
51800,강원특별자치도,양구군,남성,30대,1267,0.002479,0.2479,1
51800,강원특별자치도,양구군,남성,40대,1184,0.002316,0.2316,0
51800,강원특별자치도,양구군,남성,50대,1622,0.003173,0.3173,0
51800,강원특별자치도,양구군,남성,60대,2126,0.004159,0.4159,1
51800,강원특별자치도,양구군,남성,70대,1046,0.002046,0.2046,0
51800,강원특별자치도,양구군,남성,80세 이상,564,0.001103,0.1103,0
51800,강원특별자치도,양구군,여성,0-9세,622,0.001217,0.1217,0
51800,강원특별자치도,양구군,여성,10대,876,0.001714,0.1714,0
51800,강원특별자치도,양구군,여성,20대,767,0.0015,0.15,0
51800,강원특별자치도,양구군,여성,30대,930,0.001819,0.1819,0
51800,강원특별자치도,양구군,여성,40대,1068,0.002089,0.2089,0
51800,강원특별자치도,양구군,여성,50대,1395,0.002729,0.2729,1
51800,강원특별자치도,양구군,여성,60대,1903,0.003723,0.3723,0
51800,강원특별자치도,양구군,여성,70대,1088,0.002128,0.2128,0
51800,강원특별자치도,양구군,여성,80세 이상,1041,0.002036,0.2036,0
51810,강원특별자치도,인제군,남성,0-9세,1001,0.001958,0.1958,0
51810,강원특별자치도,인제군,남성,10대,1116,0.002183,0.2183,0
51810,강원특별자치도,인제군,남성,20대,2279,0.004458,0.4458,1
51810,강원특별자치도,인제군,남성,30대,2225,0.004353,0.4353,1
51810,강원특별자치도,인제군,남성,40대,2037,0.003985,0.3985,0
51810,강원특별자치도,인제군,남성,50대,2578,0.005043,0.5043,1
51810,강원특별자치도,인제군,남성,60대,3289,0.006434,0.6434,1
51810,강원특별자치도,인제군,남성,70대,1591,0.003112,0.3112,0
51810,강원특별자치도,인제군,남성,80세 이상,765,0.001497,0.1497,0
51810,강원특별자치도,인제군,여성,0-9세,917,0.001794,0.1794,0
51810,강원특별자치도,인제군,여성,10대,1025,0.002005,0.2005,0
51810,강원특별자치도,인제군,여성,20대,1077,0.002107,0.2107,0
51810,강원특별자치도,인제군,여성,30대,1488,0.002911,0.2911,1
51810,강원특별자치도,인제군,여성,40대,1649,0.003226,0.3226,0
51810,강원특별자치도,인제군,여성,50대,2018,0.003948,0.3948,0
51810,강원특별자치도,인제군,여성,60대,2900,0.005673,0.5673,1
51810,강원특별자치도,인제군,여성,70대,1532,0.002997,0.2997,0
51810,강원특별자치도,인제군,여성,80세 이상,1376,0.002692,0.2692,0
51820,강원특별자치도,고성군,남성,0-9세,601,0.001176,0.1176,0
51820,강원특별자치도,고성군,남성,10대,850,0.001663,0.1663,0
51820,강원특별자치도,고성군,남성,20대,1348,0.002637,0.2637,1
51820,강원특별자치도,고성군,남성,30대,1352,0.002645,0.2645,0
51820,강원특별자치도,고성군,남성,40대,1486,0.002907,0.2907,0
51820,강원특별자치도,고성군,남성,50대,2451,0.004795,0.4795,1
51820,강원특별자치도,고성군,남성,60대,2981,0.005832,0.5832,1
51820,강원특별자치도,고성군,남성,70대,1758,0.003439,0.3439,0
51820,강원특별자치도,고성군,남성,80세 이상,904,0.001768,0.1768,0
51820,강원특별자치도,고성군,여성,0-9세,594,0.001162,0.1162,0
51820,강원특별자치도,고성군,여성,10대,731,0.00143,0.143,0
51820,강원특별자치도,고성군,여성,20대,856,0.001675,0.1675,0
51820,강원특별자치도,고성군,여성,30대,1016,0.001988,0.1988,0
51820,강원특별자치도,고성군,여성,40대,1241,0.002428,0.2428,0
51820,강원특별자치도,고성군,여성,50대,2036,0.003983,0.3983,1
51820,강원특별자치도,고성군,여성,60대,2826,0.005528,0.5528,1
51820,강원특별자치도,고성군,여성,70대,2003,0.003918,0.3918,0
51820,강원특별자치도,고성군,여성,80세 이상,1811,0.003543,0.3543,0
51830,강원특별자치도,양양군,남성,0-9세,535,0.001047,0.1047,0
51830,강원특별자치도,양양군,남성,10대,897,0.001755,0.1755,0
51830,강원특별자치도,양양군,남성,20대,1114,0.002179,0.2179,0
51830,강원특별자치도,양양군,남성,30대,1141,0.002232,0.2232,0
51830,강원특별자치도,양양군,남성,40대,1711,0.003347,0.3347,0
51830,강원특별자치도,양양군,남성,50대,2503,0.004897,0.4897,1
51830,강원특별자치도,양양군,남성,60대,3117,0.006098,0.6098,1
51830,강원특별자치도,양양군,남성,70대,1958,0.00383,0.383,0
51830,강원특별자치도,양양군,남성,80세 이상,986,0.001929,0.1929,0
51830,강원특별자치도,양양군,여성,0-9세,531,0.001039,0.1039,0
51830,강원특별자치도,양양군,여성,10대,760,0.001487,0.1487,0
51830,강원특별자치도,양양군,여성,20대,751,0.001469,0.1469,0
51830,강원특별자치도,양양군,여성,30대,884,0.001729,0.1729,0
51830,강원특별자치도,양양군,여성,40대,1408,0.002754,0.2754,0
51830,강원특별자치도,양양군,여성,50대,2141,0.004188,0.4188,1
51830,강원특별자치도,양양군,여성,60대,2936,0.005744,0.5744,1
51830,강원특별자치도,양양군,여성,70대,2130,0.004167,0.4167,1
51830,강원특별자치도,양양군,여성,80세 이상,1789,0.0035,0.35,0
52110,전북특별자치도,전주시,남성,0-9세,18892,0.036958,3.6958,4
52110,전북특별자치도,전주시,남성,10대,33953,0.066422,6.6422,7
52110,전북특별자치도,전주시,남성,20대,40297,0.078832,7.8832,8
52110,전북특별자치도,전주시,남성,30대,38836,0.075974,7.5974,8
52110,전북특별자치도,전주시,남성,40대,45354,0.088725,8.8725,9
52110,전북특별자치도,전주시,남성,50대,53060,0.1038,10.38,10
52110,전북특별자치도,전주시,남성,60대,42105,0.082369,8.2369,8
52110,전북특별자치도,전주시,남성,70대,23794,0.046548,4.6548,4
52110,전북특별자치도,전주시,남성,80세 이상,10443,0.020429,2.0429,2
52110,전북특별자치도,전주시,여성,0-9세,18067,0.035344,3.5344,4
52110,전북특별자치도,전주시,여성,10대,32338,0.063262,6.3262,6
52110,전북특별자치도,전주시,여성,20대,36391,0.071191,7.1191,7
52110,전북특별자치도,전주시,여성,30대,36013,0.070452,7.0452,7
52110,전북특별자치도,전주시,여성,40대,46993,0.091932,9.1932,9
52110,전북특별자치도,전주시,여성,50대,54810,0.107224,10.7224,11
52110,전북특별자치도,전주시,여성,60대,46460,0.090889,9.0889,9
52110,전북특별자치도,전주시,여성,70대,29280,0.05728,5.728,6
52110,전북특별자치도,전주시,여성,80세 이상,18351,0.0359,3.59,4
52130,전북특별자치도,군산시,남성,0-9세,7024,0.013741,1.3741,1
52130,전북특별자치도,군산시,남성,10대,12998,0.025428,2.5428,3
52130,전북특별자치도,군산시,남성,20대,13475,0.026361,2.6361,3
52130,전북특별자치도,군산시,남성,30대,13910,0.027212,2.7212,3
52130,전북특별자치도,군산시,남성,40대,19789,0.038713,3.8713,4
52130,전북특별자치도,군산시,남성,50대,24056,0.04706,4.706,5
52130,전북특별자치도,군산시,남성,60대,20987,0.041056,4.1056,4
52130,전북특별자치도,군산시,남성,70대,12758,0.024958,2.4958,2
52130,전북특별자치도,군산시,남성,80세 이상,5042,0.009864,0.9864,1
52130,전북특별자치도,군산시,여성,0-9세,6920,0.013537,1.3537,1
52130,전북특별자치도,군산시,여성,10대,12228,0.023921,2.3921,2
52130,전북특별자치도,군산시,여성,20대,10602,0.020741,2.0741,2
52130,전북특별자치도,군산시,여성,30대,12030,0.023534,2.3534,2
52130,전북특별자치도,군산시,여성,40대,18137,0.035481,3.5481,4
52130,전북특별자치도,군산시,여성,50대,21580,0.042217,4.2217,4
52130,전북특별자치도,군산시,여성,60대,20829,0.040747,4.0747,4
52130,전북특별자치도,군산시,여성,70대,14432,0.028233,2.8233,3
52130,전북특별자치도,군산시,여성,80세 이상,9494,0.018573,1.8573,2
52140,전북특별자치도,익산시,남성,0-9세,6519,0.012753,1.2753,1
52140,전북특별자치도,익산시,남성,10대,12584,0.024618,2.4618,3
52140,전북특별자치도,익산시,남성,20대,15649,0.030614,3.0614,3
52140,전북특별자치도,익산시,남성,30대,14453,0.028274,2.8274,3
52140,전북특별자치도,익산시,남성,40대,17588,0.034407,3.4407,3
52140,전북특별자치도,익산시,남성,50대,24014,0.046978,4.6978,5
52140,전북특별자치도,익산시,남성,60대,22990,0.044975,4.4975,4
52140,전북특별자치도,익산시,남성,70대,13338,0.026093,2.6093,3
52140,전북특별자치도,익산시,남성,80세 이상,5657,0.011067,1.1067,1
52140,전북특별자치도,익산시,여성,0-9세,6396,0.012512,1.2512,1
52140,전북특별자치도,익산시,여성,10대,12004,0.023483,2.3483,2
52140,전북특별자치도,익산시,여성,20대,12995,0.025422,2.5422,3
52140,전북특별자치도,익산시,여성,30대,12716,0.024876,2.4876,3
52140,전북특별자치도,익산시,여성,40대,16831,0.032926,3.2926,3
52140,전북특별자치도,익산시,여성,50대,23454,0.045883,4.5883,5
52140,전북특별자치도,익산시,여성,60대,23172,0.045331,4.5331,4
52140,전북특별자치도,익산시,여성,70대,15349,0.030027,3.0027,3
52140,전북특별자치도,익산시,여성,80세 이상,11357,0.022217,2.2217,2
52180,전북특별자치도,정읍시,남성,0-9세,2189,0.004282,0.4282,0
52180,전북특별자치도,정읍시,남성,10대,4284,0.008381,0.8381,1
52180,전북특별자치도,정읍시,남성,20대,4632,0.009061,0.9061,1
52180,전북특별자치도,정읍시,남성,30대,4268,0.008349,0.8349,1
52180,전북특별자치도,정읍시,남성,40대,6024,0.011785,1.1785,1
52180,전북특별자치도,정읍시,남성,50대,9539,0.018661,1.8661,2
52180,전북특별자치도,정읍시,남성,60대,9998,0.019559,1.9559,2
52180,전북특별자치도,정읍시,남성,70대,6240,0.012207,1.2207,1
52180,전북특별자치도,정읍시,남성,80세 이상,3377,0.006606,0.6606,1
52180,전북특별자치도,정읍시,여성,0-9세,2026,0.003963,0.3963,0
52180,전북특별자치도,정읍시,여성,10대,3876,0.007583,0.7583,1
52180,전북특별자치도,정읍시,여성,20대,3607,0.007056,0.7056,1
52180,전북특별자치도,정읍시,여성,30대,3637,0.007115,0.7115,1
52180,전북특별자치도,정읍시,여성,40대,5519,0.010797,1.0797,1
52180,전북특별자치도,정읍시,여성,50대,8255,0.016149,1.6149,2
52180,전북특별자치도,정읍시,여성,60대,9147,0.017894,1.7894,2
52180,전북특별자치도,정읍시,여성,70대,7376,0.01443,1.443,1
52180,전북특별자치도,정읍시,여성,80세 이상,7129,0.013946,1.3946,1
52190,전북특별자치도,남원시,남성,0-9세,1668,0.003263,0.3263,0
52190,전북특별자치도,남원시,남성,10대,3170,0.006201,0.6201,1
52190,전북특별자치도,남원시,남성,20대,3098,0.006061,0.6061,1
52190,전북특별자치도,남원시,남성,30대,2828,0.005532,0.5532,1
52190,전북특별자치도,남원시,남성,40대,4111,0.008042,0.8042,1
52190,전북특별자치도,남원시,남성,50대,6946,0.013588,1.3588,1
52190,전북특별자치도,남원시,남성,60대,7298,0.014277,1.4277,1
52190,전북특별자치도,남원시,남성,70대,4927,0.009639,0.9639,1
52190,전북특별자치도,남원시,남성,80세 이상,2447,0.004787,0.4787,0
52190,전북특별자치도,남원시,여성,0-9세,1561,0.003054,0.3054,0
52190,전북특별자치도,남원시,여성,10대,2845,0.005566,0.5566,1
52190,전북특별자치도,남원시,여성,20대,2464,0.00482,0.482,1
52190,전북특별자치도,남원시,여성,30대,2597,0.00508,0.508,1
52190,전북특별자치도,남원시,여성,40대,4044,0.007911,0.7911,1
52190,전북특별자치도,남원시,여성,50대,6319,0.012362,1.2362,1
52190,전북특별자치도,남원시,여성,60대,6886,0.013471,1.3471,1
52190,전북특별자치도,남원시,여성,70대,5595,0.010945,1.0945,1
52190,전북특별자치도,남원시,여성,80세 이상,5468,0.010697,1.0697,1
52210,전북특별자치도,김제시,남성,0-9세,1750,0.003423,0.3423,0
52210,전북특별자치도,김제시,남성,10대,2934,0.00574,0.574,1
52210,전북특별자치도,김제시,남성,20대,3560,0.006964,0.6964,1
52210,전북특별자치도,김제시,남성,30대,3591,0.007025,0.7025,1
52210,전북특별자치도,김제시,남성,40대,4781,0.009353,0.9353,1
52210,전북특별자치도,김제시,남성,50대,7421,0.014518,1.4518,1
52210,전북특별자치도,김제시,남성,60대,8560,0.016746,1.6746,2
52210,전북특별자치도,김제시,남성,70대,5545,0.010848,1.0848,1
52210,전북특별자치도,김제시,남성,80세 이상,2844,0.005564,0.5564,1
52210,전북특별자치도,김제시,여성,0-9세,1697,0.00332,0.332,0
52210,전북특별자치도,김제시,여성,10대,2723,0.005327,0.5327,0
52210,전북특별자치도,김제시,여성,20대,2780,0.005438,0.5438,1
52210,전북특별자치도,김제시,여성,30대,3183,0.006227,0.6227,1
52210,전북특별자치도,김제시,여성,40대,3938,0.007704,0.7704,1
52210,전북특별자치도,김제시,여성,50대,5805,0.011356,1.1356,1
52210,전북특별자치도,김제시,여성,60대,7870,0.015396,1.5396,1
52210,전북특별자치도,김제시,여성,70대,6339,0.012401,1.2401,1
52210,전북특별자치도,김제시,여성,80세 이상,6355,0.012432,1.2432,1
52710,전북특별자치도,완주군,남성,0-9세,2959,0.005789,0.5789,1
52710,전북특별자치도,완주군,남성,10대,4526,0.008854,0.8854,1
52710,전북특별자치도,완주군,남성,20대,4833,0.009455,0.9455,1
52710,전북특별자치도,완주군,남성,30대,5902,0.011546,1.1546,1
52710,전북특별자치도,완주군,남성,40대,6929,0.013555,1.3555,1
52710,전북특별자치도,완주군,남성,50대,9311,0.018215,1.8215,2
52710,전북특별자치도,완주군,남성,60대,9260,0.018115,1.8115,2
52710,전북특별자치도,완주군,남성,70대,5568,0.010893,1.0893,1
52710,전북특별자치도,완주군,남성,80세 이상,2337,0.004572,0.4572,0
52710,전북특별자치도,완주군,여성,0-9세,2817,0.005511,0.5511,1
52710,전북특별자치도,완주군,여성,10대,4175,0.008167,0.8167,1
52710,전북특별자치도,완주군,여성,20대,3910,0.007649,0.7649,1
52710,전북특별자치도,완주군,여성,30대,5431,0.010625,1.0625,1
52710,전북특별자치도,완주군,여성,40대,6279,0.012283,1.2283,1
52710,전북특별자치도,완주군,여성,50대,7617,0.014901,1.4901,1
52710,전북특별자치도,완주군,여성,60대,8297,0.016231,1.6231,2
52710,전북특별자치도,완주군,여성,70대,5515,0.010789,1.0789,1
52710,전북특별자치도,완주군,여성,80세 이상,4778,0.009347,0.9347,1
52720,전북특별자치도,진안군,남성,0-9세,422,0.000826,0.0826,0
52720,전북특별자치도,진안군,남성,10대,738,0.001444,0.1444,0
52720,전북특별자치도,진안군,남성,20대,879,0.00172,0.172,0
52720,전북특별자치도,진안군,남성,30대,673,0.001317,0.1317,0
52720,전북특별자치도,진안군,남성,40대,1127,0.002205,0.2205,0
52720,전북특별자치도,진안군,남성,50대,2303,0.004505,0.4505,1
52720,전북특별자치도,진안군,남성,60대,3170,0.006201,0.6201,1
52720,전북특별자치도,진안군,남성,70대,2034,0.003979,0.3979,0
52720,전북특별자치도,진안군,남성,80세 이상,1064,0.002081,0.2081,1
52720,전북특별자치도,진안군,여성,0-9세,407,0.000796,0.0796,0
52720,전북특별자치도,진안군,여성,10대,740,0.001448,0.1448,0
52720,전북특별자치도,진안군,여성,20대,650,0.001272,0.1272,0
52720,전북특별자치도,진안군,여성,30대,696,0.001362,0.1362,0
52720,전북특별자치도,진안군,여성,40대,924,0.001808,0.1808,0
52720,전북특별자치도,진안군,여성,50대,1751,0.003425,0.3425,0
52720,전북특별자치도,진안군,여성,60대,2538,0.004965,0.4965,1
52720,전북특별자치도,진안군,여성,70대,2031,0.003973,0.3973,0
52720,전북특별자치도,진안군,여성,80세 이상,2102,0.004112,0.4112,1
52730,전북특별자치도,무주군,남성,0-9세,351,0.000687,0.0687,0
52730,전북특별자치도,무주군,남성,10대,866,0.001694,0.1694,0
52730,전북특별자치도,무주군,남성,20대,799,0.001563,0.1563,0
52730,전북특별자치도,무주군,남성,30대,789,0.001544,0.1544,0
52730,전북특별자치도,무주군,남성,40대,1188,0.002324,0.2324,0
52730,전북특별자치도,무주군,남성,50대,2169,0.004243,0.4243,1
52730,전북특별자치도,무주군,남성,60대,2672,0.005227,0.5227,1
52730,전북특별자치도,무주군,남성,70대,1673,0.003273,0.3273,0
52730,전북특별자치도,무주군,남성,80세 이상,954,0.001866,0.1866,0
52730,전북특별자치도,무주군,여성,0-9세,356,0.000696,0.0696,0
52730,전북특별자치도,무주군,여성,10대,794,0.001553,0.1553,0
52730,전북특별자치도,무주군,여성,20대,648,0.001268,0.1268,0
52730,전북특별자치도,무주군,여성,30대,636,0.001244,0.1244,0
52730,전북특별자치도,무주군,여성,40대,1033,0.002021,0.2021,0
52730,전북특별자치도,무주군,여성,50대,1689,0.003304,0.3304,0
52730,전북특별자치도,무주군,여성,60대,2304,0.004507,0.4507,1
52730,전북특별자치도,무주군,여성,70대,1887,0.003692,0.3692,0
52730,전북특별자치도,무주군,여성,80세 이상,1979,0.003871,0.3871,1
52740,전북특별자치도,장수군,남성,0-9세,354,0.000693,0.0693,0
52740,전북특별자치도,장수군,남성,10대,749,0.001465,0.1465,0
52740,전북특별자치도,장수군,남성,20대,736,0.00144,0.144,0
52740,전북특별자치도,장수군,남성,30대,648,0.001268,0.1268,0
52740,전북특별자치도,장수군,남성,40대,1126,0.002203,0.2203,0
52740,전북특별자치도,장수군,남성,50대,1917,0.00375,0.375,1
52740,전북특별자치도,장수군,남성,60대,2468,0.004828,0.4828,1
52740,전북특별자치도,장수군,남성,70대,1704,0.003334,0.3334,0
52740,전북특별자치도,장수군,남성,80세 이상,829,0.001622,0.1622,0
52740,전북특별자치도,장수군,여성,0-9세,333,0.000651,0.0651,0
52740,전북특별자치도,장수군,여성,10대,704,0.001377,0.1377,0
52740,전북특별자치도,장수군,여성,20대,590,0.001154,0.1154,0
52740,전북특별자치도,장수군,여성,30대,580,0.001135,0.1135,0
52740,전북특별자치도,장수군,여성,40대,866,0.001694,0.1694,0
52740,전북특별자치도,장수군,여성,50대,1547,0.003026,0.3026,0
52740,전북특별자치도,장수군,여성,60대,2146,0.004198,0.4198,1
52740,전북특별자치도,장수군,여성,70대,1778,0.003478,0.3478,0
52740,전북특별자치도,장수군,여성,80세 이상,1847,0.003613,0.3613,1
52750,전북특별자치도,임실군,남성,0-9세,493,0.000964,0.0964,0
52750,전북특별자치도,임실군,남성,10대,720,0.001409,0.1409,0
52750,전북특별자치도,임실군,남성,20대,852,0.001667,0.1667,0
52750,전북특별자치도,임실군,남성,30대,884,0.001729,0.1729,0
52750,전북특별자치도,임실군,남성,40대,1265,0.002475,0.2475,0
52750,전북특별자치도,임실군,남성,50대,2290,0.00448,0.448,1
52750,전북특별자치도,임실군,남성,60대,3228,0.006315,0.6315,1
52750,전북특별자치도,임실군,남성,70대,2120,0.004147,0.4147,0
52750,전북특별자치도,임실군,남성,80세 이상,1218,0.002383,0.2383,0
52750,전북특별자치도,임실군,여성,0-9세,483,0.000945,0.0945,0
52750,전북특별자치도,임실군,여성,10대,642,0.001256,0.1256,0
52750,전북특별자치도,임실군,여성,20대,594,0.001162,0.1162,0
52750,전북특별자치도,임실군,여성,30대,740,0.001448,0.1448,0
52750,전북특별자치도,임실군,여성,40대,905,0.00177,0.177,0
52750,전북특별자치도,임실군,여성,50대,1681,0.003289,0.3289,0
52750,전북특별자치도,임실군,여성,60대,2477,0.004846,0.4846,1
52750,전북특별자치도,임실군,여성,70대,2178,0.004261,0.4261,1
52750,전북특별자치도,임실군,여성,80세 이상,2489,0.004869,0.4869,1
52770,전북특별자치도,순창군,남성,0-9세,542,0.00106,0.106,0
52770,전북특별자치도,순창군,남성,10대,1033,0.002021,0.2021,0
52770,전북특별자치도,순창군,남성,20대,1137,0.002224,0.2224,0
52770,전북특별자치도,순창군,남성,30대,847,0.001657,0.1657,0
52770,전북특별자치도,순창군,남성,40대,1473,0.002882,0.2882,0
52770,전북특별자치도,순창군,남성,50대,2632,0.005149,0.5149,1
52770,전북특별자치도,순창군,남성,60대,3060,0.005986,0.5986,1
52770,전북특별자치도,순창군,남성,70대,1901,0.003719,0.3719,0
52770,전북특별자치도,순창군,남성,80세 이상,1064,0.002081,0.2081,0
52770,전북특별자치도,순창군,여성,0-9세,530,0.001037,0.1037,0
52770,전북특별자치도,순창군,여성,10대,971,0.0019,0.19,0
52770,전북특별자치도,순창군,여성,20대,917,0.001794,0.1794,0
52770,전북특별자치도,순창군,여성,30대,868,0.001698,0.1698,0
52770,전북특별자치도,순창군,여성,40대,1335,0.002612,0.2612,0
52770,전북특별자치도,순창군,여성,50대,2057,0.004024,0.4024,0
52770,전북특별자치도,순창군,여성,60대,2672,0.005227,0.5227,1
52770,전북특별자치도,순창군,여성,70대,2187,0.004278,0.4278,1
52770,전북특별자치도,순창군,여성,80세 이상,2488,0.004867,0.4867,1
52790,전북특별자치도,고창군,남성,0-9세,892,0.001745,0.1745,0
52790,전북특별자치도,고창군,남성,10대,2187,0.004278,0.4278,1
52790,전북특별자치도,고창군,남성,20대,1792,0.003506,0.3506,0
52790,전북특별자치도,고창군,남성,30대,1675,0.003277,0.3277,0
52790,전북특별자치도,고창군,남성,40대,2653,0.00519,0.519,1
52790,전북특별자치도,고창군,남성,50대,4569,0.008938,0.8938,1
52790,전북특별자치도,고창군,남성,60대,5516,0.010791,1.0791,1
52790,전북특별자치도,고창군,남성,70대,3831,0.007495,0.7495,1
52790,전북특별자치도,고창군,남성,80세 이상,2159,0.004224,0.4224,0
52790,전북특별자치도,고창군,여성,0-9세,817,0.001598,0.1598,0
52790,전북특별자치도,고창군,여성,10대,1708,0.003341,0.3341,0
52790,전북특별자치도,고창군,여성,20대,1273,0.00249,0.249,0
52790,전북특별자치도,고창군,여성,30대,1492,0.002919,0.2919,0
52790,전북특별자치도,고창군,여성,40대,2187,0.004278,0.4278,1
52790,전북특별자치도,고창군,여성,50대,3507,0.006861,0.6861,1
52790,전북특별자치도,고창군,여성,60대,5065,0.009909,0.9909,1
52790,전북특별자치도,고창군,여성,70대,4371,0.008551,0.8551,1
52790,전북특별자치도,고창군,여성,80세 이상,4702,0.009198,0.9198,1
52800,전북특별자치도,부안군,남성,0-9세,856,0.001675,0.1675,0
52800,전북특별자치도,부안군,남성,10대,1645,0.003218,0.3218,0
52800,전북특별자치도,부안군,남성,20대,1763,0.003449,0.3449,0
52800,전북특별자치도,부안군,남성,30대,1641,0.00321,0.321,0
52800,전북특별자치도,부안군,남성,40대,2593,0.005073,0.5073,1
52800,전북특별자치도,부안군,남성,50대,4378,0.008565,0.8565,1
52800,전북특별자치도,부안군,남성,60대,5290,0.010349,1.0349,1
52800,전북특별자치도,부안군,남성,70대,3638,0.007117,0.7117,1
52800,전북특별자치도,부안군,남성,80세 이상,1866,0.00365,0.365,0
52800,전북특별자치도,부안군,여성,0-9세,737,0.001442,0.1442,0
52800,전북특별자치도,부안군,여성,10대,1524,0.002981,0.2981,0
52800,전북특별자치도,부안군,여성,20대,1264,0.002473,0.2473,0
52800,전북특별자치도,부안군,여성,30대,1357,0.002655,0.2655,0
52800,전북특별자치도,부안군,여성,40대,2209,0.004321,0.4321,1
52800,전북특별자치도,부안군,여성,50대,3416,0.006683,0.6683,1
52800,전북특별자치도,부안군,여성,60대,4911,0.009607,0.9607,1
52800,전북특별자치도,부안군,여성,70대,4196,0.008209,0.8209,1
52800,전북특별자치도,부안군,여성,80세 이상,3936,0.0077,0.77,1
