행정구역코드,시도,시군구,성별,연령대,인구,인구비중(%),이론표본,배정표본
11110,서울특별시,종로구,남성,14-19세,2869,0.006194,0.6194,1
11110,서울특별시,종로구,남성,20대,9363,0.020213,2.0213,2
11110,서울특별시,종로구,남성,30대,9899,0.02137,2.137,2
11110,서울특별시,종로구,남성,40대,8768,0.018929,1.8929,2
11110,서울특별시,종로구,남성,50대,11144,0.024058,2.4058,2
11110,서울특별시,종로구,남성,60대,10488,0.022642,2.2642,2
11110,서울특별시,종로구,남성,70세 이상,8905,0.019224,1.9224,2
11110,서울특별시,종로구,여성,14-19세,2975,0.006423,0.6423,1
11110,서울특별시,종로구,여성,20대,10843,0.023408,2.3408,2
11110,서울특별시,종로구,여성,30대,9970,0.021524,2.1524,2
11110,서울특별시,종로구,여성,40대,9477,0.020459,2.0459,2
11110,서울특별시,종로구,여성,50대,11611,0.025066,2.5066,3
11110,서울특별시,종로구,여성,60대,10513,0.022696,2.2696,2
11110,서울특별시,종로구,여성,70세 이상,11784,0.02544,2.544,3
11140,서울특별시,중구,남성,14-19세,1782,0.003847,0.3847,0
11140,서울특별시,중구,남성,20대,7001,0.015114,1.5114,2
11140,서울특별시,중구,남성,30대,10548,0.022771,2.2771,2
11140,서울특별시,중구,남성,40대,8086,0.017456,1.7456,2
11140,서울특별시,중구,남성,50대,8924,0.019265,1.9265,2
11140,서울특별시,중구,남성,60대,8833,0.019069,1.9069,2
11140,서울특별시,중구,남성,70세 이상,7735,0.016699,1.6699,2
11140,서울특별시,중구,여성,14-19세,1843,0.003979,0.3979,0
11140,서울특별시,중구,여성,20대,8715,0.018814,1.8814,2
11140,서울특별시,중구,여성,30대,10674,0.023043,2.3043,2
11140,서울특별시,중구,여성,40대,8012,0.017297,1.7297,2
11140,서울특별시,중구,여성,50대,8874,0.019157,1.9157,2
11140,서울특별시,중구,여성,60대,9076,0.019594,1.9594,2
11140,서울특별시,중구,여성,70세 이상,10546,0.022767,2.2767,2
11170,서울특별시,용산구,남성,14-19세,3956,0.00854,0.854,1
11170,서울특별시,용산구,남성,20대,11815,0.025507,2.5507,3
11170,서울특별시,용산구,남성,30대,18145,0.039172,3.9172,4
11170,서울특별시,용산구,남성,40대,14342,0.030962,3.0962,3
11170,서울특별시,용산구,남성,50대,15443,0.033339,3.3339,3
11170,서울특별시,용산구,남성,60대,13823,0.029842,2.9842,3
11170,서울특별시,용산구,남성,70세 이상,11098,0.023959,2.3959,2
11170,서울특별시,용산구,여성,14-19세,3875,0.008365,0.8365,1
11170,서울특별시,용산구,여성,20대,14758,0.03186,3.186,3
11170,서울특별시,용산구,여성,30대,19097,0.041227,4.1227,4
11170,서울특별시,용산구,여성,40대,14717,0.031771,3.1771,3
11170,서울특별시,용산구,여성,50대,16402,0.035409,3.5409,4
11170,서울특별시,용산구,여성,60대,14458,0.031212,3.1212,3
11170,서울특별시,용산구,여성,70세 이상,15355,0.033149,3.3149,3
11200,서울특별시,성동구,남성,14-19세,5225,0.01128,1.128,1
11200,서울특별시,성동구,남성,20대,17996,0.03885,3.885,4
11200,서울특별시,성동구,남성,30대,23687,0.051136,5.1136,5
11200,서울특별시,성동구,남성,40대,19882,0.042922,4.2922,4
11200,서울특별시,성동구,남성,50대,20842,0.044994,4.4994,5
11200,서울특별시,성동구,남성,60대,18877,0.040752,4.0752,4
11200,서울특별시,성동구,남성,70세 이상,14675,0.031681,3.1681,3
11200,서울특별시,성동구,여성,14-19세,5365,0.011582,1.1582,1
11200,서울특별시,성동구,여성,20대,19860,0.042874,4.2874,4
11200,서울특별시,성동구,여성,30대,24606,0.05312,5.312,6
11200,서울특별시,성동구,여성,40대,19691,0.04251,4.251,4
11200,서울특별시,성동구,여성,50대,21853,0.047177,4.7177,5
11200,서울특별시,성동구,여성,60대,19698,0.042525,4.2525,4
11200,서울특별시,성동구,여성,70세 이상,20093,0.043377,4.3377,4
11215,서울특별시,광진구,남성,14-19세,7168,0.015474,1.5474,2
11215,서울특별시,광진구,남성,20대,25037,0.054051,5.4051,5
11215,서울특별시,광진구,남성,30대,28252,0.060991,6.0991,6
11215,서울특별시,광진구,남성,40대,22503,0.04858,4.858,5
11215,서울특별시,광진구,남성,50대,24792,0.053522,5.3522,5
11215,서울특별시,광진구,남성,60대,22000,0.047494,4.7494,5
11215,서울특별시,광진구,남성,70세 이상,17479,0.037734,3.7734,4
11215,서울특별시,광진구,여성,14-19세,7089,0.015304,1.5304,2
11215,서울특별시,광진구,여성,20대,29800,0.064333,6.4333,6
11215,서울특별시,광진구,여성,30대,28573,0.061684,6.1684,6
11215,서울특별시,광진구,여성,40대,23544,0.050827,5.0827,5
11215,서울특별시,광진구,여성,50대,26283,0.056741,5.6741,6
11215,서울특별시,광진구,여성,60대,23849,0.051486,5.1486,5
11215,서울특별시,광진구,여성,70세 이상,22690,0.048984,4.8984,5
11230,서울특별시,동대문구,남성,14-19세,7075,0.015274,1.5274,2
11230,서울특별시,동대문구,남성,20대,25715,0.055514,5.5514,6
11230,서울특별시,동대문구,남성,30대,27472,0.059307,5.9307,6
11230,서울특별시,동대문구,남성,40대,24428,0.052736,5.2736,5
11230,서울특별시,동대문구,남성,50대,26319,0.056818,5.6818,6
11230,서울특별시,동대문구,남성,60대,23848,0.051484,5.1484,5
11230,서울특별시,동대문구,남성,70세 이상,20658,0.044597,4.4597,4
11230,서울특별시,동대문구,여성,14-19세,6931,0.014963,1.4963,2
11230,서울특별시,동대문구,여성,20대,29336,0.063331,6.3331,6
11230,서울특별시,동대문구,여성,30대,26483,0.057172,5.7172,6
11230,서울특별시,동대문구,여성,40대,23351,0.050411,5.0411,5
11230,서울특별시,동대문구,여성,50대,25969,0.056063,5.6063,5
11230,서울특별시,동대문구,여성,60대,24902,0.053759,5.3759,5
11230,서울특별시,동대문구,여성,70세 이상,27638,0.059666,5.9666,6
11260,서울특별시,중랑구,남성,14-19세,7305,0.01577,1.577,2
11260,서울특별시,중랑구,남성,20대,21208,0.045784,4.5784,5
11260,서울특별시,중랑구,남성,30대,29940,0.064635,6.4635,6
11260,서울특별시,중랑구,남성,40대,26483,0.057172,5.7172,6
11260,서울특별시,중랑구,남성,50대,30405,0.065639,6.5639,6
11260,서울특별시,중랑구,남성,60대,31126,0.067196,6.7196,7
11260,서울특별시,중랑구,남성,70세 이상,24573,0.053049,5.3049,5
11260,서울특별시,중랑구,여성,14-19세,6920,0.014939,1.4939,2
11260,서울특별시,중랑구,여성,20대,23731,0.051231,5.1231,5
11260,서울특별시,중랑구,여성,30대,28897,0.062384,6.2384,6
11260,서울특별시,중랑구,여성,40대,24333,0.052531,5.2531,5
11260,서울특별시,중랑구,여성,50대,31285,0.067539,6.7539,7
11260,서울특별시,중랑구,여성,60대,33176,0.071621,7.1621,7
11260,서울특별시,중랑구,여성,70세 이상,32040,0.069169,6.9169,7
11290,서울특별시,성북구,남성,14-19세,10630,0.022948,2.2948,2
11290,서울특별시,성북구,남성,20대,29139,0.062906,6.2906,6
11290,서울특별시,성북구,남성,30대,28477,0.061477,6.1477,6
11290,서울특별시,성북구,남성,40대,29502,0.06369,6.369,6
11290,서울특별시,성북구,남성,50대,34655,0.074814,7.4814,8
11290,서울특별시,성북구,남성,60대,27567,0.059512,5.9512,6
11290,서울특별시,성북구,남성,70세 이상,24388,0.05265,5.265,5
11290,서울특별시,성북구,여성,14-19세,10513,0.022696,2.2696,2
11290,서울특별시,성북구,여성,20대,33480,0.072278,7.2278,7
11290,서울특별시,성북구,여성,30대,28471,0.061464,6.1464,6
11290,서울특별시,성북구,여성,40대,30281,0.065372,6.5372,7
11290,서울특별시,성북구,여성,50대,36008,0.077735,7.7735,8
11290,서울특별시,성북구,여성,60대,31137,0.067219,6.7219,7
11290,서울특별시,성북구,여성,70세 이상,34181,0.073791,7.3791,8
11305,서울특별시,강북구,남성,14-19세,5747,0.012407,1.2407,1
11305,서울특별시,강북구,남성,20대,15860,0.034239,3.4239,4
11305,서울특별시,강북구,남성,30대,18022,0.038906,3.8906,4
11305,서울특별시,강북구,남성,40대,18866,0.040728,4.0728,4
11305,서울특별시,강북구,남성,50대,24012,0.051838,5.1838,5
11305,서울특별시,강북구,남성,60대,22689,0.048982,4.8982,5
11305,서울특별시,강북구,남성,70세 이상,20758,0.044813,4.4813,5
11305,서울특별시,강북구,여성,14-19세,5589,0.012066,1.2066,1
11305,서울특별시,강북구,여성,20대,18392,0.039705,3.9705,4
11305,서울특별시,강북구,여성,30대,16330,0.035254,3.5254,4
11305,서울특별시,강북구,여성,40대,17438,0.037646,3.7646,4
11305,서울특별시,강북구,여성,50대,24492,0.052874,5.2874,5
11305,서울특별시,강북구,여성,60대,25005,0.053982,5.3982,5
11305,서울특별시,강북구,여성,70세 이상,29681,0.064076,6.4076,6
11320,서울특별시,도봉구,남성,14-19세,6878,0.014848,1.4848,2
11320,서울특별시,도봉구,남성,20대,16281,0.035148,3.5148,4
11320,서울특별시,도봉구,남성,30대,19182,0.041411,4.1411,4
11320,서울특별시,도봉구,남성,40대,19967,0.043105,4.3105,4
11320,서울특별시,도봉구,남성,50대,24972,0.05391,5.391,5
11320,서울특별시,도봉구,남성,60대,24919,0.053796,5.3796,5
11320,서울특별시,도봉구,남성,70세 이상,22246,0.048025,4.8025,5
11320,서울특별시,도봉구,여성,14-19세,6398,0.013812,1.3812,1
11320,서울특별시,도봉구,여성,20대,17005,0.036711,3.6711,4
11320,서울특별시,도봉구,여성,30대,18130,0.03914,3.914,4
11320,서울특별시,도봉구,여성,40대,19693,0.042514,4.2514,4
11320,서울특별시,도봉구,여성,50대,27009,0.058308,5.8308,6
11320,서울특별시,도봉구,여성,60대,28312,0.061121,6.1121,6
11320,서울특별시,도봉구,여성,70세 이상,29141,0.06291,6.291,6
11350,서울특별시,노원구,남성,14-19세,14505,0.031314,3.1314,3
11350,서울특별시,노원구,남성,20대,30688,0.06625,6.625,7
11350,서울특별시,노원구,남성,30대,30828,0.066552,6.6552,7
11350,서울특별시,노원구,남성,40대,33078,0.07141,7.141,7
11350,서울특별시,노원구,남성,50대,40263,0.086921,8.6921,9
11350,서울특별시,노원구,남성,60대,33548,0.072424,7.2424,7
11350,서울특별시,노원구,남성,70세 이상,28240,0.060965,6.0965,6
11350,서울특별시,노원구,여성,14-19세,13461,0.02906,2.906,3
11350,서울특별시,노원구,여성,20대,30432,0.065698,6.5698,7
11350,서울특별시,노원구,여성,30대,30265,0.065337,6.5337,6
11350,서울특별시,노원구,여성,40대,35933,0.077573,7.7573,8
11350,서울특별시,노원구,여성,50대,43617,0.094162,9.4162,9
11350,서울특별시,노원구,여성,60대,38937,0.084058,8.4058,8
11350,서울특별시,노원구,여성,70세 이상,40717,0.087901,8.7901,9
11380,서울특별시,은평구,남성,14-19세,10717,0.023136,2.3136,2
11380,서울특별시,은평구,남성,20대,25925,0.055968,5.5968,6
11380,서울특별시,은평구,남성,30대,32508,0.070179,7.0179,7
11380,서울특별시,은평구,남성,40대,31912,0.068893,6.8893,7
11380,서울특별시,은평구,남성,50대,36837,0.079525,7.9525,8
11380,서울특별시,은평구,남성,60대,32067,0.069227,6.9227,7
11380,서울특별시,은평구,남성,70세 이상,28338,0.061177,6.1177,6
11380,서울특별시,은평구,여성,14-19세,10402,0.022456,2.2456,2
11380,서울특별시,은평구,여성,20대,29998,0.064761,6.4761,7
11380,서울특별시,은평구,여성,30대,34148,0.07372,7.372,7
11380,서울특별시,은평구,여성,40대,32794,0.070797,7.0797,7
11380,서울특별시,은평구,여성,50대,39777,0.085872,8.5872,8
11380,서울특별시,은평구,여성,60대,37062,0.080011,8.0011,8
11380,서울특별시,은평구,여성,70세 이상,39776,0.08587,8.587,9
11410,서울특별시,서대문구,남성,14-19세,6624,0.0143,1.43,2
11410,서울특별시,서대문구,남성,20대,20425,0.044094,4.4094,4
11410,서울특별시,서대문구,남성,30대,22159,0.047838,4.7838,5
11410,서울특별시,서대문구,남성,40대,20739,0.044772,4.4772,4
11410,서울특별시,서대문구,남성,50대,23152,0.049981,4.9981,5
11410,서울특별시,서대문구,남성,60대,19653,0.042427,4.2427,4
11410,서울특별시,서대문구,남성,70세 이상,17115,0.036948,3.6948,4
11410,서울특별시,서대문구,여성,14-19세,6680,0.014421,1.4421,2
11410,서울특별시,서대문구,여성,20대,24520,0.052935,5.2935,5
11410,서울특별시,서대문구,여성,30대,22840,0.049308,4.9308,5
11410,서울특별시,서대문구,여성,40대,21345,0.04608,4.608,5
11410,서울특별시,서대문구,여성,50대,24516,0.052926,5.2926,5
11410,서울특별시,서대문구,여성,60대,22186,0.047896,4.7896,5
11410,서울특별시,서대문구,여성,70세 이상,24600,0.053107,5.3107,5
11440,서울특별시,마포구,남성,14-19세,7890,0.017033,1.7033,2
11440,서울특별시,마포구,남성,20대,23515,0.050765,5.0765,5
11440,서울특별시,마포구,남성,30대,30355,0.065531,6.5531,6
11440,서울특별시,마포구,남성,40대,26106,0.056358,5.6358,6
11440,서울특별시,마포구,남성,50대,27038,0.05837,5.837,6
11440,서울특별시,마포구,남성,60대,20101,0.043395,4.3395,4
11440,서울특별시,마포구,남성,70세 이상,16655,0.035955,3.5955,4
11440,서울특별시,마포구,여성,14-19세,7960,0.017184,1.7184,2
11440,서울특별시,마포구,여성,20대,31078,0.067092,6.7092,7
11440,서울특별시,마포구,여성,30대,34371,0.074201,7.4201,7
11440,서울특별시,마포구,여성,40대,28349,0.061201,6.1201,6
11440,서울특별시,마포구,여성,50대,28681,0.061917,6.1917,6
11440,서울특별시,마포구,여성,60대,22664,0.048928,4.8928,5
11440,서울특별시,마포구,여성,70세 이상,24728,0.053384,5.3384,5
11470,서울특별시,양천구,남성,14-19세,14503,0.03131,3.131,3
11470,서울특별시,양천구,남성,20대,23384,0.050482,5.0482,5
11470,서울특별시,양천구,남성,30대,25727,0.05554,5.554,6
11470,서울특별시,양천구,남성,40대,33288,0.071863,7.1863,7
11470,서울특별시,양천구,남성,50대,35556,0.076759,7.6759,8
11470,서울특별시,양천구,남성,60대,29666,0.064044,6.4044,6
11470,서울특별시,양천구,남성,70세 이상,23709,0.051184,5.1184,5
11470,서울특별시,양천구,여성,14-19세,13494,0.029131,2.9131,3
11470,서울특별시,양천구,여성,20대,23414,0.050547,5.0547,5
11470,서울특별시,양천구,여성,30대,26011,0.056153,5.6153,6
11470,서울특별시,양천구,여성,40대,36092,0.077916,7.7916,8
11470,서울특별시,양천구,여성,50대,36464,0.07872,7.872,8
11470,서울특별시,양천구,여성,60대,32768,0.070741,7.0741,7
11470,서울특별시,양천구,여성,70세 이상,30132,0.06505,6.505,6
11500,서울특별시,강서구,남성,14-19세,12524,0.027037,2.7037,3
11500,서울특별시,강서구,남성,20대,31873,0.068808,6.8808,7
11500,서울특별시,강서구,남성,30대,47848,0.103296,10.3296,10
11500,서울특별시,강서구,남성,40대,41102,0.088732,8.8732,9
11500,서울특별시,강서구,남성,50대,39838,0.086003,8.6003,8
11500,서울특별시,강서구,남성,60대,36341,0.078454,7.8454,8
11500,서울특별시,강서구,남성,70세 이상,31426,0.067843,6.7843,7
11500,서울특별시,강서구,여성,14-19세,11897,0.025684,2.5684,3
11500,서울특별시,강서구,여성,20대,39661,0.085621,8.5621,9
11500,서울특별시,강서구,여성,30대,48414,0.104518,10.4518,10
11500,서울특별시,강서구,여성,40대,40681,0.087823,8.7823,9
11500,서울특별시,강서구,여성,50대,41390,0.089354,8.9354,9
11500,서울특별시,강서구,여성,60대,42709,0.092201,9.2201,9
11500,서울특별시,강서구,여성,70세 이상,41629,0.08987,8.987,9
11530,서울특별시,구로구,남성,14-19세,8407,0.018149,1.8149,2
11530,서울특별시,구로구,남성,20대,21865,0.047203,4.7203,5
11530,서울특별시,구로구,남성,30대,31364,0.06771,6.771,7
11530,서울특별시,구로구,남성,40대,28051,0.060557,6.0557,6
11530,서울특별시,구로구,남성,50대,29922,0.064597,6.4597,6
11530,서울특별시,구로구,남성,60대,27569,0.059517,5.9517,6
11530,서울특별시,구로구,남성,70세 이상,25015,0.054003,5.4003,5
11530,서울특별시,구로구,여성,14-19세,8210,0.017724,1.7724,2
11530,서울특별시,구로구,여성,20대,24044,0.051907,5.1907,5
11530,서울특별시,구로구,여성,30대,30087,0.064953,6.4953,7
11530,서울특별시,구로구,여성,40대,26814,0.057887,5.7887,6
11530,서울특별시,구로구,여성,50대,30026,0.064821,6.4821,6
11530,서울특별시,구로구,여성,60대,30494,0.065831,6.5831,6
11530,서울특별시,구로구,여성,70세 이상,31960,0.068996,6.8996,7
11545,서울특별시,금천구,남성,14-19세,3806,0.008217,0.8217,1
11545,서울특별시,금천구,남성,20대,15093,0.032583,3.2583,3
11545,서울특별시,금천구,남성,30대,21866,0.047205,4.7205,4
11545,서울특별시,금천구,남성,40대,14843,0.032044,3.2044,3
11545,서울특별시,금천구,남성,50대,17631,0.038062,3.8062,4
11545,서울특별시,금천구,남성,60대,18314,0.039537,3.9537,4
11545,서울특별시,금천구,남성,70세 이상,14018,0.030262,3.0262,3
11545,서울특별시,금천구,여성,14-19세,3718,0.008027,0.8027,1
11545,서울특별시,금천구,여성,20대,16622,0.035884,3.5884,3
11545,서울특별시,금천구,여성,30대,17852,0.038539,3.8539,4
11545,서울특별시,금천구,여성,40대,12784,0.027598,2.7598,3
11545,서울특별시,금천구,여성,50대,17416,0.037598,3.7598,4
11545,서울특별시,금천구,여성,60대,18677,0.04032,4.032,4
11545,서울특별시,금천구,여성,70세 이상,17809,0.038447,3.8447,4
11560,서울특별시,영등포구,남성,14-19세,6976,0.01506,1.506,2
11560,서울특별시,영등포구,남성,20대,23396,0.050508,5.0508,5
11560,서울특별시,영등포구,남성,30대,37365,0.080665,8.0665,8
11560,서울특별시,영등포구,남성,40대,26712,0.057667,5.7667,6
11560,서울특별시,영등포구,남성,50대,27087,0.058476,5.8476,6
11560,서울특별시,영등포구,남성,60대,24260,0.052373,5.2373,5
11560,서울특별시,영등포구,남성,70세 이상,20838,0.044986,4.4986,4
11560,서울특별시,영등포구,여성,14-19세,6512,0.014058,1.4058,1
11560,서울특별시,영등포구,여성,20대,29352,0.063366,6.3366,7
11560,서울특별시,영등포구,여성,30대,36800,0.079445,7.9445,8
11560,서울특별시,영등포구,여성,40대,25455,0.054953,5.4953,5
11560,서울특별시,영등포구,여성,50대,26721,0.057686,5.7686,6
11560,서울특별시,영등포구,여성,60대,24706,0.053336,5.3336,5
11560,서울특별시,영등포구,여성,70세 이상,26618,0.057464,5.7464,6
11590,서울특별시,동작구,남성,14-19세,7908,0.017072,1.7072,2
11590,서울특별시,동작구,남성,20대,28438,0.061393,6.1393,6
11590,서울특별시,동작구,남성,30대,31448,0.067891,6.7891,7
11590,서울특별시,동작구,남성,40대,25713,0.05551,5.551,6
11590,서울특별시,동작구,남성,50대,27411,0.059176,5.9176,6
11590,서울특별시,동작구,남성,60대,23297,0.050294,5.0294,5
11590,서울특별시,동작구,남성,70세 이상,21537,0.046495,4.6495,4
11590,서울특별시,동작구,여성,14-19세,7530,0.016256,1.6256,2
11590,서울특별시,동작구,여성,20대,31437,0.067867,6.7867,7
11590,서울특별시,동작구,여성,30대,30060,0.064894,6.4894,7
11590,서울특별시,동작구,여성,40대,25439,0.054918,5.4918,5
11590,서울특별시,동작구,여성,50대,28854,0.062291,6.2291,6
11590,서울특별시,동작구,여성,60대,26821,0.057902,5.7902,6
11590,서울특별시,동작구,여성,70세 이상,29292,0.063236,6.3236,6
11620,서울특별시,관악구,남성,14-19세,7666,0.01655,1.655,2
11620,서울특별시,관악구,남성,20대,48590,0.104898,10.4898,10
11620,서울특별시,관악구,남성,30대,52523,0.113388,11.3388,11
11620,서울특별시,관악구,남성,40대,31292,0.067554,6.7554,7
11620,서울특별시,관악구,남성,50대,33141,0.071546,7.1546,7
11620,서울특별시,관악구,남성,60대,28709,0.061978,6.1978,6
11620,서울특별시,관악구,남성,70세 이상,26953,0.058187,5.8187,6
11620,서울특별시,관악구,여성,14-19세,7534,0.016265,1.6265,2
11620,서울특별시,관악구,여성,20대,52801,0.113988,11.3988,11
11620,서울특별시,관악구,여성,30대,41497,0.089585,8.9585,9
11620,서울특별시,관악구,여성,40대,26555,0.057328,5.7328,6
11620,서울특별시,관악구,여성,50대,31324,0.067623,6.7623,7
11620,서울특별시,관악구,여성,60대,31326,0.067628,6.7628,6
11620,서울특별시,관악구,여성,70세 이상,35428,0.076483,7.6483,8
11650,서울특별시,서초구,남성,14-19세,13803,0.029798,2.9798,3
11650,서울특별시,서초구,남성,20대,22711,0.049029,4.9029,5
11650,서울특별시,서초구,남성,30대,26854,0.057973,5.7973,6
11650,서울특별시,서초구,남성,40대,32807,0.070825,7.0825,7
11650,서울특별시,서초구,남성,50대,33527,0.072379,7.2379,7
11650,서울특별시,서초구,남성,60대,22745,0.049103,4.9103,5
11650,서울특별시,서초구,남성,70세 이상,21590,0.046609,4.6609,5
11650,서울특별시,서초구,여성,14-19세,13702,0.02958,2.958,3
11650,서울특별시,서초구,여성,20대,25356,0.054739,5.4739,6
11650,서울특별시,서초구,여성,30대,30883,0.066671,6.6671,7
11650,서울특별시,서초구,여성,40대,38467,0.083044,8.3044,8
11650,서울특별시,서초구,여성,50대,34530,0.074544,7.4544,7
11650,서울특별시,서초구,여성,60대,26040,0.056216,5.6216,5
11650,서울특별시,서초구,여성,70세 이상,26794,0.057844,5.7844,6
11680,서울특별시,강남구,남성,14-19세,19900,0.042961,4.2961,4
11680,서울특별시,강남구,남성,20대,29602,0.063906,6.3906,6
11680,서울특별시,강남구,남성,30대,37956,0.081941,8.1941,8
11680,서울특별시,강남구,남성,40대,45573,0.098384,9.8384,10
11680,서울특별시,강남구,남성,50대,44354,0.095753,9.5753,10
11680,서울특별시,강남구,남성,60대,29925,0.064603,6.4603,7
11680,서울특별시,강남구,남성,70세 이상,28523,0.061576,6.1576,6
11680,서울특별시,강남구,여성,14-19세,18396,0.039714,3.9714,4
11680,서울특별시,강남구,여성,20대,33557,0.072444,7.2444,7
11680,서울특별시,강남구,여성,30대,42699,0.09218,9.218,9
11680,서울특별시,강남구,여성,40대,54482,0.117617,11.7617,12
11680,서울특별시,강남구,여성,50대,44121,0.09525,9.525,10
11680,서울특별시,강남구,여성,60대,33938,0.073266,7.3266,7
11680,서울특별시,강남구,여성,70세 이상,35548,0.076742,7.6742,8
11710,서울특별시,송파구,남성,14-19세,17003,0.036707,3.6707,4
11710,서울특별시,송파구,남성,20대,35524,0.07669,7.669,7
11710,서울특별시,송파구,남성,30대,50753,0.109567,10.9567,11
11710,서울특별시,송파구,남성,40대,49912,0.107752,10.7752,11
11710,서울특별시,송파구,남성,50대,47473,0.102486,10.2486,10
11710,서울특별시,송파구,남성,60대,40995,0.088501,8.8501,9
11710,서울특별시,송파구,남성,70세 이상,34388,0.074238,7.4238,7
11710,서울특별시,송파구,여성,14-19세,16771,0.036206,3.6206,4
11710,서울특별시,송파구,여성,20대,40637,0.087728,8.7728,9
11710,서울특별시,송파구,여성,30대,55154,0.119068,11.9068,12
11710,서울특별시,송파구,여성,40대,53835,0.116221,11.6221,11
11710,서울특별시,송파구,여성,50대,50509,0.10904,10.904,11
11710,서울특별시,송파구,여성,60대,46785,0.101001,10.1001,10
11710,서울특별시,송파구,여성,70세 이상,41277,0.08911,8.911,9
11740,서울특별시,강동구,남성,14-19세,13623,0.02941,2.941,3
11740,서울특별시,강동구,남성,20대,26283,0.056741,5.6741,6
11740,서울특별시,강동구,남성,30대,38172,0.082407,8.2407,8
11740,서울특별시,강동구,남성,40대,40221,0.08683,8.683,9
11740,서울특별시,강동구,남성,50대,37186,0.080278,8.0278,8
11740,서울특별시,강동구,남성,60대,33808,0.072986,7.2986,7
11740,서울특별시,강동구,남성,70세 이상,27757,0.059923,5.9923,6
11740,서울특별시,강동구,여성,14-19세,12162,0.026256,2.6256,3
11740,서울특별시,강동구,여성,20대,29329,0.063316,6.3316,6
11740,서울특별시,강동구,여성,30대,39282,0.084803,8.4803,9
11740,서울특별시,강동구,여성,40대,40902,0.0883,8.83,9
11740,서울특별시,강동구,여성,50대,38058,0.082161,8.2161,8
11740,서울특별시,강동구,여성,60대,38436,0.082977,8.2977,8
11740,서울특별시,강동구,여성,70세 이상,33915,0.073217,7.3217,7
26110,부산광역시,중구,남성,14-19세,448,0.000967,0.0967,0
26110,부산광역시,중구,남성,20대,2127,0.004592,0.4592,0
26110,부산광역시,중구,남성,30대,2240,0.004836,0.4836,1
26110,부산광역시,중구,남성,40대,2104,0.004542,0.4542,0
26110,부산광역시,중구,남성,50대,3129,0.006755,0.6755,1
26110,부산광역시,중구,남성,60대,3473,0.007498,0.7498,1
26110,부산광역시,중구,남성,70세 이상,3531,0.007623,0.7623,1
26110,부산광역시,중구,여성,14-19세,497,0.001073,0.1073,0
26110,부산광역시,중구,여성,20대,2536,0.005475,0.5475,1
26110,부산광역시,중구,여성,30대,1816,0.00392,0.392,0
26110,부산광역시,중구,여성,40대,1783,0.003849,0.3849,0
26110,부산광역시,중구,여성,50대,2820,0.006088,0.6088,1
26110,부산광역시,중구,여성,60대,3769,0.008137,0.8137,1
26110,부산광역시,중구,여성,70세 이상,5080,0.010967,1.0967,1
26140,부산광역시,서구,남성,14-19세,2181,0.004708,0.4708,1
26140,부산광역시,서구,남성,20대,5089,0.010986,1.0986,1
26140,부산광역시,서구,남성,30대,5189,0.011202,1.1202,1
26140,부산광역시,서구,남성,40대,6468,0.013963,1.3963,1
26140,부산광역시,서구,남성,50대,8450,0.018242,1.8242,2
26140,부산광역시,서구,남성,60대,8989,0.019406,1.9406,2
26140,부산광역시,서구,남성,70세 이상,8871,0.019151,1.9151,2
26140,부산광역시,서구,여성,14-19세,2087,0.004505,0.4505,0
26140,부산광역시,서구,여성,20대,5613,0.012118,1.2118,1
26140,부산광역시,서구,여성,30대,4920,0.010621,1.0621,1
26140,부산광역시,서구,여성,40대,6260,0.013514,1.3514,1
26140,부산광역시,서구,여성,50대,8072,0.017426,1.7426,2
26140,부산광역시,서구,여성,60대,10006,0.021601,2.1601,2
26140,부산광역시,서구,여성,70세 이상,12822,0.027681,2.7681,3
26170,부산광역시,동구,남성,14-19세,1391,0.003003,0.3003,0
26170,부산광역시,동구,남성,20대,3827,0.008262,0.8262,1
26170,부산광역시,동구,남성,30대,5540,0.01196,1.196,1
26170,부산광역시,동구,남성,40대,5667,0.012234,1.2234,1
26170,부산광역시,동구,남성,50대,7030,0.015177,1.5177,2
26170,부산광역시,동구,남성,60대,7291,0.01574,1.574,2
26170,부산광역시,동구,남성,70세 이상,7254,0.01566,1.566,2
26170,부산광역시,동구,여성,14-19세,1369,0.002955,0.2955,0
26170,부산광역시,동구,여성,20대,4221,0.009112,0.9112,1
26170,부산광역시,동구,여성,30대,5080,0.010967,1.0967,1
26170,부산광역시,동구,여성,40대,4862,0.010496,1.0496,1
26170,부산광역시,동구,여성,50대,6428,0.013877,1.3877,1
26170,부산광역시,동구,여성,60대,7807,0.016854,1.6854,2
26170,부산광역시,동구,여성,70세 이상,10854,0.023432,2.3432,2
26200,부산광역시,영도구,남성,14-19세,2037,0.004398,0.4398,1
26200,부산광역시,영도구,남성,20대,4809,0.010382,1.0382,1
26200,부산광역시,영도구,남성,30대,4756,0.010267,1.0267,1
26200,부산광역시,영도구,남성,40대,6353,0.013715,1.3715,1
26200,부산광역시,영도구,남성,50대,8709,0.018801,1.8801,2
26200,부산광역시,영도구,남성,60대,9935,0.021448,2.1448,2
26200,부산광역시,영도구,남성,70세 이상,10122,0.021852,2.1852,2
26200,부산광역시,영도구,여성,14-19세,1889,0.004078,0.4078,1
26200,부산광역시,영도구,여성,20대,3936,0.008497,0.8497,1
26200,부산광역시,영도구,여성,30대,4128,0.008912,0.8912,1
26200,부산광역시,영도구,여성,40대,5728,0.012366,1.2366,1
26200,부산광역시,영도구,여성,50대,8118,0.017525,1.7525,2
26200,부산광역시,영도구,여성,60대,10579,0.022838,2.2838,2
26200,부산광역시,영도구,여성,70세 이상,14519,0.031344,3.1344,3
26230,부산광역시,부산진구,남성,14-19세,7346,0.015859,1.5859,2
26230,부산광역시,부산진구,남성,20대,21771,0.047,4.7,5
26230,부산광역시,부산진구,남성,30대,27616,0.059618,5.9618,6
26230,부산광역시,부산진구,남성,40대,25053,0.054085,5.4085,5
26230,부산광역시,부산진구,남성,50대,27414,0.059182,5.9182,6
26230,부산광역시,부산진구,남성,60대,27258,0.058845,5.8845,6
26230,부산광역시,부산진구,남성,70세 이상,24035,0.051887,5.1887,5
26230,부산광역시,부산진구,여성,14-19세,7332,0.015829,1.5829,2
26230,부산광역시,부산진구,여성,20대,24965,0.053895,5.3895,5
26230,부산광역시,부산진구,여성,30대,26572,0.057364,5.7364,6
26230,부산광역시,부산진구,여성,40대,24155,0.052147,5.2147,5
26230,부산광역시,부산진구,여성,50대,28666,0.061885,6.1885,6
26230,부산광역시,부산진구,여성,60대,31518,0.068042,6.8042,7
26230,부산광역시,부산진구,여성,70세 이상,33488,0.072295,7.2295,7
26260,부산광역시,동래구,남성,14-19세,7961,0.017186,1.7186,2
26260,부산광역시,동래구,남성,20대,13091,0.028261,2.8261,3
26260,부산광역시,동래구,남성,30대,16137,0.034837,3.4837,3
26260,부산광역시,동래구,남성,40대,20762,0.044822,4.4822,4
26260,부산광역시,동래구,남성,50대,21585,0.046598,4.6598,5
26260,부산광역시,동래구,남성,60대,19449,0.041987,4.1987,4
26260,부산광역시,동래구,남성,70세 이상,18067,0.039004,3.9004,4
26260,부산광역시,동래구,여성,14-19세,7437,0.016055,1.6055,2
26260,부산광역시,동래구,여성,20대,12668,0.027348,2.7348,3
26260,부산광역시,동래구,여성,30대,16061,0.034673,3.4673,3
26260,부산광역시,동래구,여성,40대,21677,0.046797,4.6797,5
26260,부산광역시,동래구,여성,50대,22859,0.049349,4.9349,5
26260,부산광역시,동래구,여성,60대,23258,0.05021,5.021,5
26260,부산광역시,동래구,여성,70세 이상,24151,0.052138,5.2138,5
26290,부산광역시,남구,남성,14-19세,6816,0.014715,1.4715,2
26290,부산광역시,남구,남성,20대,15764,0.034032,3.4032,3
26290,부산광역시,남구,남성,30대,13742,0.029667,2.9667,3
26290,부산광역시,남구,남성,40대,17353,0.037462,3.7462,4
26290,부산광역시,남구,남성,50대,20525,0.04431,4.431,4
26290,부산광역시,남구,남성,60대,18471,0.039876,3.9876,4
26290,부산광역시,남구,남성,70세 이상,18134,0.039148,3.9148,4
26290,부산광역시,남구,여성,14-19세,6404,0.013825,1.3825,2
26290,부산광역시,남구,여성,20대,14527,0.031361,3.1361,3
26290,부산광역시,남구,여성,30대,12965,0.027989,2.7989,3
26290,부산광역시,남구,여성,40대,17507,0.037795,3.7795,4
26290,부산광역시,남구,여성,50대,20908,0.045137,4.5137,4
26290,부산광역시,남구,여성,60대,21536,0.046493,4.6493,5
26290,부산광역시,남구,여성,70세 이상,25035,0.054046,5.4046,5
26320,부산광역시,북구,남성,14-19세,6274,0.013544,1.3544,1
26320,부산광역시,북구,남성,20대,13342,0.028803,2.8803,3
26320,부산광역시,북구,남성,30대,16542,0.035711,3.5711,4
26320,부산광역시,북구,남성,40대,17363,0.037484,3.7484,4
26320,부산광역시,북구,남성,50대,21419,0.04624,4.624,4
26320,부산광역시,북구,남성,60대,24867,0.053684,5.3684,5
26320,부산광역시,북구,남성,70세 이상,17889,0.038619,3.8619,4
26320,부산광역시,북구,여성,14-19세,5904,0.012746,1.2746,1
26320,부산광역시,북구,여성,20대,11792,0.025457,2.5457,3
26320,부산광역시,북구,여성,30대,14827,0.032009,3.2009,3
26320,부산광역시,북구,여성,40대,16480,0.035578,3.5578,4
26320,부산광역시,북구,여성,50대,24104,0.052036,5.2036,5
26320,부산광역시,북구,여성,60대,27036,0.058366,5.8366,6
26320,부산광역시,북구,여성,70세 이상,23613,0.050976,5.0976,5
26350,부산광역시,해운대구,남성,14-19세,10700,0.023099,2.3099,2
26350,부산광역시,해운대구,남성,20대,18507,0.039953,3.9953,4
26350,부산광역시,해운대구,남성,30대,20684,0.044653,4.4653,5
26350,부산광역시,해운대구,남성,40대,26739,0.057725,5.7725,6
26350,부산광역시,해운대구,남성,50대,31121,0.067185,6.7185,7
26350,부산광역시,해운대구,남성,60대,28963,0.062526,6.2526,6
26350,부산광역시,해운대구,남성,70세 이상,23931,0.051663,5.1663,5
26350,부산광역시,해운대구,여성,14-19세,10114,0.021834,2.1834,2
26350,부산광역시,해운대구,여성,20대,17164,0.037054,3.7054,4
26350,부산광역시,해운대구,여성,30대,20512,0.044282,4.4282,5
26350,부산광역시,해운대구,여성,40대,28787,0.062146,6.2146,6
26350,부산광역시,해운대구,여성,50대,34669,0.074844,7.4844,7
26350,부산광역시,해운대구,여성,60대,33192,0.071656,7.1656,7
26350,부산광역시,해운대구,여성,70세 이상,33123,0.071507,7.1507,7
26380,부산광역시,사하구,남성,14-19세,7133,0.015399,1.5399,2
26380,부산광역시,사하구,남성,20대,15868,0.034256,3.4256,3
26380,부산광역시,사하구,남성,30대,16464,0.035543,3.5543,4
26380,부산광역시,사하구,남성,40대,20295,0.043813,4.3813,4
26380,부산광역시,사하구,남성,50대,24435,0.052751,5.2751,5
26380,부산광역시,사하구,남성,60대,25508,0.055067,5.5067,5
26380,부산광역시,사하구,남성,70세 이상,21195,0.045756,4.5756,5
26380,부산광역시,사하구,여성,14-19세,6722,0.014512,1.4512,2
26380,부산광역시,사하구,여성,20대,13542,0.029235,2.9235,3
26380,부산광역시,사하구,여성,30대,13941,0.030096,3.0096,3
26380,부산광역시,사하구,여성,40대,18783,0.040549,4.0549,4
26380,부산광역시,사하구,여성,50대,24811,0.053563,5.3563,5
26380,부산광역시,사하구,여성,60대,28266,0.061021,6.1021,6
26380,부산광역시,사하구,여성,70세 이상,27912,0.060257,6.0257,6
26410,부산광역시,금정구,남성,14-19세,4846,0.010462,1.0462,1
26410,부산광역시,금정구,남성,20대,13796,0.029783,2.9783,3
26410,부산광역시,금정구,남성,30대,11192,0.024162,2.4162,2
26410,부산광역시,금정구,남성,40대,12810,0.027655,2.7655,3
26410,부산광역시,금정구,남성,50대,16316,0.035223,3.5223,3
26410,부산광역시,금정구,남성,60대,17975,0.038805,3.8805,4
26410,부산광역시,금정구,남성,70세 이상,16555,0.035739,3.5739,4
26410,부산광역시,금정구,여성,14-19세,4625,0.009985,0.9985,1
26410,부산광역시,금정구,여성,20대,11957,0.025813,2.5813,3
26410,부산광역시,금정구,여성,30대,9489,0.020485,2.0485,2
26410,부산광역시,금정구,여성,40대,12618,0.02724,2.724,3
26410,부산광역시,금정구,여성,50대,17408,0.037581,3.7581,4
26410,부산광역시,금정구,여성,60대,20662,0.044606,4.4606,4
26410,부산광역시,금정구,여성,70세 이상,22538,0.048656,4.8656,5
26440,부산광역시,강서구,남성,14-19세,4658,0.010056,1.0056,1
26440,부산광역시,강서구,남성,20대,5753,0.01242,1.242,1
26440,부산광역시,강서구,남성,30대,12199,0.026336,2.6336,3
26440,부산광역시,강서구,남성,40대,16824,0.03632,3.632,3
26440,부산광역시,강서구,남성,50대,10112,0.02183,2.183,2
26440,부산광역시,강서구,남성,60대,8759,0.018909,1.8909,2
26440,부산광역시,강서구,남성,70세 이상,6443,0.013909,1.3909,1
26440,부산광역시,강서구,여성,14-19세,4483,0.009678,0.9678,1
26440,부산광역시,강서구,여성,20대,4821,0.010408,1.0408,1
26440,부산광역시,강서구,여성,30대,11647,0.025144,2.5144,3
26440,부산광역시,강서구,여성,40대,14375,0.031033,3.1033,3
26440,부산광역시,강서구,여성,50대,8540,0.018436,1.8436,2
26440,부산광역시,강서구,여성,60대,8944,0.019309,1.9309,2
26440,부산광역시,강서구,여성,70세 이상,7456,0.016096,1.6096,2
26470,부산광역시,연제구,남성,14-19세,5146,0.011109,1.1109,1
26470,부산광역시,연제구,남성,20대,10620,0.022927,2.2927,2
26470,부산광역시,연제구,남성,30대,14074,0.030383,3.0383,3
26470,부산광역시,연제구,남성,40대,15347,0.033132,3.3132,3
26470,부산광역시,연제구,남성,50대,16106,0.03477,3.477,4
26470,부산광역시,연제구,남성,60대,15332,0.033099,3.3099,3
26470,부산광역시,연제구,남성,70세 이상,14422,0.031135,3.1135,3
26470,부산광역시,연제구,여성,14-19세,4939,0.010662,1.0662,1
26470,부산광역시,연제구,여성,20대,10840,0.023402,2.3402,3
26470,부산광역시,연제구,여성,30대,14245,0.030753,3.0753,3
26470,부산광역시,연제구,여성,40대,15696,0.033885,3.3885,3
26470,부산광역시,연제구,여성,50대,17622,0.038043,3.8043,4
26470,부산광역시,연제구,여성,60대,18314,0.039537,3.9537,4
26470,부산광역시,연제구,여성,70세 이상,19591,0.042294,4.2294,4
26500,부산광역시,수영구,남성,14-19세,3444,0.007435,0.7435,1
26500,부산광역시,수영구,남성,20대,9281,0.020036,2.0036,2
26500,부산광역시,수영구,남성,30대,11576,0.024991,2.4991,3
26500,부산광역시,수영구,남성,40대,11345,0.024492,2.4492,2
26500,부산광역시,수영구,남성,50대,12317,0.02659,2.659,3
26500,부산광역시,수영구,남성,60대,12056,0.026027,2.6027,3
26500,부산광역시,수영구,남성,70세 이상,12998,0.02806,2.806,3
26500,부산광역시,수영구,여성,14-19세,3293,0.007109,0.7109,1
26500,부산광역시,수영구,여성,20대,10414,0.022482,2.2482,2
26500,부산광역시,수영구,여성,30대,11278,0.024347,2.4347,2
26500,부산광역시,수영구,여성,40대,11583,0.025006,2.5006,2
26500,부산광역시,수영구,여성,50대,13736,0.029654,2.9654,3
26500,부산광역시,수영구,여성,60대,15642,0.033768,3.3768,3
26500,부산광역시,수영구,여성,70세 이상,18148,0.039178,3.9178,4
26530,부산광역시,사상구,남성,14-19세,4094,0.008838,0.8838,1
26530,부산광역시,사상구,남성,20대,10984,0.023713,2.3713,2
26530,부산광역시,사상구,남성,30대,12439,0.026854,2.6854,3
26530,부산광역시,사상구,남성,40대,12688,0.027391,2.7391,3
26530,부산광역시,사상구,남성,50대,16754,0.036169,3.6169,4
26530,부산광역시,사상구,남성,60대,19815,0.042777,4.2777,4
26530,부산광역시,사상구,남성,70세 이상,13668,0.029507,2.9507,3
26530,부산광역시,사상구,여성,14-19세,3904,0.008428,0.8428,1
26530,부산광역시,사상구,여성,20대,10362,0.02237,2.237,2
26530,부산광역시,사상구,여성,30대,10267,0.022165,2.2165,2
26530,부산광역시,사상구,여성,40대,11359,0.024522,2.4522,2
26530,부산광역시,사상구,여성,50대,16773,0.03621,3.621,4
26530,부산광역시,사상구,여성,60대,20449,0.044146,4.4146,4
26530,부산광역시,사상구,여성,70세 이상,17977,0.038809,3.8809,4
26710,부산광역시,기장군,남성,14-19세,5724,0.012357,1.2357,1
26710,부산광역시,기장군,남성,20대,7918,0.017094,1.7094,2
26710,부산광역시,기장군,남성,30대,10397,0.022445,2.2445,2
26710,부산광역시,기장군,남성,40대,15811,0.034133,3.4133,3
26710,부산광역시,기장군,남성,50대,14431,0.031154,3.1154,3
26710,부산광역시,기장군,남성,60대,11239,0.024263,2.4263,3
26710,부산광역시,기장군,남성,70세 이상,10230,0.022085,2.2085,2
26710,부산광역시,기장군,여성,14-19세,5459,0.011785,1.1785,1
26710,부산광역시,기장군,여성,20대,6792,0.014663,1.4663,2
26710,부산광역시,기장군,여성,30대,9762,0.021074,2.1074,2
26710,부산광역시,기장군,여성,40대,15617,0.033714,3.3714,3
26710,부산광역시,기장군,여성,50대,13616,0.029395,2.9395,3
26710,부산광역시,기장군,여성,60대,12524,0.027037,2.7037,3
26710,부산광역시,기장군,여성,70세 이상,14103,0.030446,3.0446,3
27110,대구광역시,중구,남성,14-19세,2142,0.004624,0.4624,0
27110,대구광역시,중구,남성,20대,6137,0.013249,1.3249,1
27110,대구광역시,중구,남성,30대,9273,0.020019,2.0019,2
27110,대구광역시,중구,남성,40대,7629,0.01647,1.647,2
27110,대구광역시,중구,남성,50대,6910,0.014918,1.4918,1
27110,대구광역시,중구,남성,60대,5351,0.011552,1.1552,1
27110,대구광역시,중구,남성,70세 이상,5073,0.010952,1.0952,1
27110,대구광역시,중구,여성,14-19세,2231,0.004816,0.4816,1
27110,대구광역시,중구,여성,20대,7350,0.015867,1.5867,2
27110,대구광역시,중구,여성,30대,8954,0.01933,1.933,2
27110,대구광역시,중구,여성,40대,7301,0.015762,1.5762,2
27110,대구광역시,중구,여성,50대,7294,0.015747,1.5747,1
27110,대구광역시,중구,여성,60대,6140,0.013255,1.3255,1
27110,대구광역시,중구,여성,70세 이상,7906,0.017068,1.7068,2
27140,대구광역시,동구,남성,14-19세,8043,0.017363,1.7363,2
27140,대구광역시,동구,남성,20대,17674,0.038155,3.8155,4
27140,대구광역시,동구,남성,30대,23697,0.051158,5.1158,5
27140,대구광역시,동구,남성,40대,23924,0.051648,5.1648,5
27140,대구광역시,동구,남성,50대,27601,0.059586,5.9586,6
27140,대구광역시,동구,남성,60대,26355,0.056896,5.6896,6
27140,대구광역시,동구,남성,70세 이상,23200,0.050085,5.0085,5
27140,대구광역시,동구,여성,14-19세,7439,0.01606,1.606,2
27140,대구광역시,동구,여성,20대,16172,0.034913,3.4913,4
27140,대구광역시,동구,여성,30대,20572,0.044411,4.4411,4
27140,대구광역시,동구,여성,40대,22791,0.049202,4.9202,5
27140,대구광역시,동구,여성,50대,28510,0.061548,6.1548,6
27140,대구광역시,동구,여성,60대,30153,0.065095,6.5095,6
27140,대구광역시,동구,여성,70세 이상,33502,0.072325,7.2325,7
27170,대구광역시,서구,남성,14-19세,2987,0.006448,0.6448,1
27170,대구광역시,서구,남성,20대,7817,0.016876,1.6876,2
27170,대구광역시,서구,남성,30대,11077,0.023913,2.3913,2
27170,대구광역시,서구,남성,40대,10498,0.022663,2.2663,2
27170,대구광역시,서구,남성,50대,14591,0.031499,3.1499,3
27170,대구광역시,서구,남성,60대,16135,0.034833,3.4833,3
27170,대구광역시,서구,남성,70세 이상,12597,0.027195,2.7195,3
27170,대구광역시,서구,여성,14-19세,2962,0.006394,0.6394,1
27170,대구광역시,서구,여성,20대,6857,0.014803,1.4803,1
27170,대구광역시,서구,여성,30대,8617,0.018603,1.8603,2
27170,대구광역시,서구,여성,40대,9009,0.019449,1.9449,2
27170,대구광역시,서구,여성,50대,14094,0.030427,3.0427,3
27170,대구광역시,서구,여성,60대,17444,0.037659,3.7659,4
27170,대구광역시,서구,여성,70세 이상,18604,0.040163,4.0163,4
27200,대구광역시,남구,남성,14-19세,2609,0.005632,0.5632,1
27200,대구광역시,남구,남성,20대,7577,0.016357,1.6357,2
27200,대구광역시,남구,남성,30대,8925,0.019268,1.9268,2
27200,대구광역시,남구,남성,40대,8378,0.018087,1.8087,2
27200,대구광역시,남구,남성,50대,11243,0.024272,2.4272,2
27200,대구광역시,남구,남성,60대,10874,0.023475,2.3475,2
27200,대구광역시,남구,남성,70세 이상,10725,0.023153,2.3153,2
27200,대구광역시,남구,여성,14-19세,2502,0.005401,0.5401,0
27200,대구광역시,남구,여성,20대,8315,0.017951,1.7951,2
27200,대구광역시,남구,여성,30대,7634,0.016481,1.6481,2
27200,대구광역시,남구,여성,40대,8220,0.017746,1.7746,2
27200,대구광역시,남구,여성,50대,11385,0.024578,2.4578,2
27200,대구광역시,남구,여성,60대,12859,0.02776,2.776,3
27200,대구광역시,남구,여성,70세 이상,16269,0.035122,3.5122,3
27230,대구광역시,북구,남성,14-19세,11774,0.025418,2.5418,3
27230,대구광역시,북구,남성,20대,27028,0.058349,5.8349,6
27230,대구광역시,북구,남성,30대,26189,0.056538,5.6538,6
27230,대구광역시,북구,남성,40대,28474,0.061471,6.1471,6
27230,대구광역시,북구,남성,50대,37489,0.080932,8.0932,8
27230,대구광역시,북구,남성,60대,31325,0.067625,6.7625,7
27230,대구광역시,북구,남성,70세 이상,21598,0.046626,4.6626,5
27230,대구광역시,북구,여성,14-19세,11209,0.024198,2.4198,2
27230,대구광역시,북구,여성,20대,23718,0.051203,5.1203,5
27230,대구광역시,북구,여성,30대,22160,0.04784,4.784,5
27230,대구광역시,북구,여성,40대,28576,0.061691,6.1691,6
27230,대구광역시,북구,여성,50대,39057,0.084317,8.4317,8
27230,대구광역시,북구,여성,60대,33191,0.071654,7.1654,7
27230,대구광역시,북구,여성,70세 이상,31476,0.067951,6.7951,7
27260,대구광역시,수성구,남성,14-19세,14721,0.03178,3.178,3
27260,대구광역시,수성구,남성,20대,22767,0.04915,4.915,5
27260,대구광역시,수성구,남성,30대,21439,0.046283,4.6283,5
27260,대구광역시,수성구,남성,40대,29386,0.063439,6.3439,6
27260,대구광역시,수성구,남성,50대,34933,0.075414,7.5414,8
27260,대구광역시,수성구,남성,60대,28029,0.06051,6.051,6
27260,대구광역시,수성구,남성,70세 이상,22779,0.049176,4.9176,5
27260,대구광역시,수성구,여성,14-19세,13472,0.029084,2.9084,3
27260,대구광역시,수성구,여성,20대,20087,0.043364,4.3364,4
27260,대구광역시,수성구,여성,30대,21047,0.045437,4.5437,5
27260,대구광역시,수성구,여성,40대,33794,0.072955,7.2955,7
27260,대구광역시,수성구,여성,50대,39234,0.0847,8.47,8
27260,대구광역시,수성구,여성,60대,31484,0.067969,6.7969,7
27260,대구광역시,수성구,여성,70세 이상,32429,0.070009,7.0009,7
27290,대구광역시,달서구,남성,14-19세,15260,0.032944,3.2944,3
27290,대구광역시,달서구,남성,20대,30781,0.066451,6.6451,7
27290,대구광역시,달서구,남성,30대,32988,0.071215,7.1215,7
27290,대구광역시,달서구,남성,40대,35674,0.077014,7.7014,8
27290,대구광역시,달서구,남성,50대,45386,0.097981,9.7981,10
27290,대구광역시,달서구,남성,60대,41241,0.089032,8.9032,9
27290,대구광역시,달서구,남성,70세 이상,28026,0.060503,6.0503,6
27290,대구광역시,달서구,여성,14-19세,14553,0.031417,3.1417,3
27290,대구광역시,달서구,여성,20대,28041,0.060536,6.0536,6
27290,대구광역시,달서구,여성,30대,28140,0.060749,6.0749,6
27290,대구광역시,달서구,여성,40대,36804,0.079454,7.9454,8
27290,대구광역시,달서구,여성,50대,49445,0.106743,10.6743,11
27290,대구광역시,달서구,여성,60대,45248,0.097683,9.7683,10
27290,대구광역시,달서구,여성,70세 이상,39059,0.084322,8.4322,8
27710,대구광역시,달성군,남성,14-19세,7886,0.017025,1.7025,2
27710,대구광역시,달성군,남성,20대,12444,0.026864,2.6864,3
27710,대구광역시,달성군,남성,30대,17859,0.038555,3.8555,4
27710,대구광역시,달성군,남성,40대,22586,0.048759,4.8759,5
27710,대구광역시,달성군,남성,50대,20953,0.045234,4.5234,4
27710,대구광역시,달성군,남성,60대,18642,0.040245,4.0245,4
27710,대구광역시,달성군,남성,70세 이상,12104,0.02613,2.613,3
27710,대구광역시,달성군,여성,14-19세,7397,0.015969,1.5969,2
27710,대구광역시,달성군,여성,20대,9780,0.021113,2.1113,2
27710,대구광역시,달성군,여성,30대,15398,0.033242,3.3242,3
27710,대구광역시,달성군,여성,40대,21174,0.045711,4.5711,5
27710,대구광역시,달성군,여성,50대,20520,0.044299,4.4299,4
27710,대구광역시,달성군,여성,60대,19139,0.041318,4.1318,4
27710,대구광역시,달성군,여성,70세 이상,16288,0.035163,3.5163,3
27720,대구광역시,군위군,남성,14-19세,289,0.000624,0.0624,0
27720,대구광역시,군위군,남성,20대,541,0.001168,0.1168,0
27720,대구광역시,군위군,남성,30대,672,0.001451,0.1451,0
27720,대구광역시,군위군,남성,40대,933,0.002014,0.2014,0
27720,대구광역시,군위군,남성,50대,2013,0.004346,0.4346,1
27720,대구광역시,군위군,남성,60대,3462,0.007474,0.7474,1
27720,대구광역시,군위군,남성,70세 이상,3363,0.00726,0.726,1
27720,대구광역시,군위군,여성,14-19세,239,0.000516,0.0516,0
27720,대구광역시,군위군,여성,20대,363,0.000784,0.0784,0
27720,대구광역시,군위군,여성,30대,460,0.000993,0.0993,0
27720,대구광역시,군위군,여성,40대,704,0.00152,0.152,0
27720,대구광역시,군위군,여성,50대,1501,0.00324,0.324,0
27720,대구광역시,군위군,여성,60대,2805,0.006056,0.6056,1
27720,대구광역시,군위군,여성,70세 이상,4373,0.009441,0.9441,1
28110,인천광역시,중구,남성,14-19세,4754,0.010263,1.0263,1
28110,인천광역시,중구,남성,20대,11011,0.023771,2.3771,2
28110,인천광역시,중구,남성,30대,15892,0.034308,3.4308,4
28110,인천광역시,중구,남성,40대,15829,0.034172,3.4172,3
28110,인천광역시,중구,남성,50대,14778,0.031903,3.1903,3
28110,인천광역시,중구,남성,60대,10964,0.023669,2.3669,2
28110,인천광역시,중구,남성,70세 이상,8123,0.017536,1.7536,2
28110,인천광역시,중구,여성,14-19세,4582,0.009892,0.9892,1
28110,인천광역시,중구,여성,20대,10807,0.02333,2.333,3
28110,인천광역시,중구,여성,30대,13351,0.028823,2.8823,3
28110,인천광역시,중구,여성,40대,13680,0.029533,2.9533,3
28110,인천광역시,중구,여성,50대,12261,0.026469,2.6469,3
28110,인천광역시,중구,여성,60대,10434,0.022525,2.2525,2
28110,인천광역시,중구,여성,70세 이상,10581,0.022843,2.2843,2
28140,인천광역시,동구,남성,14-19세,1393,0.003007,0.3007,0
28140,인천광역시,동구,남성,20대,2769,0.005978,0.5978,0
28140,인천광역시,동구,남성,30대,3314,0.007154,0.7154,1
28140,인천광역시,동구,남성,40대,4252,0.009179,0.9179,1
28140,인천광역시,동구,남성,50대,5056,0.010915,1.0915,1
28140,인천광역시,동구,남성,60대,4874,0.010522,1.0522,1
28140,인천광역시,동구,남성,70세 이상,4562,0.009849,0.9849,1
28140,인천광역시,동구,여성,14-19세,1247,0.002692,0.2692,0
28140,인천광역시,동구,여성,20대,2487,0.005369,0.5369,1
28140,인천광역시,동구,여성,30대,2833,0.006116,0.6116,1
28140,인천광역시,동구,여성,40대,3673,0.007929,0.7929,1
28140,인천광역시,동구,여성,50대,4535,0.00979,0.979,1
28140,인천광역시,동구,여성,60대,5087,0.010982,1.0982,1
28140,인천광역시,동구,여성,70세 이상,6551,0.014142,1.4142,1
28177,인천광역시,미추홀구,남성,14-19세,10139,0.021888,2.1888,2
28177,인천광역시,미추홀구,남성,20대,25874,0.055858,5.5858,6
28177,인천광역시,미추홀구,남성,30대,31396,0.067779,6.7779,7
28177,인천광역시,미추홀구,남성,40대,33398,0.072101,7.2101,7
28177,인천광역시,미추홀구,남성,50대,35189,0.075967,7.5967,8
28177,인천광역시,미추홀구,남성,60대,31366,0.067714,6.7714,7
28177,인천광역시,미추홀구,남성,70세 이상,24248,0.052347,5.2347,5
28177,인천광역시,미추홀구,여성,14-19세,9580,0.020682,2.0682,2
28177,인천광역시,미추홀구,여성,20대,23227,0.050143,5.0143,5
28177,인천광역시,미추홀구,여성,30대,27254,0.058837,5.8837,6
28177,인천광역시,미추홀구,여성,40대,29197,0.063031,6.3031,6
28177,인천광역시,미추홀구,여성,50대,33541,0.072409,7.2409,7
28177,인천광역시,미추홀구,여성,60대,33671,0.07269,7.269,7
28177,인천광역시,미추홀구,여성,70세 이상,33735,0.072828,7.2828,7
28185,인천광역시,연수구,남성,14-19세,14237,0.030735,3.0735,3
28185,인천광역시,연수구,남성,20대,23410,0.050538,5.0538,5
28185,인천광역시,연수구,남성,30대,28404,0.061319,6.1319,6
28185,인천광역시,연수구,남성,40대,34970,0.075494,7.5494,8
28185,인천광역시,연수구,남성,50대,33397,0.072098,7.2098,7
28185,인천광역시,연수구,남성,60대,27078,0.058457,5.8457,6
28185,인천광역시,연수구,남성,70세 이상,14398,0.031083,3.1083,3
28185,인천광역시,연수구,여성,14-19세,13562,0.029278,2.9278,3
28185,인천광역시,연수구,여성,20대,21977,0.047445,4.7445,5
28185,인천광역시,연수구,여성,30대,28642,0.061833,6.1833,6
28185,인천광역시,연수구,여성,40대,36080,0.077891,7.7891,8
28185,인천광역시,연수구,여성,50대,34780,0.075084,7.5084,7
28185,인천광역시,연수구,여성,60대,27372,0.059091,5.9091,6
28185,인천광역시,연수구,여성,70세 이상,18717,0.040407,4.0407,4
28200,인천광역시,남동구,남성,14-19세,13852,0.029904,2.9904,3
28200,인천광역시,남동구,남성,20대,27758,0.059925,5.9925,6
28200,인천광역시,남동구,남성,30대,32321,0.069776,6.9776,7
28200,인천광역시,남동구,남성,40대,37216,0.080343,8.0343,8
28200,인천광역시,남동구,남성,50대,41939,0.090539,9.0539,9
28200,인천광역시,남동구,남성,60대,38375,0.082845,8.2845,8
28200,인천광역시,남동구,남성,70세 이상,25448,0.054938,5.4938,5
28200,인천광역시,남동구,여성,14-19세,13132,0.02835,2.835,3
28200,인천광역시,남동구,여성,20대,26236,0.056639,5.6639,6
28200,인천광역시,남동구,여성,30대,28408,0.061328,6.1328,6
28200,인천광역시,남동구,여성,40대,35796,0.077277,7.7277,8
28200,인천광역시,남동구,여성,50대,42599,0.091964,9.1964,9
28200,인천광역시,남동구,여성,60대,40873,0.088238,8.8238,9
28200,인천광역시,남동구,여성,70세 이상,35125,0.075829,7.5829,8
28237,인천광역시,부평구,남성,14-19세,12156,0.026243,2.6243,3
28237,인천광역시,부평구,남성,20대,27622,0.059631,5.9631,6
28237,인천광역시,부평구,남성,30대,38616,0.083365,8.3365,8
28237,인천광역시,부평구,남성,40대,36173,0.078091,7.8091,8
28237,인천광역시,부평구,남성,50대,40307,0.087016,8.7016,9
28237,인천광역시,부평구,남성,60대,39307,0.084857,8.4857,8
28237,인천광역시,부평구,남성,70세 이상,25659,0.055393,5.5393,5
28237,인천광역시,부평구,여성,14-19세,11407,0.024626,2.4626,3
28237,인천광역시,부평구,여성,20대,27175,0.058666,5.8666,6
28237,인천광역시,부평구,여성,30대,35411,0.076446,7.6446,8
28237,인천광역시,부평구,여성,40대,34408,0.074281,7.4281,7
28237,인천광역시,부평구,여성,50대,43342,0.093568,9.3568,9
28237,인천광역시,부평구,여성,60대,42247,0.091204,9.1204,9
28237,인천광역시,부평구,여성,70세 이상,35786,0.077256,7.7256,8
28245,인천광역시,계양구,남성,14-19세,6849,0.014786,1.4786,1
28245,인천광역시,계양구,남성,20대,16581,0.035796,3.5796,4
28245,인천광역시,계양구,남성,30대,19856,0.042866,4.2866,4
28245,인천광역시,계양구,남성,40대,19249,0.041555,4.1555,4
28245,인천광역시,계양구,남성,50대,25364,0.054757,5.4757,5
28245,인천광역시,계양구,남성,60대,26569,0.057358,5.7358,6
28245,인천광역시,계양구,남성,70세 이상,13694,0.029563,2.9563,3
28245,인천광역시,계양구,여성,14-19세,6683,0.014427,1.4427,2
28245,인천광역시,계양구,여성,20대,15051,0.032493,3.2493,3
28245,인천광역시,계양구,여성,30대,17367,0.037492,3.7492,4
28245,인천광역시,계양구,여성,40대,18158,0.0392,3.92,4
28245,인천광역시,계양구,여성,50대,27188,0.058694,5.8694,6
28245,인천광역시,계양구,여성,60대,26845,0.057954,5.7954,6
28245,인천광역시,계양구,여성,70세 이상,18547,0.04004,4.004,4
28260,인천광역시,서구,남성,14-19세,19721,0.042574,4.2574,4
28260,인천광역시,서구,남성,20대,35547,0.07674,7.674,8
28260,인천광역시,서구,남성,30대,51887,0.112015,11.2015,11
28260,인천광역시,서구,남성,40대,58629,0.12657,12.657,13
28260,인천광역시,서구,남성,50대,53865,0.116285,11.6285,12
28260,인천광역시,서구,남성,60대,43701,0.094343,9.4343,9
28260,인천광역시,서구,남성,70세 이상,23746,0.051264,5.1264,5
28260,인천광역시,서구,여성,14-19세,18978,0.04097,4.097,4
28260,인천광역시,서구,여성,20대,34307,0.074063,7.4063,7
28260,인천광역시,서구,여성,30대,50072,0.108097,10.8097,11
28260,인천광역시,서구,여성,40대,54647,0.117974,11.7974,12
28260,인천광역시,서구,여성,50대,53429,0.115344,11.5344,12
28260,인천광역시,서구,여성,60대,43084,0.093011,9.3011,9
28260,인천광역시,서구,여성,70세 이상,31012,0.06695,6.695,7
28710,인천광역시,강화군,남성,14-19세,1361,0.002938,0.2938,0
28710,인천광역시,강화군,남성,20대,2312,0.004991,0.4991,0
28710,인천광역시,강화군,남성,30대,2632,0.005682,0.5682,1
28710,인천광역시,강화군,남성,40대,3618,0.007811,0.7811,1
28710,인천광역시,강화군,남성,50대,5671,0.012243,1.2243,1
28710,인천광역시,강화군,남성,60대,8391,0.018115,1.8115,2
28710,인천광역시,강화군,남성,70세 이상,8732,0.018851,1.8851,2
28710,인천광역시,강화군,여성,14-19세,1292,0.002789,0.2789,0
28710,인천광역시,강화군,여성,20대,1832,0.003955,0.3955,0
28710,인천광역시,강화군,여성,30대,2229,0.004812,0.4812,1
28710,인천광역시,강화군,여성,40대,3305,0.007135,0.7135,1
28710,인천광역시,강화군,여성,50대,5054,0.010911,1.0911,1
28710,인천광역시,강화군,여성,60대,8344,0.018013,1.8013,2
28710,인천광역시,강화군,여성,70세 이상,10795,0.023305,2.3305,2
28720,인천광역시,옹진군,남성,14-19세,286,0.000617,0.0617,0
28720,인천광역시,옹진군,남성,20대,1564,0.003376,0.3376,0
28720,인천광역시,옹진군,남성,30대,1120,0.002418,0.2418,0
28720,인천광역시,옹진군,남성,40대,1219,0.002632,0.2632,0
28720,인천광역시,옹진군,남성,50대,1847,0.003987,0.3987,0
28720,인천광역시,옹진군,남성,60대,2625,0.005667,0.5667,1
28720,인천광역시,옹진군,남성,70세 이상,2138,0.004616,0.4616,1
28720,인천광역시,옹진군,여성,14-19세,276,0.000596,0.0596,0
28720,인천광역시,옹진군,여성,20대,619,0.001336,0.1336,0
28720,인천광역시,옹진군,여성,30대,522,0.001127,0.1127,0
28720,인천광역시,옹진군,여성,40대,685,0.001479,0.1479,0
28720,인천광역시,옹진군,여성,50대,1248,0.002694,0.2694,0
28720,인천광역시,옹진군,여성,60대,2153,0.004648,0.4648,1
28720,인천광역시,옹진군,여성,70세 이상,2498,0.005393,0.5393,1
29110,광주광역시,동구,남성,14-19세,2264,0.004888,0.4888,0
29110,광주광역시,동구,남성,20대,6708,0.014481,1.4481,1
29110,광주광역시,동구,남성,30대,7319,0.0158,1.58,2
29110,광주광역시,동구,남성,40대,7321,0.015805,1.5805,1
29110,광주광역시,동구,남성,50대,7783,0.016802,1.6802,1
29110,광주광역시,동구,남성,60대,7259,0.015671,1.5671,2
29110,광주광역시,동구,남성,70세 이상,7658,0.016532,1.6532,2
29110,광주광역시,동구,여성,14-19세,2212,0.004775,0.4775,1
29110,광주광역시,동구,여성,20대,6693,0.014449,1.4449,2
29110,광주광역시,동구,여성,30대,6911,0.01492,1.492,2
29110,광주광역시,동구,여성,40대,6738,0.014546,1.4546,1
29110,광주광역시,동구,여성,50대,7692,0.016606,1.6606,2
29110,광주광역시,동구,여성,60대,8142,0.017577,1.7577,2
29110,광주광역시,동구,여성,70세 이상,10444,0.022547,2.2547,2
29140,광주광역시,서구,남성,14-19세,8664,0.018704,1.8704,2
29140,광주광역시,서구,남성,20대,18337,0.039586,3.9586,4
29140,광주광역시,서구,남성,30대,17651,0.038106,3.8106,4
29140,광주광역시,서구,남성,40대,19867,0.042889,4.2889,4
29140,광주광역시,서구,남성,50대,23933,0.051667,5.1667,5
29140,광주광역시,서구,남성,60대,18644,0.040249,4.0249,4
29140,광주광역시,서구,남성,70세 이상,14512,0.031329,3.1329,3
29140,광주광역시,서구,여성,14-19세,7805,0.01685,1.685,2
29140,광주광역시,서구,여성,20대,17359,0.037475,3.7475,4
29140,광주광역시,서구,여성,30대,16080,0.034714,3.4714,4
29140,광주광역시,서구,여성,40대,20638,0.044554,4.4554,4
29140,광주광역시,서구,여성,50대,25461,0.054966,5.4966,5
29140,광주광역시,서구,여성,60대,21011,0.045359,4.5359,5
29140,광주광역시,서구,여성,70세 이상,20326,0.04388,4.388,4
29155,광주광역시,남구,남성,14-19세,6768,0.014611,1.4611,1
29155,광주광역시,남구,남성,20대,11075,0.023909,2.3909,2
29155,광주광역시,남구,남성,30대,11603,0.025049,2.5049,3
29155,광주광역시,남구,남성,40대,15777,0.03406,3.406,3
29155,광주광역시,남구,남성,50대,15920,0.034369,3.4369,3
29155,광주광역시,남구,남성,60대,13798,0.029788,2.9788,3
29155,광주광역시,남구,남성,70세 이상,13053,0.028179,2.8179,3
29155,광주광역시,남구,여성,14-19세,6856,0.014801,1.4801,2
29155,광주광역시,남구,여성,20대,10489,0.022644,2.2644,2
29155,광주광역시,남구,여성,30대,11453,0.024725,2.4725,2
29155,광주광역시,남구,여성,40대,16565,0.035761,3.5761,4
29155,광주광역시,남구,여성,50대,16876,0.036432,3.6432,4
29155,광주광역시,남구,여성,60대,16703,0.036059,3.6059,4
29155,광주광역시,남구,여성,70세 이상,18483,0.039902,3.9902,4
29170,광주광역시,북구,남성,14-19세,12526,0.027042,2.7042,3
29170,광주광역시,북구,남성,20대,26075,0.056291,5.6291,6
29170,광주광역시,북구,남성,30대,27568,0.059515,5.9515,6
29170,광주광역시,북구,남성,40대,31156,0.067261,6.7261,7
29170,광주광역시,북구,남성,50대,35164,0.075913,7.5913,7
29170,광주광역시,북구,남성,60대,29827,0.064391,6.4391,6
29170,광주광역시,북구,남성,70세 이상,22648,0.048893,4.8893,5
29170,광주광역시,북구,여성,14-19세,11388,0.024585,2.4585,2
29170,광주광역시,북구,여성,20대,23417,0.050553,5.0553,5
29170,광주광역시,북구,여성,30대,25449,0.05494,5.494,6
29170,광주광역시,북구,여성,40대,30147,0.065082,6.5082,6
29170,광주광역시,북구,여성,50대,35735,0.077146,7.7146,8
29170,광주광역시,북구,여성,60대,33071,0.071395,7.1395,7
29170,광주광역시,북구,여성,70세 이상,31551,0.068113,6.8113,7
29200,광주광역시,광산구,남성,14-19세,14991,0.032363,3.2363,3
29200,광주광역시,광산구,남성,20대,26884,0.058038,5.8038,6
29200,광주광역시,광산구,남성,30대,26231,0.056628,5.6628,5
29200,광주광역시,광산구,남성,40대,32199,0.069512,6.9512,7
29200,광주광역시,광산구,남성,50대,36580,0.07897,7.897,8
29200,광주광역시,광산구,남성,60대,23426,0.050573,5.0573,5
29200,광주광역시,광산구,남성,70세 이상,12705,0.027428,2.7428,3
29200,광주광역시,광산구,여성,14-19세,14200,0.030655,3.0655,3
29200,광주광역시,광산구,여성,20대,23525,0.050786,5.0786,5
29200,광주광역시,광산구,여성,30대,23385,0.050484,5.0484,5
29200,광주광역시,광산구,여성,40대,32563,0.070298,7.0298,7
29200,광주광역시,광산구,여성,50대,35547,0.07674,7.674,8
29200,광주광역시,광산구,여성,60대,22133,0.047781,4.7781,5
29200,광주광역시,광산구,여성,70세 이상,18567,0.040083,4.0083,4
30110,대전광역시,동구,남성,14-19세,5990,0.012931,1.2931,1
30110,대전광역시,동구,남성,20대,14787,0.031923,3.1923,3
30110,대전광역시,동구,남성,30대,13834,0.029865,2.9865,3
30110,대전광역시,동구,남성,40대,15297,0.033024,3.3024,3
30110,대전광역시,동구,남성,50대,18946,0.040901,4.0901,4
30110,대전광역시,동구,남성,60대,17277,0.037298,3.7298,4
30110,대전광역시,동구,남성,70세 이상,14721,0.03178,3.178,3
30110,대전광역시,동구,여성,14-19세,5747,0.012407,1.2407,1
30110,대전광역시,동구,여성,20대,13172,0.028436,2.8436,3
30110,대전광역시,동구,여성,30대,11563,0.024963,2.4963,3
30110,대전광역시,동구,여성,40대,14010,0.030245,3.0245,3
30110,대전광역시,동구,여성,50대,17285,0.037315,3.7315,4
30110,대전광역시,동구,여성,60대,17999,0.038857,3.8857,4
30110,대전광역시,동구,여성,70세 이상,20294,0.043811,4.3811,4
30140,대전광역시,중구,남성,14-19세,6217,0.013421,1.3421,1
30140,대전광역시,중구,남성,20대,12569,0.027134,2.7134,3
30140,대전광역시,중구,남성,30대,13683,0.029539,2.9539,3
30140,대전광역시,중구,남성,40대,15722,0.033941,3.3941,3
30140,대전광역시,중구,남성,50대,19573,0.042255,4.2255,4
30140,대전광역시,중구,남성,60대,17233,0.037203,3.7203,4
30140,대전광역시,중구,남성,70세 이상,15700,0.033894,3.3894,3
30140,대전광역시,중구,여성,14-19세,5958,0.012862,1.2862,2
30140,대전광역시,중구,여성,20대,12539,0.02707,2.707,3
30140,대전광역시,중구,여성,30대,12678,0.02737,2.737,3
30140,대전광역시,중구,여성,40대,15376,0.033194,3.3194,3
30140,대전광역시,중구,여성,50대,19006,0.041031,4.1031,4
30140,대전광역시,중구,여성,60대,18319,0.039548,3.9548,4
30140,대전광역시,중구,여성,70세 이상,21808,0.04708,4.708,5
30170,대전광역시,서구,남성,14-19세,14300,0.030871,3.0871,3
30170,대전광역시,서구,남성,20대,31755,0.068554,6.8554,7
30170,대전광역시,서구,남성,30대,34188,0.073806,7.3806,7
30170,대전광역시,서구,남성,40대,33870,0.07312,7.312,7
30170,대전광역시,서구,남성,50대,37346,0.080624,8.0624,8
30170,대전광역시,서구,남성,60대,30199,0.065195,6.5195,6
30170,대전광역시,서구,남성,70세 이상,21760,0.046976,4.6976,5
30170,대전광역시,서구,여성,14-19세,13474,0.029088,2.9088,3
30170,대전광역시,서구,여성,20대,31715,0.068467,6.8467,7
30170,대전광역시,서구,여성,30대,31235,0.067431,6.7431,7
30170,대전광역시,서구,여성,40대,35443,0.076515,7.6515,8
30170,대전광역시,서구,여성,50대,39628,0.08555,8.555,9
30170,대전광역시,서구,여성,60대,33532,0.07239,7.239,7
30170,대전광역시,서구,여성,70세 이상,28892,0.062373,6.2373,6
30200,대전광역시,유성구,남성,14-19세,11663,0.025178,2.5178,3
30200,대전광역시,유성구,남성,20대,28315,0.061127,6.1127,6
30200,대전광역시,유성구,남성,30대,31148,0.067243,6.7243,7
30200,대전광역시,유성구,남성,40대,28786,0.062144,6.2144,6
30200,대전광역시,유성구,남성,50대,28968,0.062537,6.2537,6
30200,대전광역시,유성구,남성,60대,21715,0.046879,4.6879,5
30200,대전광역시,유성구,남성,70세 이상,12813,0.027661,2.7661,3
30200,대전광역시,유성구,여성,14-19세,11060,0.023877,2.3877,2
30200,대전광역시,유성구,여성,20대,23959,0.051723,5.1723,5
30200,대전광역시,유성구,여성,30대,27123,0.058554,5.8554,6
30200,대전광역시,유성구,여성,40대,29281,0.063213,6.3213,6
30200,대전광역시,유성구,여성,50대,29706,0.06413,6.413,6
30200,대전광역시,유성구,여성,60대,22651,0.0489,4.89,5
30200,대전광역시,유성구,여성,70세 이상,16236,0.035051,3.5051,4
30230,대전광역시,대덕구,남성,14-19세,4400,0.009499,0.9499,1
30230,대전광역시,대덕구,남성,20대,10395,0.022441,2.2441,2
30230,대전광역시,대덕구,남성,30대,11024,0.023799,2.3799,2
30230,대전광역시,대덕구,남성,40대,11138,0.024045,2.4045,3
30230,대전광역시,대덕구,남성,50대,16045,0.034638,3.4638,4
30230,대전광역시,대덕구,남성,60대,14807,0.031966,3.1966,3
30230,대전광역시,대덕구,남성,70세 이상,9865,0.021297,2.1297,2
30230,대전광역시,대덕구,여성,14-19세,4015,0.008668,0.8668,1
30230,대전광역시,대덕구,여성,20대,8496,0.018341,1.8341,2
30230,대전광역시,대덕구,여성,30대,8515,0.018382,1.8382,2
30230,대전광역시,대덕구,여성,40대,10193,0.022005,2.2005,2
30230,대전광역시,대덕구,여성,50대,15684,0.033859,3.3859,3
30230,대전광역시,대덕구,여성,60대,14945,0.032264,3.2264,3
30230,대전광역시,대덕구,여성,70세 이상,13444,0.029023,2.9023,3
31110,울산광역시,중구,남성,14-19세,5939,0.012821,1.2821,1
31110,울산광역시,중구,남성,20대,10917,0.023568,2.3568,2
31110,울산광역시,중구,남성,30대,13325,0.028766,2.8766,3
31110,울산광역시,중구,남성,40대,15375,0.033192,3.3192,3
31110,울산광역시,중구,남성,50대,18038,0.038941,3.8941,4
31110,울산광역시,중구,남성,60대,17851,0.038537,3.8537,4
31110,울산광역시,중구,남성,70세 이상,11878,0.025643,2.5643,3
31110,울산광역시,중구,여성,14-19세,5312,0.011468,1.1468,1
31110,울산광역시,중구,여성,20대,8169,0.017635,1.7635,2
31110,울산광역시,중구,여성,30대,11279,0.024349,2.4349,3
31110,울산광역시,중구,여성,40대,14327,0.03093,3.093,3
31110,울산광역시,중구,여성,50대,18497,0.039932,3.9932,4
31110,울산광역시,중구,여성,60대,18535,0.040014,4.0014,4
31110,울산광역시,중구,여성,70세 이상,15420,0.033289,3.3289,3
31140,울산광역시,남구,남성,14-19세,8743,0.018875,1.8875,2
31140,울산광역시,남구,남성,20대,19742,0.04262,4.262,4
31140,울산광역시,남구,남성,30대,23266,0.050227,5.0227,5
31140,울산광역시,남구,남성,40대,22812,0.049247,4.9247,5
31140,울산광역시,남구,남성,50대,27479,0.059322,5.9322,6
31140,울산광역시,남구,남성,60대,24449,0.052781,5.2781,5
31140,울산광역시,남구,남성,70세 이상,14397,0.031081,3.1081,3
31140,울산광역시,남구,여성,14-19세,7958,0.01718,1.718,2
31140,울산광역시,남구,여성,20대,14715,0.031767,3.1767,3
31140,울산광역시,남구,여성,30대,18601,0.040156,4.0156,4
31140,울산광역시,남구,여성,40대,21804,0.047071,4.7071,5
31140,울산광역시,남구,여성,50대,28678,0.061911,6.1911,6
31140,울산광역시,남구,여성,60대,24840,0.053625,5.3625,5
31140,울산광역시,남구,여성,70세 이상,17744,0.038306,3.8306,4
31170,울산광역시,동구,남성,14-19세,5048,0.010898,1.0898,1
31170,울산광역시,동구,남성,20대,8187,0.017674,1.7674,2
31170,울산광역시,동구,남성,30대,9786,0.021126,2.1126,2
31170,울산광역시,동구,남성,40대,14118,0.030478,3.0478,3
31170,울산광역시,동구,남성,50대,12737,0.027497,2.7497,3
31170,울산광역시,동구,남성,60대,12142,0.026213,2.6213,3
31170,울산광역시,동구,남성,70세 이상,7965,0.017195,1.7195,2
31170,울산광역시,동구,여성,14-19세,4631,0.009998,0.9998,1
31170,울산광역시,동구,여성,20대,6109,0.013188,1.3188,1
31170,울산광역시,동구,여성,30대,7377,0.015926,1.5926,2
31170,울산광역시,동구,여성,40대,11966,0.025833,2.5833,2
31170,울산광역시,동구,여성,50대,11492,0.024809,2.4809,2
31170,울산광역시,동구,여성,60대,12935,0.027924,2.7924,3
31170,울산광역시,동구,여성,70세 이상,8907,0.019229,1.9229,2
31200,울산광역시,북구,남성,14-19세,7618,0.016446,1.6446,2
31200,울산광역시,북구,남성,20대,12930,0.027914,2.7914,3
31200,울산광역시,북구,남성,30대,16226,0.035029,3.5029,3
31200,울산광역시,북구,남성,40대,19369,0.041814,4.1814,4
31200,울산광역시,북구,남성,50대,18734,0.040444,4.0444,4
31200,울산광역시,북구,남성,60대,15835,0.034185,3.4185,3
31200,울산광역시,북구,남성,70세 이상,6943,0.014989,1.4989,1
31200,울산광역시,북구,여성,14-19세,7163,0.015464,1.5464,2
31200,울산광역시,북구,여성,20대,8499,0.018348,1.8348,2
31200,울산광역시,북구,여성,30대,13256,0.028617,2.8617,3
31200,울산광역시,북구,여성,40대,18472,0.039878,3.9878,4
31200,울산광역시,북구,여성,50대,19379,0.041836,4.1836,4
31200,울산광역시,북구,여성,60대,14036,0.030301,3.0301,3
31200,울산광역시,북구,여성,70세 이상,8797,0.018991,1.8991,2
31710,울산광역시,울주군,남성,14-19세,6612,0.014274,1.4274,2
31710,울산광역시,울주군,남성,20대,12418,0.026808,2.6808,3
31710,울산광역시,울주군,남성,30대,13127,0.028339,2.8339,3
31710,울산광역시,울주군,남성,40대,16176,0.034921,3.4921,4
31710,울산광역시,울주군,남성,50대,22286,0.048112,4.8112,5
31710,울산광역시,울주군,남성,60대,20497,0.04425,4.425,4
31710,울산광역시,울주군,남성,70세 이상,12499,0.026983,2.6983,3
31710,울산광역시,울주군,여성,14-19세,6170,0.01332,1.332,1
31710,울산광역시,울주군,여성,20대,9088,0.019619,1.9619,2
31710,울산광역시,울주군,여성,30대,10654,0.023,2.3,2
31710,울산광역시,울주군,여성,40대,14672,0.031674,3.1674,3
31710,울산광역시,울주군,여성,50대,20926,0.045176,4.5176,4
31710,울산광역시,울주군,여성,60대,18293,0.039491,3.9491,4
31710,울산광역시,울주군,여성,70세 이상,15813,0.034138,3.4138,3
36110,세종특별자치시,세종특별자치시,남성,14-19세,15637,0.033758,3.3758,3
36110,세종특별자치시,세종특별자치시,남성,20대,18625,0.040208,4.0208,4
36110,세종특별자치시,세종특별자치시,남성,30대,28609,0.061762,6.1762,6
36110,세종특별자치시,세종특별자치시,남성,40대,37469,0.080889,8.0889,8
36110,세종특별자치시,세종특별자치시,남성,50대,30746,0.066375,6.6375,7
36110,세종특별자치시,세종특별자치시,남성,60대,19650,0.042421,4.2421,4
36110,세종특별자치시,세종특별자치시,남성,70세 이상,12940,0.027935,2.7935,3
36110,세종특별자치시,세종특별자치시,여성,14-19세,15481,0.033421,3.3421,3
36110,세종특별자치시,세종특별자치시,여성,20대,17838,0.038509,3.8509,4
36110,세종특별자치시,세종특별자치시,여성,30대,29199,0.063036,6.3036,6
36110,세종특별자치시,세종특별자치시,여성,40대,38974,0.084138,8.4138,9
36110,세종특별자치시,세종특별자치시,여성,50대,28381,0.06127,6.127,6
36110,세종특별자치시,세종특별자치시,여성,60대,19862,0.042879,4.2879,4
36110,세종특별자치시,세종특별자치시,여성,70세 이상,16849,0.036374,3.6374,4
41110,경기도,수원시,남성,14-19세,34748,0.075015,7.5015,7
41110,경기도,수원시,남성,20대,84116,0.181592,18.1592,18
41110,경기도,수원시,남성,30대,99710,0.215257,21.5257,22
41110,경기도,수원시,남성,40대,93813,0.202526,20.2526,20
41110,경기도,수원시,남성,50대,98964,0.213646,21.3646,21
41110,경기도,수원시,남성,60대,78212,0.168846,16.8846,17
41110,경기도,수원시,남성,70세 이상,46633,0.100673,10.0673,10
41110,경기도,수원시,여성,14-19세,32656,0.070499,7.0499,7
41110,경기도,수원시,여성,20대,77887,0.168145,16.8145,17
41110,경기도,수원시,여성,30대,88065,0.190117,19.0117,19
41110,경기도,수원시,여성,40대,90930,0.196302,19.6302,20
41110,경기도,수원시,여성,50대,101292,0.218672,21.8672,22
41110,경기도,수원시,여성,60대,79365,0.171336,17.1336,17
41110,경기도,수원시,여성,70세 이상,64023,0.138215,13.8215,14
41130,경기도,성남시,남성,14-19세,24952,0.053867,5.3867,6
41130,경기도,성남시,남성,20대,53651,0.115823,11.5823,12
41130,경기도,성남시,남성,30대,69424,0.149875,14.9875,15
41130,경기도,성남시,남성,40대,69938,0.150984,15.0984,15
41130,경기도,성남시,남성,50대,74882,0.161658,16.1658,16
41130,경기도,성남시,남성,60대,63493,0.137071,13.7071,14
41130,경기도,성남시,남성,70세 이상,46930,0.101314,10.1314,10
41130,경기도,성남시,여성,14-19세,24164,0.052166,5.2166,5
41130,경기도,성남시,여성,20대,51820,0.111871,11.1871,11
41130,경기도,성남시,여성,30대,65004,0.140333,14.0333,14
41130,경기도,성남시,여성,40대,70986,0.153247,15.3247,15
41130,경기도,성남시,여성,50대,75804,0.163648,16.3648,16
41130,경기도,성남시,여성,60대,66848,0.144313,14.4313,15
41130,경기도,성남시,여성,70세 이상,61618,0.133023,13.3023,13
41150,경기도,의정부시,남성,14-19세,12448,0.026873,2.6873,3
41150,경기도,의정부시,남성,20대,26942,0.058163,5.8163,6
41150,경기도,의정부시,남성,30대,31330,0.067636,6.7636,7
41150,경기도,의정부시,남성,40대,34695,0.074901,7.4901,7
41150,경기도,의정부시,남성,50대,39873,0.086079,8.6079,9
41150,경기도,의정부시,남성,60대,34668,0.074842,7.4842,7
41150,경기도,의정부시,남성,70세 이상,24797,0.053533,5.3533,5
41150,경기도,의정부시,여성,14-19세,11714,0.025289,2.5289,3
41150,경기도,의정부시,여성,20대,26729,0.057703,5.7703,6
41150,경기도,의정부시,여성,30대,29488,0.06366,6.366,6
41150,경기도,의정부시,여성,40대,33053,0.071356,7.1356,7
41150,경기도,의정부시,여성,50대,41886,0.090425,9.0425,9
41150,경기도,의정부시,여성,60대,36709,0.079248,7.9248,8
41150,경기도,의정부시,여성,70세 이상,34785,0.075095,7.5095,7
41170,경기도,안양시,남성,14-19세,15394,0.033233,3.3233,3
41170,경기도,안양시,남성,20대,32985,0.071209,7.1209,7
41170,경기도,안양시,남성,30대,44736,0.096577,9.6577,10
41170,경기도,안양시,남성,40대,41865,0.090379,9.0379,9
41170,경기도,안양시,남성,50대,45645,0.09854,9.854,10
41170,경기도,안양시,남성,60대,41609,0.089827,8.9827,9
41170,경기도,안양시,남성,70세 이상,27731,0.059867,5.9867,6
41170,경기도,안양시,여성,14-19세,14524,0.031355,3.1355,3
41170,경기도,안양시,여성,20대,31122,0.067187,6.7187,7
41170,경기도,안양시,여성,30대,41956,0.090576,9.0576,9
41170,경기도,안양시,여성,40대,41290,0.089138,8.9138,9
41170,경기도,안양시,여성,50대,48729,0.105198,10.5198,10
41170,경기도,안양시,여성,60대,45141,0.097452,9.7452,10
41170,경기도,안양시,여성,70세 이상,36128,0.077994,7.7994,8
41190,경기도,부천시,남성,14-19세,19534,0.042171,4.2171,4
41190,경기도,부천시,남성,20대,43268,0.093408,9.3408,9
41190,경기도,부천시,남성,30대,54252,0.117121,11.7121,12
41190,경기도,부천시,남성,40대,56565,0.122114,12.2114,12
41190,경기도,부천시,남성,50대,64653,0.139575,13.9575,14
41190,경기도,부천시,남성,60대,63746,0.137617,13.7617,14
41190,경기도,부천시,남성,70세 이상,39797,0.085915,8.5915,8
41190,경기도,부천시,여성,14-19세,18658,0.040279,4.0279,4
41190,경기도,부천시,여성,20대,42179,0.091057,9.1057,9
41190,경기도,부천시,여성,30대,49951,0.107836,10.7836,11
41190,경기도,부천시,여성,40대,54805,0.118315,11.8315,12
41190,경기도,부천시,여성,50대,68013,0.146828,14.6828,15
41190,경기도,부천시,여성,60대,68588,0.14807,14.807,15
41190,경기도,부천시,여성,70세 이상,52269,0.11284,11.284,11
41210,경기도,광명시,남성,14-19세,8740,0.018868,1.8868,2
41210,경기도,광명시,남성,20대,16690,0.036031,3.6031,4
41210,경기도,광명시,남성,30대,21650,0.046739,4.6739,5
41210,경기도,광명시,남성,40대,22582,0.048751,4.8751,5
41210,경기도,광명시,남성,50대,24723,0.053373,5.3373,5
41210,경기도,광명시,남성,60대,20530,0.044321,4.4321,4
41210,경기도,광명시,남성,70세 이상,14304,0.03088,3.088,3
41210,경기도,광명시,여성,14-19세,8463,0.01827,1.827,2
41210,경기도,광명시,여성,20대,16004,0.03455,3.455,4
41210,경기도,광명시,여성,30대,20485,0.044224,4.4224,4
41210,경기도,광명시,여성,40대,23158,0.049994,4.9994,5
41210,경기도,광명시,여성,50대,25800,0.055698,5.5698,5
41210,경기도,광명시,여성,60대,22566,0.048716,4.8716,5
41210,경기도,광명시,여성,70세 이상,19422,0.041929,4.1929,4
41220,경기도,평택시,남성,14-19세,17596,0.037987,3.7987,4
41220,경기도,평택시,남성,20대,40298,0.086997,8.6997,9
41220,경기도,평택시,남성,30대,56083,0.121074,12.1074,12
41220,경기도,평택시,남성,40대,54839,0.118388,11.8388,12
41220,경기도,평택시,남성,50대,53376,0.11523,11.523,11
41220,경기도,평택시,남성,60대,38772,0.083702,8.3702,8
41220,경기도,평택시,남성,70세 이상,23330,0.050366,5.0366,5
41220,경기도,평택시,여성,14-19세,16791,0.036249,3.6249,4
41220,경기도,평택시,여성,20대,31995,0.069072,6.9072,7
41220,경기도,평택시,여성,30대,43329,0.09354,9.354,9
41220,경기도,평택시,여성,40대,46030,0.099371,9.9371,10
41220,경기도,평택시,여성,50대,48028,0.103684,10.3684,10
41220,경기도,평택시,여성,60대,36598,0.079009,7.9009,8
41220,경기도,평택시,여성,70세 이상,32522,0.070209,7.0209,7
41250,경기도,동두천시,남성,14-19세,2336,0.005043,0.5043,0
41250,경기도,동두천시,남성,20대,4562,0.009849,0.9849,1
41250,경기도,동두천시,남성,30대,4551,0.009825,0.9825,1
41250,경기도,동두천시,남성,40대,5729,0.012368,1.2368,1
41250,경기도,동두천시,남성,50대,8254,0.017819,1.7819,2
41250,경기도,동두천시,남성,60대,7849,0.016945,1.6945,2
41250,경기도,동두천시,남성,70세 이상,6518,0.014071,1.4071,1
41250,경기도,동두천시,여성,14-19세,2335,0.005041,0.5041,1
41250,경기도,동두천시,여성,20대,3963,0.008555,0.8555,1
41250,경기도,동두천시,여성,30대,3799,0.008201,0.8201,1
41250,경기도,동두천시,여성,40대,5467,0.011802,1.1802,1
41250,경기도,동두천시,여성,50대,7511,0.016215,1.6215,1
41250,경기도,동두천시,여성,60대,7705,0.016634,1.6634,2
41250,경기도,동두천시,여성,70세 이상,9543,0.020602,2.0602,2
41270,경기도,안산시,남성,14-19세,17056,0.036821,3.6821,4
41270,경기도,안산시,남성,20대,43808,0.094574,9.4574,10
41270,경기도,안산시,남성,30대,46045,0.099403,9.9403,10
41270,경기도,안산시,남성,40대,44544,0.096163,9.6163,10
41270,경기도,안산시,남성,50대,60318,0.130216,13.0216,13
41270,경기도,안산시,남성,60대,51947,0.112145,11.2145,11
41270,경기도,안산시,남성,70세 이상,25171,0.05434,5.434,5
41270,경기도,안산시,여성,14-19세,16049,0.034647,3.4647,4
41270,경기도,안산시,여성,20대,38624,0.083383,8.3383,8
41270,경기도,안산시,여성,30대,36971,0.079814,7.9814,8
41270,경기도,안산시,여성,40대,40615,0.087681,8.7681,9
41270,경기도,안산시,여성,50대,60167,0.12989,12.989,13
41270,경기도,안산시,여성,60대,48086,0.103809,10.3809,10
41270,경기도,안산시,여성,70세 이상,34207,0.073847,7.3847,7
41280,경기도,고양시,남성,14-19세,29639,0.063986,6.3986,6
41280,경기도,고양시,남성,20대,60174,0.129905,12.9905,13
41280,경기도,고양시,남성,30대,72413,0.156327,15.6327,16
41280,경기도,고양시,남성,40대,77568,0.167456,16.7456,17
41280,경기도,고양시,남성,50대,93947,0.202816,20.2816,20
41280,경기도,고양시,남성,60대,79817,0.172311,17.2311,17
41280,경기도,고양시,남성,70세 이상,51554,0.111296,11.1296,11
41280,경기도,고양시,여성,14-19세,28620,0.061786,6.1786,6
41280,경기도,고양시,여성,20대,59809,0.129117,12.9117,13
41280,경기도,고양시,여성,30대,71915,0.155252,15.5252,16
41280,경기도,고양시,여성,40대,80439,0.173654,17.3654,17
41280,경기도,고양시,여성,50대,100429,0.216809,21.6809,21
41280,경기도,고양시,여성,60대,81593,0.176145,17.6145,18
41280,경기도,고양시,여성,70세 이상,72948,0.157482,15.7482,16
41290,경기도,과천시,남성,14-19세,2325,0.005019,0.5019,1
41290,경기도,과천시,남성,20대,4115,0.008884,0.8884,1
41290,경기도,과천시,남성,30대,5830,0.012586,1.2586,1
41290,경기도,과천시,남성,40대,6364,0.013739,1.3739,1
41290,경기도,과천시,남성,50대,5667,0.012234,1.2234,1
41290,경기도,과천시,남성,60대,5170,0.011161,1.1161,1
41290,경기도,과천시,남성,70세 이상,3451,0.00745,0.745,1
41290,경기도,과천시,여성,14-19세,2251,0.00486,0.486,1
41290,경기도,과천시,여성,20대,4002,0.00864,0.864,1
41290,경기도,과천시,여성,30대,6328,0.013661,1.3661,1
41290,경기도,과천시,여성,40대,6520,0.014076,1.4076,2
41290,경기도,과천시,여성,50대,6237,0.013465,1.3465,1
41290,경기도,과천시,여성,60대,5438,0.01174,1.174,1
41290,경기도,과천시,여성,70세 이상,4453,0.009613,0.9613,1
41310,경기도,구리시,남성,14-19세,5117,0.011047,1.1047,1
41310,경기도,구리시,남성,20대,10768,0.023246,2.3246,2
41310,경기도,구리시,남성,30대,13042,0.028155,2.8155,3
41310,경기도,구리시,남성,40대,14210,0.030677,3.0677,3
41310,경기도,구리시,남성,50대,16214,0.035003,3.5003,4
41310,경기도,구리시,남성,60대,14820,0.031994,3.1994,3
41310,경기도,구리시,남성,70세 이상,9514,0.020539,2.0539,2
41310,경기도,구리시,여성,14-19세,4771,0.0103,1.03,1
41310,경기도,구리시,여성,20대,10555,0.022786,2.2786,2
41310,경기도,구리시,여성,30대,12117,0.026159,2.6159,3
41310,경기도,구리시,여성,40대,13877,0.029958,2.9958,3
41310,경기도,구리시,여성,50대,17230,0.037197,3.7197,4
41310,경기도,구리시,여성,60대,15015,0.032415,3.2415,3
41310,경기도,구리시,여성,70세 이상,12321,0.026599,2.6599,3
41360,경기도,남양주시,남성,14-19세,24354,0.052576,5.2576,6
41360,경기도,남양주시,남성,20대,39584,0.085455,8.5455,9
41360,경기도,남양주시,남성,30대,42530,0.091815,9.1815,9
41360,경기도,남양주시,남성,40대,59140,0.127673,12.7673,13
41360,경기도,남양주시,남성,50대,65601,0.141621,14.1621,14
41360,경기도,남양주시,남성,60대,51501,0.111182,11.1182,11
41360,경기도,남양주시,남성,70세 이상,38203,0.082474,8.2474,8
41360,경기도,남양주시,여성,14-19세,23152,0.049981,4.9981,5
41360,경기도,남양주시,여성,20대,37246,0.080408,8.0408,8
41360,경기도,남양주시,여성,30대,41855,0.090358,9.0358,9
41360,경기도,남양주시,여성,40대,60912,0.131499,13.1499,13
41360,경기도,남양주시,여성,50대,64665,0.139601,13.9601,14
41360,경기도,남양주시,여성,60대,52544,0.113434,11.3434,11
41360,경기도,남양주시,여성,70세 이상,50805,0.109679,10.9679,11
41370,경기도,오산시,남성,14-19세,8227,0.017761,1.7761,2
41370,경기도,오산시,남성,20대,15634,0.033751,3.3751,3
41370,경기도,오산시,남성,30대,22487,0.048546,4.8546,5
41370,경기도,오산시,남성,40대,25117,0.054223,5.4223,5
41370,경기도,오산시,남성,50대,21384,0.046164,4.6164,5
41370,경기도,오산시,남성,60대,14138,0.030522,3.0522,3
41370,경기도,오산시,남성,70세 이상,8347,0.01802,1.802,2
41370,경기도,오산시,여성,14-19세,7769,0.016772,1.6772,2
41370,경기도,오산시,여성,20대,13079,0.028235,2.8235,3
41370,경기도,오산시,여성,30대,17798,0.038423,3.8423,4
41370,경기도,오산시,여성,40대,21432,0.046268,4.6268,5
41370,경기도,오산시,여성,50대,19543,0.04219,4.219,4
41370,경기도,오산시,여성,60대,14085,0.030407,3.0407,3
41370,경기도,오산시,여성,70세 이상,11368,0.024542,2.4542,2
41390,경기도,시흥시,남성,14-19세,15703,0.0339,3.39,3
41390,경기도,시흥시,남성,20대,31298,0.067567,6.7567,7
41390,경기도,시흥시,남성,30대,39947,0.086239,8.6239,9
41390,경기도,시흥시,남성,40대,47880,0.103365,10.3365,10
41390,경기도,시흥시,남성,50대,48258,0.104181,10.4181,10
41390,경기도,시흥시,남성,60대,37137,0.080172,8.0172,8
41390,경기도,시흥시,남성,70세 이상,17661,0.038127,3.8127,4
41390,경기도,시흥시,여성,14-19세,15090,0.032577,3.2577,3
41390,경기도,시흥시,여성,20대,26360,0.056907,5.6907,6
41390,경기도,시흥시,여성,30대,34327,0.074106,7.4106,8
41390,경기도,시흥시,여성,40대,41376,0.089324,8.9324,9
41390,경기도,시흥시,여성,50대,44182,0.095381,9.5381,9
41390,경기도,시흥시,여성,60대,32836,0.070887,7.0887,7
41390,경기도,시흥시,여성,70세 이상,23492,0.050715,5.0715,5
41410,경기도,군포시,남성,14-19세,7236,0.015621,1.5621,2
41410,경기도,군포시,남성,20대,15663,0.033814,3.3814,3
41410,경기도,군포시,남성,30대,18273,0.039448,3.9448,4
41410,경기도,군포시,남성,40대,17841,0.038516,3.8516,4
41410,경기도,군포시,남성,50대,21909,0.047298,4.7298,5
41410,경기도,군포시,남성,60대,20004,0.043185,4.3185,4
41410,경기도,군포시,남성,70세 이상,13008,0.028082,2.8082,3
41410,경기도,군포시,여성,14-19세,6731,0.014531,1.4531,1
41410,경기도,군포시,여성,20대,14251,0.030765,3.0765,3
41410,경기도,군포시,여성,30대,15991,0.034522,3.4522,3
41410,경기도,군포시,여성,40대,17654,0.038112,3.8112,4
41410,경기도,군포시,여성,50대,23252,0.050197,5.0197,5
41410,경기도,군포시,여성,60대,21450,0.046307,4.6307,5
41410,경기도,군포시,여성,70세 이상,17413,0.037592,3.7592,4
41430,경기도,의왕시,남성,14-19세,4154,0.008968,0.8968,1
41430,경기도,의왕시,남성,20대,9155,0.019764,1.9764,2
41430,경기도,의왕시,남성,30대,12450,0.026877,2.6877,3
41430,경기도,의왕시,남성,40대,11393,0.024596,2.4596,2
41430,경기도,의왕시,남성,50대,12722,0.027465,2.7465,3
41430,경기도,의왕시,남성,60대,12742,0.027508,2.7508,3
41430,경기도,의왕시,남성,70세 이상,8222,0.01775,1.775,2
41430,경기도,의왕시,여성,14-19세,3938,0.008501,0.8501,1
41430,경기도,의왕시,여성,20대,8508,0.018367,1.8367,2
41430,경기도,의왕시,여성,30대,11873,0.025632,2.5632,2
41430,경기도,의왕시,여성,40대,10952,0.023644,2.3644,2
41430,경기도,의왕시,여성,50대,14116,0.030474,3.0474,3
41430,경기도,의왕시,여성,60대,13628,0.029421,2.9421,3
41430,경기도,의왕시,여성,70세 이상,10248,0.022124,2.2124,2
41450,경기도,하남시,남성,14-19세,9575,0.020671,2.0671,2
41450,경기도,하남시,남성,20대,16412,0.035431,3.5431,4
41450,경기도,하남시,남성,30대,24282,0.052421,5.2421,5
41450,경기도,하남시,남성,40대,30379,0.065583,6.5583,7
41450,경기도,하남시,남성,50대,25167,0.054331,5.4331,5
41450,경기도,하남시,남성,60대,20582,0.044433,4.4433,4
41450,경기도,하남시,남성,70세 이상,15376,0.033194,3.3194,3
41450,경기도,하남시,여성,14-19세,9475,0.020455,2.0455,2
41450,경기도,하남시,여성,20대,16699,0.03605,3.605,4
41450,경기도,하남시,여성,30대,24839,0.053623,5.3623,6
41450,경기도,하남시,여성,40대,29510,0.063707,6.3707,6
41450,경기도,하남시,여성,50대,24400,0.052675,5.2675,5
41450,경기도,하남시,여성,60대,21942,0.047369,4.7369,5
41450,경기도,하남시,여성,70세 이상,18259,0.039418,3.9418,4
41460,경기도,용인시,남성,14-19세,37260,0.080438,8.0438,8
41460,경기도,용인시,남성,20대,66566,0.143705,14.3705,14
41460,경기도,용인시,남성,30대,70367,0.15191,15.191,15
41460,경기도,용인시,남성,40대,88927,0.191978,19.1978,19
41460,경기도,용인시,남성,50대,95569,0.206317,20.6317,21
41460,경기도,용인시,남성,60대,66181,0.142874,14.2874,14
41460,경기도,용인시,남성,70세 이상,54100,0.116793,11.6793,12
41460,경기도,용인시,여성,14-19세,35790,0.077265,7.7265,8
41460,경기도,용인시,여성,20대,60777,0.131207,13.1207,13
41460,경기도,용인시,여성,30대,67550,0.145829,14.5829,15
41460,경기도,용인시,여성,40대,92332,0.199329,19.9329,20
41460,경기도,용인시,여성,50대,96453,0.208226,20.8226,21
41460,경기도,용인시,여성,60대,67611,0.145961,14.5961,15
41460,경기도,용인시,여성,70세 이상,71225,0.153763,15.3763,15
41480,경기도,파주시,남성,14-19세,16579,0.035791,3.5791,4
41480,경기도,파주시,남성,20대,29183,0.063001,6.3001,6
41480,경기도,파주시,남성,30대,37768,0.081535,8.1535,8
41480,경기도,파주시,남성,40대,45358,0.09792,9.792,10
41480,경기도,파주시,남성,50대,45541,0.098315,9.8315,10
41480,경기도,파주시,남성,60대,34893,0.075328,7.5328,7
41480,경기도,파주시,남성,70세 이상,24535,0.052967,5.2967,5
41480,경기도,파주시,여성,14-19세,16124,0.034809,3.4809,4
41480,경기도,파주시,여성,20대,25474,0.054994,5.4994,6
41480,경기도,파주시,여성,30대,35703,0.077077,7.7077,8
41480,경기도,파주시,여성,40대,42138,0.090969,9.0969,9
41480,경기도,파주시,여성,50대,43111,0.093069,9.3069,9
41480,경기도,파주시,여성,60대,34455,0.074382,7.4382,7
41480,경기도,파주시,여성,70세 이상,34109,0.073636,7.3636,7
41500,경기도,이천시,남성,14-19세,6718,0.014503,1.4503,2
41500,경기도,이천시,남성,20대,15174,0.032758,3.2758,3
41500,경기도,이천시,남성,30대,17610,0.038017,3.8017,4
41500,경기도,이천시,남성,40대,17659,0.038123,3.8123,4
41500,경기도,이천시,남성,50대,19122,0.041281,4.1281,4
41500,경기도,이천시,남성,60대,17266,0.037274,3.7274,4
41500,경기도,이천시,남성,70세 이상,11502,0.024831,2.4831,2
41500,경기도,이천시,여성,14-19세,6315,0.013633,1.3633,1
41500,경기도,이천시,여성,20대,11424,0.024662,2.4662,3
41500,경기도,이천시,여성,30대,13580,0.029317,2.9317,3
41500,경기도,이천시,여성,40대,15935,0.034401,3.4401,3
41500,경기도,이천시,여성,50대,17676,0.038159,3.8159,4
41500,경기도,이천시,여성,60대,16307,0.035204,3.5204,3
41500,경기도,이천시,여성,70세 이상,14611,0.031543,3.1543,3
41550,경기도,안성시,남성,14-19세,5520,0.011917,1.1917,1
41550,경기도,안성시,남성,20대,11888,0.025664,2.5664,3
41550,경기도,안성시,남성,30대,13194,0.028484,2.8484,3
41550,경기도,안성시,남성,40대,15693,0.033879,3.3879,3
41550,경기도,안성시,남성,50대,17867,0.038572,3.8572,4
41550,경기도,안성시,남성,60대,16338,0.035271,3.5271,4
41550,경기도,안성시,남성,70세 이상,12177,0.026288,2.6288,3
41550,경기도,안성시,여성,14-19세,5183,0.011189,1.1189,1
41550,경기도,안성시,여성,20대,9926,0.021429,2.1429,2
41550,경기도,안성시,여성,30대,10376,0.0224,2.24,2
41550,경기도,안성시,여성,40대,13365,0.028853,2.8853,3
41550,경기도,안성시,여성,50대,16100,0.034757,3.4757,4
41550,경기도,안성시,여성,60대,15704,0.033902,3.3902,3
41550,경기도,안성시,여성,70세 이상,15986,0.034511,3.4511,3
41570,경기도,김포시,남성,14-19세,16199,0.034971,3.4971,3
41570,경기도,김포시,남성,20대,23687,0.051136,5.1136,5
41570,경기도,김포시,남성,30대,31187,0.067327,6.7327,7
41570,경기도,김포시,남성,40대,46193,0.099723,9.9723,10
41570,경기도,김포시,남성,50대,39381,0.085017,8.5017,8
41570,경기도,김포시,남성,60대,30539,0.065929,6.5929,7
41570,경기도,김포시,남성,70세 이상,22970,0.049588,4.9588,5
41570,경기도,김포시,여성,14-19세,15537,0.033542,3.3542,3
41570,경기도,김포시,여성,20대,22650,0.048897,4.8897,5
41570,경기도,김포시,여성,30대,31384,0.067753,6.7753,7
41570,경기도,김포시,여성,40대,45340,0.097881,9.7881,10
41570,경기도,김포시,여성,50대,37015,0.079909,7.9909,8
41570,경기도,김포시,여성,60대,31229,0.067418,6.7418,7
41570,경기도,김포시,여성,70세 이상,29324,0.063306,6.3306,6
41590,경기도,화성시,남성,14-19세,34436,0.074341,7.4341,8
41590,경기도,화성시,남성,20대,58331,0.125927,12.5927,13
41590,경기도,화성시,남성,30대,87455,0.1888,18.88,19
41590,경기도,화성시,남성,40대,97745,0.211015,21.1015,21
41590,경기도,화성시,남성,50대,80168,0.173069,17.3069,17
41590,경기도,화성시,남성,60대,53434,0.115355,11.5355,12
41590,경기도,화성시,남성,70세 이상,30539,0.065929,6.5929,6
41590,경기도,화성시,여성,14-19세,33391,0.072085,7.2085,7
41590,경기도,화성시,여성,20대,50721,0.109498,10.9498,11
41590,경기도,화성시,여성,30대,76887,0.165986,16.5986,17
41590,경기도,화성시,여성,40대,88875,0.191866,19.1866,19
41590,경기도,화성시,여성,50대,70819,0.152886,15.2886,15
41590,경기도,화성시,여성,60대,49358,0.106556,10.6556,11
41590,경기도,화성시,여성,70세 이상,38889,0.083955,8.3955,8
41610,경기도,광주시,남성,14-19세,10784,0.023281,2.3281,3
41610,경기도,광주시,남성,20대,20329,0.043887,4.3887,4
41610,경기도,광주시,남성,30대,27118,0.058543,5.8543,6
41610,경기도,광주시,남성,40대,35360,0.076336,7.6336,8
41610,경기도,광주시,남성,50대,35940,0.077588,7.7588,8
41610,경기도,광주시,남성,60대,30767,0.066421,6.6421,7
41610,경기도,광주시,남성,70세 이상,20678,0.04464,4.464,4
41610,경기도,광주시,여성,14-19세,10407,0.022467,2.2467,2
41610,경기도,광주시,여성,20대,18061,0.038991,3.8991,4
41610,경기도,광주시,여성,30대,24603,0.053114,5.3114,5
41610,경기도,광주시,여성,40대,31928,0.068927,6.8927,7
41610,경기도,광주시,여성,50대,33981,0.073359,7.3359,7
41610,경기도,광주시,여성,60대,30853,0.066606,6.6606,7
41610,경기도,광주시,여성,70세 이상,24793,0.053524,5.3524,5
41630,경기도,양주시,남성,14-19세,8577,0.018516,1.8516,2
41630,경기도,양주시,남성,20대,16344,0.035284,3.5284,4
41630,경기도,양주시,남성,30대,20748,0.044791,4.4791,5
41630,경기도,양주시,남성,40대,23970,0.051747,5.1747,5
41630,경기도,양주시,남성,50대,25497,0.055044,5.5044,6
41630,경기도,양주시,남성,60대,20997,0.045329,4.5329,4
41630,경기도,양주시,남성,70세 이상,15273,0.032972,3.2972,3
41630,경기도,양주시,여성,14-19세,8495,0.018339,1.8339,2
41630,경기도,양주시,여성,20대,14629,0.031582,3.1582,3
41630,경기도,양주시,여성,30대,19568,0.042244,4.2244,4
41630,경기도,양주시,여성,40대,22679,0.04896,4.896,5
41630,경기도,양주시,여성,50대,24550,0.052999,5.2999,5
41630,경기도,양주시,여성,60대,20529,0.044319,4.4319,4
41630,경기도,양주시,여성,70세 이상,19869,0.042894,4.2894,4
41650,경기도,포천시,남성,14-19세,3257,0.007031,0.7031,1
41650,경기도,포천시,남성,20대,7996,0.017262,1.7262,2
41650,경기도,포천시,남성,30대,7908,0.017072,1.7072,2
41650,경기도,포천시,남성,40대,8501,0.018352,1.8352,2
41650,경기도,포천시,남성,50대,14135,0.030515,3.0515,3
41650,경기도,포천시,남성,60대,16738,0.036134,3.6134,4
41650,경기도,포천시,남성,70세 이상,10938,0.023613,2.3613,2
41650,경기도,포천시,여성,14-19세,2945,0.006358,0.6358,1
41650,경기도,포천시,여성,20대,6067,0.013098,1.3098,1
41650,경기도,포천시,여성,30대,5905,0.012748,1.2748,1
41650,경기도,포천시,여성,40대,7140,0.015414,1.5414,1
41650,경기도,포천시,여성,50대,11977,0.025856,2.5856,2
41650,경기도,포천시,여성,60대,14006,0.030237,3.0237,3
41650,경기도,포천시,여성,70세 이상,13691,0.029557,2.9557,3
41670,경기도,여주시,남성,14-19세,2873,0.006202,0.6202,1
41670,경기도,여주시,남성,20대,5394,0.011645,1.1645,1
41670,경기도,여주시,남성,30대,6214,0.013415,1.3415,1
41670,경기도,여주시,남성,40대,7504,0.0162,1.62,2
41670,경기도,여주시,남성,50대,10332,0.022305,2.2305,2
41670,경기도,여주시,남성,60대,11691,0.025239,2.5239,3
41670,경기도,여주시,남성,70세 이상,9578,0.020677,2.0677,2
41670,경기도,여주시,여성,14-19세,2622,0.00566,0.566,1
41670,경기도,여주시,여성,20대,4515,0.009747,0.9747,1
41670,경기도,여주시,여성,30대,5166,0.011153,1.1153,1
41670,경기도,여주시,여성,40대,7102,0.015332,1.5332,2
41670,경기도,여주시,여성,50대,9649,0.020831,2.0831,2
41670,경기도,여주시,여성,60대,11053,0.023862,2.3862,2
41670,경기도,여주시,여성,70세 이상,11560,0.024956,2.4956,2
41800,경기도,연천군,남성,14-19세,879,0.001898,0.1898,0
41800,경기도,연천군,남성,20대,2646,0.005712,0.5712,1
41800,경기도,연천군,남성,30대,2443,0.005274,0.5274,1
41800,경기도,연천군,남성,40대,2268,0.004896,0.4896,0
41800,경기도,연천군,남성,50대,3490,0.007534,0.7534,1
41800,경기도,연천군,남성,60대,4713,0.010175,1.0175,1
41800,경기도,연천군,남성,70세 이상,4209,0.009087,0.9087,1
41800,경기도,연천군,여성,14-19세,812,0.001753,0.1753,0
41800,경기도,연천군,여성,20대,1632,0.003523,0.3523,1
41800,경기도,연천군,여성,30대,1692,0.003653,0.3653,0
41800,경기도,연천군,여성,40대,1915,0.004134,0.4134,0
41800,경기도,연천군,여성,50대,2984,0.006442,0.6442,1
41800,경기도,연천군,여성,60대,4356,0.009404,0.9404,1
41800,경기도,연천군,여성,70세 이상,5386,0.011627,1.1627,1
41820,경기도,가평군,남성,14-19세,1301,0.002809,0.2809,0
41820,경기도,가평군,남성,20대,3006,0.006489,0.6489,1
41820,경기도,가평군,남성,30대,2973,0.006418,0.6418,1
41820,경기도,가평군,남성,40대,3590,0.00775,0.775,1
41820,경기도,가평군,남성,50대,5579,0.012044,1.2044,1
41820,경기도,가평군,남성,60대,7209,0.015563,1.5563,1
41820,경기도,가평군,남성,70세 이상,6250,0.013493,1.3493,1
41820,경기도,가평군,여성,14-19세,1257,0.002714,0.2714,0
41820,경기도,가평군,여성,20대,2261,0.004881,0.4881,1
41820,경기도,가평군,여성,30대,2417,0.005218,0.5218,1
41820,경기도,가평군,여성,40대,3199,0.006906,0.6906,1
41820,경기도,가평군,여성,50대,4908,0.010596,1.0596,1
41820,경기도,가평군,여성,60대,6672,0.014404,1.4404,1
41820,경기도,가평군,여성,70세 이상,7502,0.016196,1.6196,2
41830,경기도,양평군,남성,14-19세,3099,0.00669,0.669,1
41830,경기도,양평군,남성,20대,5003,0.010801,1.0801,1
41830,경기도,양평군,남성,30대,5507,0.011889,1.1889,1
41830,경기도,양평군,남성,40대,7595,0.016396,1.6396,1
41830,경기도,양평군,남성,50대,10863,0.023451,2.3451,2
41830,경기도,양평군,남성,60대,14132,0.030509,3.0509,3
41830,경기도,양평군,남성,70세 이상,12615,0.027234,2.7234,3
41830,경기도,양평군,여성,14-19세,2884,0.006226,0.6226,1
41830,경기도,양평군,여성,20대,3965,0.00856,0.856,1
41830,경기도,양평군,여성,30대,4998,0.01079,1.079,1
41830,경기도,양평군,여성,40대,7688,0.016597,1.6597,2
41830,경기도,양평군,여성,50대,10421,0.022497,2.2497,2
41830,경기도,양평군,여성,60대,13842,0.029883,2.9883,3
41830,경기도,양평군,여성,70세 이상,14755,0.031854,3.1854,3
43110,충청북도,청주시,남성,14-19세,26019,0.056171,5.6171,6
43110,충청북도,청주시,남성,20대,55517,0.119852,11.9852,12
43110,충청북도,청주시,남성,30대,67205,0.145084,14.5084,15
43110,충청북도,청주시,남성,40대,67183,0.145037,14.5037,14
43110,충청북도,청주시,남성,50대,70958,0.153186,15.3186,15
43110,충청북도,청주시,남성,60대,59582,0.128627,12.8627,13
43110,충청북도,청주시,남성,70세 이상,39710,0.085727,8.5727,9
43110,충청북도,청주시,여성,14-19세,24481,0.05285,5.285,5
43110,충청북도,청주시,여성,20대,46960,0.101379,10.1379,10
43110,충청북도,청주시,여성,30대,55667,0.120176,12.0176,12
43110,충청북도,청주시,여성,40대,63242,0.136529,13.6529,14
43110,충청북도,청주시,여성,50대,71224,0.153761,15.3761,15
43110,충청북도,청주시,여성,60대,61322,0.132384,13.2384,13
43110,충청북도,청주시,여성,70세 이상,54944,0.118615,11.8615,12
43130,충청북도,충주시,남성,14-19세,5509,0.011893,1.1893,1
43130,충청북도,충주시,남성,20대,11395,0.0246,2.46,3
43130,충청북도,충주시,남성,30대,12792,0.027616,2.7616,3
43130,충청북도,충주시,남성,40대,14132,0.030509,3.0509,3
43130,충청북도,충주시,남성,50대,18292,0.039489,3.9489,4
43130,충청북도,충주시,남성,60대,19199,0.041447,4.1447,4
43130,충청북도,충주시,남성,70세 이상,14395,0.031076,3.1076,3
43130,충청북도,충주시,여성,14-19세,5142,0.011101,1.1101,1
43130,충청북도,충주시,여성,20대,8659,0.018693,1.8693,2
43130,충청북도,충주시,여성,30대,9804,0.021165,2.1165,2
43130,충청북도,충주시,여성,40대,13224,0.028548,2.8548,3
43130,충청북도,충주시,여성,50대,17704,0.03822,3.822,4
43130,충청북도,충주시,여성,60대,18696,0.040361,4.0361,4
43130,충청북도,충주시,여성,70세 이상,20047,0.043278,4.3278,4
43150,충청북도,제천시,남성,14-19세,3481,0.007515,0.7515,1
43150,충청북도,제천시,남성,20대,7099,0.015326,1.5326,1
43150,충청북도,제천시,남성,30대,6278,0.013553,1.3553,1
43150,충청북도,제천시,남성,40대,7890,0.017033,1.7033,2
43150,충청북도,제천시,남성,50대,11501,0.024829,2.4829,2
43150,충청북도,제천시,남성,60대,12710,0.027439,2.7439,3
43150,충청북도,제천시,남성,70세 이상,10385,0.022419,2.2419,2
43150,충청북도,제천시,여성,14-19세,3285,0.007092,0.7092,1
43150,충청북도,제천시,여성,20대,5684,0.012271,1.2271,1
43150,충청북도,제천시,여성,30대,5039,0.010878,1.0878,1
43150,충청북도,제천시,여성,40대,7326,0.015816,1.5816,2
43150,충청북도,제천시,여성,50대,10903,0.023538,2.3538,2
43150,충청북도,제천시,여성,60대,12661,0.027333,2.7333,3
43150,충청북도,제천시,여성,70세 이상,13693,0.029561,2.9561,3
43720,충청북도,보은군,남성,14-19세,595,0.001285,0.1285,0
43720,충청북도,보은군,남성,20대,1055,0.002278,0.2278,0
43720,충청북도,보은군,남성,30대,1004,0.002167,0.2167,0
43720,충청북도,보은군,남성,40대,1469,0.003171,0.3171,0
43720,충청북도,보은군,남성,50대,2684,0.005794,0.5794,1
43720,충청북도,보은군,남성,60대,4170,0.009002,0.9002,1
43720,충청북도,보은군,남성,70세 이상,3728,0.008048,0.8048,1
43720,충청북도,보은군,여성,14-19세,513,0.001107,0.1107,0
43720,충청북도,보은군,여성,20대,724,0.001563,0.1563,0
43720,충청북도,보은군,여성,30대,790,0.001705,0.1705,0
43720,충청북도,보은군,여성,40대,1204,0.002599,0.2599,0
43720,충청북도,보은군,여성,50대,2182,0.004711,0.4711,1
43720,충청북도,보은군,여성,60대,3612,0.007798,0.7798,1
43720,충청북도,보은군,여성,70세 이상,5168,0.011157,1.1157,1
43730,충청북도,옥천군,남성,14-19세,1178,0.002543,0.2543,0
43730,충청북도,옥천군,남성,20대,2049,0.004423,0.4423,1
43730,충청북도,옥천군,남성,30대,1806,0.003899,0.3899,0
43730,충청북도,옥천군,남성,40대,2719,0.00587,0.587,1
43730,충청북도,옥천군,남성,50대,4541,0.009803,0.9803,1
43730,충청북도,옥천군,남성,60대,5943,0.01283,1.283,1
43730,충청북도,옥천군,남성,70세 이상,5348,0.011545,1.1545,1
43730,충청북도,옥천군,여성,14-19세,1054,0.002275,0.2275,0
43730,충청북도,옥천군,여성,20대,1563,0.003374,0.3374,0
43730,충청북도,옥천군,여성,30대,1520,0.003281,0.3281,0
43730,충청북도,옥천군,여성,40대,2526,0.005453,0.5453,1
43730,충청북도,옥천군,여성,50대,4031,0.008702,0.8702,1
43730,충청북도,옥천군,여성,60대,5366,0.011584,1.1584,1
43730,충청북도,옥천군,여성,70세 이상,6985,0.015079,1.5079,2
43740,충청북도,영동군,남성,14-19세,923,0.001993,0.1993,0
43740,충청북도,영동군,남성,20대,1642,0.003545,0.3545,0
43740,충청북도,영동군,남성,30대,1450,0.00313,0.313,0
43740,충청북도,영동군,남성,40대,2041,0.004406,0.4406,1
43740,충청북도,영동군,남성,50대,4053,0.00875,0.875,1
43740,충청북도,영동군,남성,60대,5384,0.011623,1.1623,1
43740,충청북도,영동군,남성,70세 이상,5037,0.010874,1.0874,1
43740,충청북도,영동군,여성,14-19세,801,0.001729,0.1729,0
43740,충청북도,영동군,여성,20대,1300,0.002806,0.2806,0
43740,충청북도,영동군,여성,30대,1152,0.002487,0.2487,0
43740,충청북도,영동군,여성,40대,1796,0.003877,0.3877,1
43740,충청북도,영동군,여성,50대,3324,0.007176,0.7176,1
43740,충청북도,영동군,여성,60대,4967,0.010723,1.0723,1
43740,충청북도,영동군,여성,70세 이상,6837,0.01476,1.476,2
43745,충청북도,증평군,남성,14-19세,1042,0.00225,0.225,0
43745,충청북도,증평군,남성,20대,2138,0.004616,0.4616,0
43745,충청북도,증평군,남성,30대,2541,0.005486,0.5486,1
43745,충청북도,증평군,남성,40대,2834,0.006118,0.6118,1
43745,충청북도,증평군,남성,50대,3302,0.007128,0.7128,1
43745,충청북도,증평군,남성,60대,3128,0.006753,0.6753,1
43745,충청북도,증평군,남성,70세 이상,2302,0.00497,0.497,0
43745,충청북도,증평군,여성,14-19세,933,0.002014,0.2014,0
43745,충청북도,증평군,여성,20대,1494,0.003225,0.3225,0
43745,충청북도,증평군,여성,30대,1964,0.00424,0.424,0
43745,충청북도,증평군,여성,40대,2363,0.005101,0.5101,0
43745,충청북도,증평군,여성,50대,2909,0.00628,0.628,1
43745,충청북도,증평군,여성,60대,2997,0.00647,0.647,1
43745,충청북도,증평군,여성,70세 이상,3128,0.006753,0.6753,1
43750,충청북도,진천군,남성,14-19세,2682,0.00579,0.579,1
43750,충청북도,진천군,남성,20대,4439,0.009583,0.9583,1
43750,충청북도,진천군,남성,30대,6117,0.013206,1.3206,1
43750,충청북도,진천군,남성,40대,7551,0.016301,1.6301,2
43750,충청북도,진천군,남성,50대,8073,0.017428,1.7428,2
43750,충청북도,진천군,남성,60대,7251,0.015654,1.5654,2
43750,충청북도,진천군,남성,70세 이상,4823,0.010412,1.0412,1
43750,충청북도,진천군,여성,14-19세,2473,0.005339,0.5339,1
43750,충청북도,진천군,여성,20대,3197,0.006902,0.6902,1
43750,충청북도,진천군,여성,30대,4661,0.010062,1.0062,1
43750,충청북도,진천군,여성,40대,6413,0.013845,1.3845,1
43750,충청북도,진천군,여성,50대,6677,0.014415,1.4415,1
43750,충청북도,진천군,여성,60대,6322,0.013648,1.3648,1
43750,충청북도,진천군,여성,70세 이상,6615,0.014281,1.4281,1
43760,충청북도,괴산군,남성,14-19세,627,0.001354,0.1354,0
43760,충청북도,괴산군,남성,20대,1356,0.002927,0.2927,0
43760,충청북도,괴산군,남성,30대,1250,0.002699,0.2699,0
43760,충청북도,괴산군,남성,40대,1792,0.003869,0.3869,1
43760,충청북도,괴산군,남성,50대,3564,0.007694,0.7694,1
43760,충청북도,괴산군,남성,60대,5573,0.012031,1.2031,1
43760,충청북도,괴산군,남성,70세 이상,4675,0.010093,1.0093,1
43760,충청북도,괴산군,여성,14-19세,576,0.001243,0.1243,0
43760,충청북도,괴산군,여성,20대,985,0.002126,0.2126,0
43760,충청북도,괴산군,여성,30대,957,0.002066,0.2066,0
43760,충청북도,괴산군,여성,40대,1481,0.003197,0.3197,1
43760,충청북도,괴산군,여성,50대,2944,0.006356,0.6356,1
43760,충청북도,괴산군,여성,60대,4747,0.010248,1.0248,1
43760,충청북도,괴산군,여성,70세 이상,5951,0.012847,1.2847,1
43770,충청북도,음성군,남성,14-19세,2402,0.005186,0.5186,1
43770,충청북도,음성군,남성,20대,4666,0.010073,1.0073,1
43770,충청북도,음성군,남성,30대,5639,0.012174,1.2174,1
43770,충청북도,음성군,남성,40대,6801,0.014682,1.4682,1
43770,충청북도,음성군,남성,50대,9812,0.021182,2.1182,2
43770,충청북도,음성군,남성,60대,10267,0.022165,2.2165,2
43770,충청북도,음성군,남성,70세 이상,7158,0.015453,1.5453,1
43770,충청북도,음성군,여성,14-19세,2128,0.004594,0.4594,1
43770,충청북도,음성군,여성,20대,3438,0.007422,0.7422,1
43770,충청북도,음성군,여성,30대,4005,0.008646,0.8646,1
43770,충청북도,음성군,여성,40대,5429,0.01172,1.172,1
43770,충청북도,음성군,여성,50대,7856,0.01696,1.696,2
43770,충청북도,음성군,여성,60대,8644,0.018661,1.8661,2
43770,충청북도,음성군,여성,70세 이상,9075,0.019591,1.9591,2
43800,충청북도,단양군,남성,14-19세,519,0.00112,0.112,0
43800,충청북도,단양군,남성,20대,921,0.001988,0.1988,0
43800,충청북도,단양군,남성,30대,897,0.001936,0.1936,0
43800,충청북도,단양군,남성,40대,1287,0.002778,0.2778,0
43800,충청북도,단양군,남성,50대,2529,0.00546,0.546,1
43800,충청북도,단양군,남성,60대,3775,0.00815,0.815,1
43800,충청북도,단양군,남성,70세 이상,3084,0.006658,0.6658,1
43800,충청북도,단양군,여성,14-19세,452,0.000976,0.0976,0
43800,충청북도,단양군,여성,20대,636,0.001373,0.1373,0
43800,충청북도,단양군,여성,30대,698,0.001507,0.1507,0
43800,충청북도,단양군,여성,40대,1109,0.002394,0.2394,0
43800,충청북도,단양군,여성,50대,2104,0.004542,0.4542,0
43800,충청북도,단양군,여성,60대,3439,0.007424,0.7424,1
43800,충청북도,단양군,여성,70세 이상,4029,0.008698,0.8698,1
44130,충청남도,천안시,남성,14-19세,20944,0.045215,4.5215,4
44130,충청남도,천안시,남성,20대,45389,0.097987,9.7987,10
44130,충청남도,천안시,남성,30대,53563,0.115633,11.5633,12
44130,충청남도,천안시,남성,40대,57568,0.12428,12.428,12
44130,충청남도,천안시,남성,50대,56536,0.122052,12.2052,12
44130,충청남도,천안시,남성,60대,44024,0.09504,9.504,9
44130,충청남도,천안시,남성,70세 이상,26330,0.056842,5.6842,6
44130,충청남도,천안시,여성,14-19세,19837,0.042825,4.2825,4
44130,충청남도,천안시,여성,20대,39969,0.086286,8.6286,9
44130,충청남도,천안시,여성,30대,44805,0.096726,9.6726,10
44130,충청남도,천안시,여성,40대,51783,0.111791,11.1791,11
44130,충청남도,천안시,여성,50대,54577,0.117822,11.7822,12
44130,충청남도,천안시,여성,60대,42732,0.092251,9.2251,9
44130,충청남도,천안시,여성,70세 이상,35269,0.07614,7.614,8
44150,충청남도,공주시,남성,14-19세,2582,0.005574,0.5574,1
44150,충청남도,공주시,남성,20대,5174,0.01117,1.117,1
44150,충청남도,공주시,남성,30대,4457,0.009622,0.9622,1
44150,충청남도,공주시,남성,40대,5757,0.012428,1.2428,1
44150,충청남도,공주시,남성,50대,8452,0.018246,1.8246,2
44150,충청남도,공주시,남성,60대,10452,0.022564,2.2564,2
44150,충청남도,공주시,남성,70세 이상,9699,0.020938,2.0938,2
44150,충청남도,공주시,여성,14-19세,2400,0.005181,0.5181,0
44150,충청남도,공주시,여성,20대,5083,0.010973,1.0973,1
44150,충청남도,공주시,여성,30대,3578,0.007724,0.7724,1
44150,충청남도,공주시,여성,40대,5218,0.011265,1.1265,1
44150,충청남도,공주시,여성,50대,7772,0.016778,1.6778,2
44150,충청남도,공주시,여성,60대,10218,0.022059,2.2059,2
44150,충청남도,공주시,여성,70세 이상,12857,0.027756,2.7756,3
44180,충청남도,보령시,남성,14-19세,2264,0.004888,0.4888,0
44180,충청남도,보령시,남성,20대,4000,0.008635,0.8635,1
44180,충청남도,보령시,남성,30대,4210,0.009089,0.9089,1
44180,충청남도,보령시,남성,40대,6049,0.013059,1.3059,1
44180,충청남도,보령시,남성,50대,8552,0.018462,1.8462,2
44180,충청남도,보령시,남성,60대,9397,0.020287,2.0287,2
44180,충청남도,보령시,남성,70세 이상,8839,0.019082,1.9082,2
44180,충청남도,보령시,여성,14-19세,2139,0.004618,0.4618,0
44180,충청남도,보령시,여성,20대,2972,0.006416,0.6416,1
44180,충청남도,보령시,여성,30대,3250,0.007016,0.7016,1
44180,충청남도,보령시,여성,40대,5069,0.010943,1.0943,1
44180,충청남도,보령시,여성,50대,7265,0.015684,1.5684,1
44180,충청남도,보령시,여성,60대,9150,0.019753,1.9753,2
44180,충청남도,보령시,여성,70세 이상,12343,0.026646,2.6646,3
44200,충청남도,아산시,남성,14-19세,12127,0.02618,2.618,3
44200,충청남도,아산시,남성,20대,21013,0.045363,4.5363,5
44200,충청남도,아산시,남성,30대,28116,0.060698,6.0698,6
44200,충청남도,아산시,남성,40대,34635,0.074771,7.4771,7
44200,충청남도,아산시,남성,50대,30173,0.065138,6.5138,7
44200,충청남도,아산시,남성,60대,22447,0.048459,4.8459,5
44200,충청남도,아산시,남성,70세 이상,15416,0.033281,3.3281,3
44200,충청남도,아산시,여성,14-19세,11392,0.024593,2.4593,3
44200,충청남도,아산시,여성,20대,16697,0.036046,3.6046,4
44200,충청남도,아산시,여성,30대,24271,0.052397,5.2397,5
44200,충청남도,아산시,여성,40대,29583,0.063865,6.3865,6
44200,충청남도,아산시,여성,50대,25764,0.05562,5.562,5
44200,충청남도,아산시,여성,60대,20724,0.04474,4.474,4
44200,충청남도,아산시,여성,70세 이상,21270,0.045918,4.5918,5
44210,충청남도,서산시,남성,14-19세,5291,0.011422,1.1422,1
44210,충청남도,서산시,남성,20대,9438,0.020375,2.0375,2
44210,충청남도,서산시,남성,30대,11342,0.024485,2.4485,3
44210,충청남도,서산시,남성,40대,13520,0.029187,2.9187,3
44210,충청남도,서산시,남성,50대,15876,0.034274,3.4274,3
44210,충청남도,서산시,남성,60대,14153,0.030554,3.0554,3
44210,충청남도,서산시,남성,70세 이상,11836,0.025552,2.5552,3
44210,충청남도,서산시,여성,14-19세,4846,0.010462,1.0462,1
44210,충청남도,서산시,여성,20대,6070,0.013104,1.3104,1
44210,충청남도,서산시,여성,30대,8224,0.017754,1.7754,2
44210,충청남도,서산시,여성,40대,11697,0.025252,2.5252,3
44210,충청남도,서산시,여성,50대,13859,0.029919,2.9919,3
44210,충청남도,서산시,여성,60대,13337,0.028792,2.8792,3
44210,충청남도,서산시,여성,70세 이상,15719,0.033935,3.3935,3
44230,충청남도,논산시,남성,14-19세,2683,0.005792,0.5792,1
44230,충청남도,논산시,남성,20대,4737,0.010226,1.0226,1
44230,충청남도,논산시,남성,30대,4982,0.010755,1.0755,1
44230,충청남도,논산시,남성,40대,6360,0.01373,1.373,1
44230,충청남도,논산시,남성,50대,9605,0.020736,2.0736,2
44230,충청남도,논산시,남성,60대,10932,0.0236,2.36,2
44230,충청남도,논산시,남성,70세 이상,10229,0.022083,2.2083,2
44230,충청남도,논산시,여성,14-19세,2464,0.005319,0.5319,1
44230,충청남도,논산시,여성,20대,3721,0.008033,0.8033,1
44230,충청남도,논산시,여성,30대,4083,0.008815,0.8815,1
44230,충청남도,논산시,여성,40대,5756,0.012426,1.2426,1
44230,충청남도,논산시,여성,50대,8358,0.018044,1.8044,2
44230,충청남도,논산시,여성,60대,10567,0.022812,2.2812,2
44230,충청남도,논산시,여성,70세 이상,14467,0.031232,3.1232,3
44250,충청남도,계룡시,남성,14-19세,1986,0.004287,0.4287,0
44250,충청남도,계룡시,남성,20대,2469,0.00533,0.533,0
44250,충청남도,계룡시,남성,30대,2746,0.005928,0.5928,1
44250,충청남도,계룡시,남성,40대,3789,0.00818,0.818,1
44250,충청남도,계룡시,남성,50대,4099,0.008849,0.8849,1
44250,충청남도,계룡시,남성,60대,2914,0.006291,0.6291,1
44250,충청남도,계룡시,남성,70세 이상,2027,0.004376,0.4376,0
44250,충청남도,계룡시,여성,14-19세,1804,0.003895,0.3895,0
44250,충청남도,계룡시,여성,20대,1934,0.004175,0.4175,0
44250,충청남도,계룡시,여성,30대,2500,0.005397,0.5397,1
44250,충청남도,계룡시,여성,40대,4045,0.008732,0.8732,1
44250,충청남도,계룡시,여성,50대,4208,0.009084,0.9084,1
44250,충청남도,계룡시,여성,60대,3235,0.006984,0.6984,1
44250,충청남도,계룡시,여성,70세 이상,2602,0.005617,0.5617,1
44270,충청남도,당진시,남성,14-19세,5218,0.011265,1.1265,1
44270,충청남도,당진시,남성,20대,8311,0.017942,1.7942,2
44270,충청남도,당진시,남성,30대,11893,0.025675,2.5675,3
44270,충청남도,당진시,남성,40대,15514,0.033492,3.3492,3
44270,충청남도,당진시,남성,50대,16466,0.035547,3.5547,3
44270,충청남도,당진시,남성,60대,14456,0.031208,3.1208,3
44270,충청남도,당진시,남성,70세 이상,11366,0.024537,2.4537,2
44270,충청남도,당진시,여성,14-19세,4739,0.010231,1.0231,1
44270,충청남도,당진시,여성,20대,5702,0.01231,1.231,1
44270,충청남도,당진시,여성,30대,8616,0.0186,1.86,2
44270,충청남도,당진시,여성,40대,12159,0.026249,2.6249,3
44270,충청남도,당진시,여성,50대,12401,0.026772,2.6772,3
44270,충청남도,당진시,여성,60대,12452,0.026882,2.6882,3
44270,충청남도,당진시,여성,70세 이상,14700,0.031735,3.1735,3
44710,충청남도,금산군,남성,14-19세,1374,0.002966,0.2966,0
44710,충청남도,금산군,남성,20대,1799,0.003884,0.3884,1
44710,충청남도,금산군,남성,30대,1580,0.003411,0.3411,0
44710,충청남도,금산군,남성,40대,2587,0.005585,0.5585,1
44710,충청남도,금산군,남성,50대,4644,0.010026,1.0026,1
44710,충청남도,금산군,남성,60대,5876,0.012685,1.2685,1
44710,충청남도,금산군,남성,70세 이상,5527,0.011932,1.1932,1
44710,충청남도,금산군,여성,14-19세,1203,0.002597,0.2597,0
44710,충청남도,금산군,여성,20대,1327,0.002865,0.2865,0
44710,충청남도,금산군,여성,30대,1361,0.002938,0.2938,0
44710,충청남도,금산군,여성,40대,2316,0.005,0.5,1
44710,충청남도,금산군,여성,50대,3746,0.008087,0.8087,1
44710,충청남도,금산군,여성,60대,5196,0.011217,1.1217,1
44710,충청남도,금산군,여성,70세 이상,7462,0.016109,1.6109,2
44760,충청남도,부여군,남성,14-19세,1265,0.002731,0.2731,0
44760,충청남도,부여군,남성,20대,2034,0.004391,0.4391,1
44760,충청남도,부여군,남성,30대,1900,0.004102,0.4102,0
44760,충청남도,부여군,남성,40대,2937,0.00634,0.634,1
44760,충청남도,부여군,남성,50대,4951,0.010688,1.0688,1
44760,충청남도,부여군,남성,60대,6911,0.01492,1.492,2
44760,충청남도,부여군,남성,70세 이상,7452,0.016088,1.6088,2
44760,충청남도,부여군,여성,14-19세,1124,0.002427,0.2427,0
44760,충청남도,부여군,여성,20대,1600,0.003454,0.3454,0
44760,충청남도,부여군,여성,30대,1549,0.003344,0.3344,0
44760,충청남도,부여군,여성,40대,2465,0.005322,0.5322,1
44760,충청남도,부여군,여성,50대,4127,0.008909,0.8909,1
44760,충청남도,부여군,여성,60대,6566,0.014175,1.4175,1
44760,충청남도,부여군,여성,70세 이상,10401,0.022454,2.2454,2
44770,충청남도,서천군,남성,14-19세,894,0.00193,0.193,0
44770,충청남도,서천군,남성,20대,1625,0.003508,0.3508,0
44770,충청남도,서천군,남성,30대,1568,0.003385,0.3385,0
44770,충청남도,서천군,남성,40대,2389,0.005157,0.5157,1
44770,충청남도,서천군,남성,50대,4082,0.008812,0.8812,1
44770,충청남도,서천군,남성,60대,5439,0.011742,1.1742,1
44770,충청남도,서천군,남성,70세 이상,6237,0.013465,1.3465,1
44770,충청남도,서천군,여성,14-19세,834,0.0018,0.18,0
44770,충청남도,서천군,여성,20대,1228,0.002651,0.2651,0
44770,충청남도,서천군,여성,30대,1202,0.002595,0.2595,1
44770,충청남도,서천군,여성,40대,1942,0.004192,0.4192,1
44770,충청남도,서천군,여성,50대,3351,0.007234,0.7234,1
44770,충청남도,서천군,여성,60대,5073,0.010952,1.0952,1
44770,충청남도,서천군,여성,70세 이상,8891,0.019194,1.9194,2
44790,충청남도,청양군,남성,14-19세,657,0.001418,0.1418,0
44790,충청남도,청양군,남성,20대,1346,0.002906,0.2906,0
44790,충청남도,청양군,남성,30대,990,0.002137,0.2137,0
44790,충청남도,청양군,남성,40대,1464,0.003161,0.3161,0
44790,충청남도,청양군,남성,50대,2649,0.005719,0.5719,1
44790,충청남도,청양군,남성,60대,3703,0.007994,0.7994,1
44790,충청남도,청양군,남성,70세 이상,3831,0.00827,0.827,1
44790,충청남도,청양군,여성,14-19세,567,0.001224,0.1224,0
44790,충청남도,청양군,여성,20대,910,0.001965,0.1965,0
44790,충청남도,청양군,여성,30대,767,0.001656,0.1656,0
44790,충청남도,청양군,여성,40대,1104,0.002383,0.2383,0
44790,충청남도,청양군,여성,50대,2015,0.00435,0.435,1
44790,충청남도,청양군,여성,60대,3421,0.007385,0.7385,1
44790,충청남도,청양군,여성,70세 이상,5123,0.01106,1.106,1
44800,충청남도,홍성군,남성,14-19세,2922,0.006308,0.6308,1
44800,충청남도,홍성군,남성,20대,4603,0.009937,0.9937,1
44800,충청남도,홍성군,남성,30대,5633,0.012161,1.2161,1
44800,충청남도,홍성군,남성,40대,6728,0.014525,1.4525,1
44800,충청남도,홍성군,남성,50대,8614,0.018596,1.8596,2
44800,충청남도,홍성군,남성,60대,8612,0.018592,1.8592,2
44800,충청남도,홍성군,남성,70세 이상,8275,0.017864,1.7864,2
44800,충청남도,홍성군,여성,14-19세,2754,0.005945,0.5945,1
44800,충청남도,홍성군,여성,20대,3719,0.008029,0.8029,1
44800,충청남도,홍성군,여성,30대,4826,0.010419,1.0419,1
44800,충청남도,홍성군,여성,40대,6478,0.013985,1.3985,1
44800,충청남도,홍성군,여성,50대,7537,0.016271,1.6271,2
44800,충청남도,홍성군,여성,60대,8539,0.018434,1.8434,2
44800,충청남도,홍성군,여성,70세 이상,11592,0.025025,2.5025,2
44810,충청남도,예산군,남성,14-19세,1769,0.003819,0.3819,0
44810,충청남도,예산군,남성,20대,3075,0.006638,0.6638,1
44810,충청남도,예산군,남성,30대,3568,0.007703,0.7703,1
44810,충청남도,예산군,남성,40대,4546,0.009814,0.9814,1
44810,충청남도,예산군,남성,50대,6985,0.015079,1.5079,1
44810,충청남도,예산군,남성,60대,8366,0.018061,1.8061,2
44810,충청남도,예산군,남성,70세 이상,8539,0.018434,1.8434,2
44810,충청남도,예산군,여성,14-19세,1626,0.00351,0.351,0
44810,충청남도,예산군,여성,20대,2402,0.005186,0.5186,0
44810,충청남도,예산군,여성,30대,3029,0.006539,0.6539,1
44810,충청남도,예산군,여성,40대,3951,0.00853,0.853,1
44810,충청남도,예산군,여성,50대,5862,0.012655,1.2655,1
44810,충청남도,예산군,여성,60대,8103,0.017493,1.7493,2
44810,충청남도,예산군,여성,70세 이상,11628,0.025103,2.5103,3
44825,충청남도,태안군,남성,14-19세,1223,0.00264,0.264,0
44825,충청남도,태안군,남성,20대,2246,0.004849,0.4849,1
44825,충청남도,태안군,남성,30대,2263,0.004885,0.4885,1
44825,충청남도,태안군,남성,40대,3458,0.007465,0.7465,1
44825,충청남도,태안군,남성,50대,5361,0.011573,1.1573,1
44825,충청남도,태안군,남성,60대,6831,0.014747,1.4747,1
44825,충청남도,태안군,남성,70세 이상,7052,0.015224,1.5224,1
44825,충청남도,태안군,여성,14-19세,1111,0.002398,0.2398,0
44825,충청남도,태안군,여성,20대,1584,0.00342,0.342,1
44825,충청남도,태안군,여성,30대,1683,0.003633,0.3633,0
44825,충청남도,태안군,여성,40대,2837,0.006125,0.6125,1
44825,충청남도,태안군,여성,50대,4488,0.009689,0.9689,1
44825,충청남도,태안군,여성,60대,6731,0.014531,1.4531,1
44825,충청남도,태안군,여성,70세 이상,9253,0.019976,1.9976,2
46110,전라남도,목포시,남성,14-19세,6705,0.014475,1.4475,2
46110,전라남도,목포시,남성,20대,11491,0.024807,2.4807,3
46110,전라남도,목포시,남성,30대,10255,0.022139,2.2139,2
46110,전라남도,목포시,남성,40대,15819,0.034151,3.4151,3
46110,전라남도,목포시,남성,50대,18758,0.040495,4.0495,4
46110,전라남도,목포시,남성,60대,15217,0.032851,3.2851,3
46110,전라남도,목포시,남성,70세 이상,12661,0.027333,2.7333,3
46110,전라남도,목포시,여성,14-19세,6300,0.013601,1.3601,1
46110,전라남도,목포시,여성,20대,9611,0.020749,2.0749,2
46110,전라남도,목포시,여성,30대,9269,0.02001,2.001,2
46110,전라남도,목포시,여성,40대,15013,0.032411,3.2411,3
46110,전라남도,목포시,여성,50대,17437,0.037644,3.7644,4
46110,전라남도,목포시,여성,60대,16715,0.036085,3.6085,4
46110,전라남도,목포시,여성,70세 이상,18061,0.038991,3.8991,4
46130,전라남도,여수시,남성,14-19세,7367,0.015904,1.5904,2
46130,전라남도,여수시,남성,20대,14535,0.031379,3.1379,3
46130,전라남도,여수시,남성,30대,14931,0.032233,3.2233,3
46130,전라남도,여수시,남성,40대,18845,0.040683,4.0683,4
46130,전라남도,여수시,남성,50대,24019,0.051853,5.1853,5
46130,전라남도,여수시,남성,60대,22716,0.04904,4.904,5
46130,전라남도,여수시,남성,70세 이상,19171,0.041387,4.1387,4
46130,전라남도,여수시,여성,14-19세,7056,0.015233,1.5233,1
46130,전라남도,여수시,여성,20대,11173,0.024121,2.4121,2
46130,전라남도,여수시,여성,30대,12280,0.02651,2.651,3
46130,전라남도,여수시,여성,40대,17075,0.036862,3.6862,4
46130,전라남도,여수시,여성,50대,21753,0.046961,4.6961,5
46130,전라남도,여수시,여성,60대,22730,0.04907,4.907,5
46130,전라남도,여수시,여성,70세 이상,25596,0.055257,5.5257,6
46150,전라남도,순천시,남성,14-19세,8786,0.018967,1.8967,2
46150,전라남도,순천시,남성,20대,16405,0.035416,3.5416,3
46150,전라남도,순천시,남성,30대,17111,0.03694,3.694,4
46150,전라남도,순천시,남성,40대,19241,0.041538,4.1538,4
46150,전라남도,순천시,남성,50대,23996,0.051803,5.1803,5
46150,전라남도,순천시,남성,60대,21650,0.046739,4.6739,5
46150,전라남도,순천시,남성,70세 이상,15427,0.033304,3.3304,3
46150,전라남도,순천시,여성,14-19세,8180,0.017659,1.7659,2
46150,전라남도,순천시,여성,20대,13620,0.029403,2.9403,3
46150,전라남도,순천시,여성,30대,15562,0.033596,3.3596,3
46150,전라남도,순천시,여성,40대,19372,0.041821,4.1821,4
46150,전라남도,순천시,여성,50대,24032,0.051881,5.1881,5
46150,전라남도,순천시,여성,60대,21613,0.046659,4.6659,5
46150,전라남도,순천시,여성,70세 이상,21351,0.046093,4.6093,5
46170,전라남도,나주시,남성,14-19세,3139,0.006777,0.6777,1
46170,전라남도,나주시,남성,20대,5358,0.011567,1.1567,1
46170,전라남도,나주시,남성,30대,7368,0.015906,1.5906,1
46170,전라남도,나주시,남성,40대,8833,0.019069,1.9069,2
46170,전라남도,나주시,남성,50대,9641,0.020813,2.0813,2
46170,전라남도,나주시,남성,60대,9867,0.021301,2.1301,2
46170,전라남도,나주시,남성,70세 이상,8437,0.018214,1.8214,2
46170,전라남도,나주시,여성,14-19세,2890,0.006239,0.6239,1
46170,전라남도,나주시,여성,20대,4724,0.010198,1.0198,1
46170,전라남도,나주시,여성,30대,7157,0.015451,1.5451,2
46170,전라남도,나주시,여성,40대,7774,0.016783,1.6783,2
46170,전라남도,나주시,여성,50대,7766,0.016765,1.6765,1
46170,전라남도,나주시,여성,60대,8852,0.01911,1.911,2
46170,전라남도,나주시,여성,70세 이상,12328,0.026614,2.6614,2
46230,전라남도,광양시,남성,14-19세,4867,0.010507,1.0507,1
46230,전라남도,광양시,남성,20대,9326,0.020133,2.0133,2
46230,전라남도,광양시,남성,30대,11069,0.023896,2.3896,2
46230,전라남도,광양시,남성,40대,11999,0.025904,2.5904,3
46230,전라남도,광양시,남성,50대,15606,0.033691,3.3691,3
46230,전라남도,광양시,남성,60대,12650,0.027309,2.7309,3
46230,전라남도,광양시,남성,70세 이상,7235,0.015619,1.5619,2
46230,전라남도,광양시,여성,14-19세,4689,0.010123,1.0123,1
46230,전라남도,광양시,여성,20대,6735,0.01454,1.454,2
46230,전라남도,광양시,여성,30대,8833,0.019069,1.9069,2
46230,전라남도,광양시,여성,40대,10535,0.022743,2.2743,2
46230,전라남도,광양시,여성,50대,14159,0.030567,3.0567,3
46230,전라남도,광양시,여성,60대,10855,0.023434,2.3434,2
46230,전라남도,광양시,여성,70세 이상,9579,0.020679,2.0679,2
46710,전라남도,담양군,남성,14-19세,933,0.002014,0.2014,0
46710,전라남도,담양군,남성,20대,1840,0.003972,0.3972,0
46710,전라남도,담양군,남성,30대,1638,0.003536,0.3536,0
46710,전라남도,담양군,남성,40대,2337,0.005045,0.5045,1
46710,전라남도,담양군,남성,50대,4107,0.008866,0.8866,1
46710,전라남도,담양군,남성,60대,5278,0.011394,1.1394,1
46710,전라남도,담양군,남성,70세 이상,4761,0.010278,1.0278,1
46710,전라남도,담양군,여성,14-19세,844,0.001822,0.1822,0
46710,전라남도,담양군,여성,20대,1361,0.002938,0.2938,0
46710,전라남도,담양군,여성,30대,1547,0.00334,0.334,0
46710,전라남도,담양군,여성,40대,1990,0.004296,0.4296,1
46710,전라남도,담양군,여성,50대,3430,0.007405,0.7405,1
46710,전라남도,담양군,여성,60대,4516,0.009749,0.9749,1
46710,전라남도,담양군,여성,70세 이상,6872,0.014835,1.4835,2
46720,전라남도,곡성군,남성,14-19세,561,0.001211,0.1211,0
46720,전라남도,곡성군,남성,20대,1021,0.002204,0.2204,0
46720,전라남도,곡성군,남성,30대,903,0.001949,0.1949,0
46720,전라남도,곡성군,남성,40대,1315,0.002839,0.2839,0
46720,전라남도,곡성군,남성,50대,2523,0.005447,0.5447,1
46720,전라남도,곡성군,남성,60대,3363,0.00726,0.726,1
46720,전라남도,곡성군,남성,70세 이상,3207,0.006923,0.6923,1
46720,전라남도,곡성군,여성,14-19세,463,0.001,0.1,0
46720,전라남도,곡성군,여성,20대,818,0.001766,0.1766,0
46720,전라남도,곡성군,여성,30대,843,0.00182,0.182,0
46720,전라남도,곡성군,여성,40대,1088,0.002349,0.2349,0
46720,전라남도,곡성군,여성,50대,2094,0.004521,0.4521,1
46720,전라남도,곡성군,여성,60대,2801,0.006047,0.6047,1
46720,전라남도,곡성군,여성,70세 이상,4957,0.010701,1.0701,1
46730,전라남도,구례군,남성,14-19세,496,0.001071,0.1071,0
46730,전라남도,구례군,남성,20대,826,0.001783,0.1783,0
46730,전라남도,구례군,남성,30대,646,0.001395,0.1395,0
46730,전라남도,구례군,남성,40대,1122,0.002422,0.2422,0
46730,전라남도,구례군,남성,50대,2252,0.004862,0.4862,1
46730,전라남도,구례군,남성,60대,2860,0.006174,0.6174,1
46730,전라남도,구례군,남성,70세 이상,2796,0.006036,0.6036,1
46730,전라남도,구례군,여성,14-19세,452,0.000976,0.0976,0
46730,전라남도,구례군,여성,20대,669,0.001444,0.1444,0
46730,전라남도,구례군,여성,30대,620,0.001338,0.1338,0
46730,전라남도,구례군,여성,40대,1041,0.002247,0.2247,0
46730,전라남도,구례군,여성,50대,1850,0.003994,0.3994,0
46730,전라남도,구례군,여성,60대,2544,0.005492,0.5492,1
46730,전라남도,구례군,여성,70세 이상,4344,0.009378,0.9378,1
46770,전라남도,고흥군,남성,14-19세,1058,0.002284,0.2284,0
46770,전라남도,고흥군,남성,20대,1822,0.003933,0.3933,0
46770,전라남도,고흥군,남성,30대,1654,0.003571,0.3571,0
46770,전라남도,고흥군,남성,40대,2805,0.006056,0.6056,1
46770,전라남도,고흥군,남성,50대,5244,0.011321,1.1321,1
46770,전라남도,고흥군,남성,60대,7111,0.015351,1.5351,2
46770,전라남도,고흥군,남성,70세 이상,8250,0.01781,1.781,2
46770,전라남도,고흥군,여성,14-19세,923,0.001993,0.1993,0
46770,전라남도,고흥군,여성,20대,1267,0.002735,0.2735,0
46770,전라남도,고흥군,여성,30대,1405,0.003033,0.3033,0
46770,전라남도,고흥군,여성,40대,2157,0.004657,0.4657,1
46770,전라남도,고흥군,여성,50대,3777,0.008154,0.8154,1
46770,전라남도,고흥군,여성,60대,6331,0.013668,1.3668,1
46770,전라남도,고흥군,여성,70세 이상,12703,0.027424,2.7424,3
46780,전라남도,보성군,남성,14-19세,692,0.001494,0.1494,0
46780,전라남도,보성군,남성,20대,1211,0.002614,0.2614,0
46780,전라남도,보성군,남성,30대,1090,0.002353,0.2353,0
46780,전라남도,보성군,남성,40대,1735,0.003746,0.3746,0
46780,전라남도,보성군,남성,50대,3307,0.007139,0.7139,1
46780,전라남도,보성군,남성,60대,4294,0.00927,0.927,1
46780,전라남도,보성군,남성,70세 이상,4789,0.010339,1.0339,1
46780,전라남도,보성군,여성,14-19세,700,0.001511,0.1511,0
46780,전라남도,보성군,여성,20대,950,0.002051,0.2051,0
46780,전라남도,보성군,여성,30대,897,0.001936,0.1936,0
46780,전라남도,보성군,여성,40대,1444,0.003117,0.3117,0
46780,전라남도,보성군,여성,50대,2457,0.005304,0.5304,1
46780,전라남도,보성군,여성,60대,3857,0.008327,0.8327,1
46780,전라남도,보성군,여성,70세 이상,7514,0.016221,1.6221,2
46790,전라남도,화순군,남성,14-19세,1560,0.003368,0.3368,0
46790,전라남도,화순군,남성,20대,2951,0.006371,0.6371,1
46790,전라남도,화순군,남성,30대,2463,0.005317,0.5317,1
46790,전라남도,화순군,남성,40대,3197,0.006902,0.6902,1
46790,전라남도,화순군,남성,50대,5785,0.012489,1.2489,1
46790,전라남도,화순군,남성,60대,6379,0.013771,1.3771,1
46790,전라남도,화순군,남성,70세 이상,5356,0.011563,1.1563,1
46790,전라남도,화순군,여성,14-19세,1430,0.003087,0.3087,0
46790,전라남도,화순군,여성,20대,2659,0.00574,0.574,1
46790,전라남도,화순군,여성,30대,2287,0.004937,0.4937,0
46790,전라남도,화순군,여성,40대,3106,0.006705,0.6705,1
46790,전라남도,화순군,여성,50대,5095,0.010999,1.0999,1
46790,전라남도,화순군,여성,60대,5488,0.011848,1.1848,1
46790,전라남도,화순군,여성,70세 이상,8293,0.017903,1.7903,2
46800,전라남도,장흥군,남성,14-19세,727,0.001569,0.1569,0
46800,전라남도,장흥군,남성,20대,1301,0.002809,0.2809,0
46800,전라남도,장흥군,남성,30대,1204,0.002599,0.2599,0
46800,전라남도,장흥군,남성,40대,1807,0.003901,0.3901,1
46800,전라남도,장흥군,남성,50대,3093,0.006677,0.6677,1
46800,전라남도,장흥군,남성,60대,3704,0.007996,0.7996,1
46800,전라남도,장흥군,남성,70세 이상,3893,0.008404,0.8404,1
46800,전라남도,장흥군,여성,14-19세,655,0.001414,0.1414,0
46800,전라남도,장흥군,여성,20대,997,0.002152,0.2152,0
46800,전라남도,장흥군,여성,30대,1010,0.00218,0.218,0
46800,전라남도,장흥군,여성,40대,1482,0.003199,0.3199,0
46800,전라남도,장흥군,여성,50대,2465,0.005322,0.5322,1
46800,전라남도,장흥군,여성,60대,3490,0.007534,0.7534,1
46800,전라남도,장흥군,여성,70세 이상,6198,0.01338,1.338,1
46810,전라남도,강진군,남성,14-19세,687,0.001483,0.1483,0
46810,전라남도,강진군,남성,20대,1206,0.002604,0.2604,0
46810,전라남도,강진군,남성,30대,1151,0.002485,0.2485,0
46810,전라남도,강진군,남성,40대,1590,0.003433,0.3433,0
46810,전라남도,강진군,남성,50대,2734,0.005902,0.5902,1
46810,전라남도,강진군,남성,60대,3524,0.007608,0.7608,1
46810,전라남도,강진군,남성,70세 이상,3641,0.00786,0.786,1
46810,전라남도,강진군,여성,14-19세,629,0.001358,0.1358,0
46810,전라남도,강진군,여성,20대,930,0.002008,0.2008,0
46810,전라남도,강진군,여성,30대,987,0.002131,0.2131,0
46810,전라남도,강진군,여성,40대,1370,0.002958,0.2958,0
46810,전라남도,강진군,여성,50대,2217,0.004786,0.4786,1
46810,전라남도,강진군,여성,60대,3288,0.007098,0.7098,1
46810,전라남도,강진군,여성,70세 이상,5689,0.012282,1.2282,1
46820,전라남도,해남군,남성,14-19세,1427,0.003081,0.3081,0
46820,전라남도,해남군,남성,20대,2410,0.005203,0.5203,1
46820,전라남도,해남군,남성,30대,2193,0.004734,0.4734,1
46820,전라남도,해남군,남성,40대,3415,0.007372,0.7372,1
46820,전라남도,해남군,남성,50대,5821,0.012567,1.2567,1
46820,전라남도,해남군,남성,60대,7073,0.015269,1.5269,2
46820,전라남도,해남군,남성,70세 이상,6878,0.014848,1.4848,1
46820,전라남도,해남군,여성,14-19세,1332,0.002876,0.2876,0
46820,전라남도,해남군,여성,20대,1764,0.003808,0.3808,1
46820,전라남도,해남군,여성,30대,1766,0.003812,0.3812,0
46820,전라남도,해남군,여성,40대,2881,0.00622,0.622,1
46820,전라남도,해남군,여성,50대,4451,0.009609,0.9609,1
46820,전라남도,해남군,여성,60대,6304,0.013609,1.3609,1
46820,전라남도,해남군,여성,70세 이상,10421,0.022497,2.2497,2
46830,전라남도,영암군,남성,14-19세,1232,0.00266,0.266,0
46830,전라남도,영암군,남성,20대,2395,0.00517,0.517,1
46830,전라남도,영암군,남성,30대,2023,0.004367,0.4367,0
46830,전라남도,영암군,남성,40대,3691,0.007968,0.7968,1
46830,전라남도,영암군,남성,50대,5344,0.011537,1.1537,1
46830,전라남도,영암군,남성,60대,5401,0.01166,1.166,1
46830,전라남도,영암군,남성,70세 이상,4499,0.009713,0.9713,1
46830,전라남도,영암군,여성,14-19세,1129,0.002437,0.2437,0
46830,전라남도,영암군,여성,20대,1588,0.003428,0.3428,0
46830,전라남도,영암군,여성,30대,1642,0.003545,0.3545,0
46830,전라남도,영암군,여성,40대,2561,0.005529,0.5529,1
46830,전라남도,영암군,여성,50대,3766,0.00813,0.813,1
46830,전라남도,영암군,여성,60대,4413,0.009527,0.9527,1
46830,전라남도,영암군,여성,70세 이상,6899,0.014894,1.4894,2
46840,전라남도,무안군,남성,14-19세,3241,0.006997,0.6997,1
46840,전라남도,무안군,남성,20대,5065,0.010934,1.0934,1
46840,전라남도,무안군,남성,30대,5654,0.012206,1.2206,1
46840,전라남도,무안군,남성,40대,7790,0.016817,1.6817,2
46840,전라남도,무안군,남성,50대,7728,0.016683,1.6683,2
46840,전라남도,무안군,남성,60대,6841,0.014769,1.4769,1
46840,전라남도,무안군,남성,70세 이상,5741,0.012394,1.2394,1
46840,전라남도,무안군,여성,14-19세,3132,0.006761,0.6761,1
46840,전라남도,무안군,여성,20대,4228,0.009128,0.9128,1
46840,전라남도,무안군,여성,30대,5680,0.012262,1.2262,1
46840,전라남도,무안군,여성,40대,7418,0.016014,1.6014,2
46840,전라남도,무안군,여성,50대,6575,0.014194,1.4194,1
46840,전라남도,무안군,여성,60대,6287,0.013573,1.3573,1
46840,전라남도,무안군,여성,70세 이상,8314,0.017949,1.7949,2
46860,전라남도,함평군,남성,14-19세,566,0.001222,0.1222,0
46860,전라남도,함평군,남성,20대,1076,0.002323,0.2323,0
46860,전라남도,함평군,남성,30대,981,0.002118,0.2118,0
46860,전라남도,함평군,남성,40대,1494,0.003225,0.3225,0
46860,전라남도,함평군,남성,50대,2928,0.006321,0.6321,1
46860,전라남도,함평군,남성,60대,3629,0.007834,0.7834,1
46860,전라남도,함평군,남성,70세 이상,3567,0.007701,0.7701,1
46860,전라남도,함평군,여성,14-19세,512,0.001105,0.1105,0
46860,전라남도,함평군,여성,20대,760,0.001641,0.1641,0
46860,전라남도,함평군,여성,30대,797,0.001721,0.1721,0
46860,전라남도,함평군,여성,40대,1113,0.002403,0.2403,0
46860,전라남도,함평군,여성,50대,1974,0.004262,0.4262,1
46860,전라남도,함평군,여성,60대,2898,0.006256,0.6256,1
46860,전라남도,함평군,여성,70세 이상,5627,0.012148,1.2148,1
46870,전라남도,영광군,남성,14-19세,1272,0.002746,0.2746,0
46870,전라남도,영광군,남성,20대,2517,0.005434,0.5434,0
46870,전라남도,영광군,남성,30대,2553,0.005511,0.5511,1
46870,전라남도,영광군,남성,40대,3296,0.007116,0.7116,1
46870,전라남도,영광군,남성,50대,4857,0.010485,1.0485,1
46870,전라남도,영광군,남성,60대,5092,0.010993,1.0993,1
46870,전라남도,영광군,남성,70세 이상,4874,0.010522,1.0522,1
46870,전라남도,영광군,여성,14-19세,1209,0.00261,0.261,0
46870,전라남도,영광군,여성,20대,2004,0.004326,0.4326,0
46870,전라남도,영광군,여성,30대,2465,0.005322,0.5322,0
46870,전라남도,영광군,여성,40대,2708,0.005846,0.5846,1
46870,전라남도,영광군,여성,50대,3769,0.008137,0.8137,1
46870,전라남도,영광군,여성,60대,4579,0.009885,0.9885,1
46870,전라남도,영광군,여성,70세 이상,7612,0.016433,1.6433,2
46880,전라남도,장성군,남성,14-19세,966,0.002085,0.2085,0
46880,전라남도,장성군,남성,20대,1989,0.004294,0.4294,1
46880,전라남도,장성군,남성,30대,1783,0.003849,0.3849,0
46880,전라남도,장성군,남성,40대,2490,0.005375,0.5375,1
46880,전라남도,장성군,남성,50대,4145,0.008948,0.8948,1
46880,전라남도,장성군,남성,60대,4730,0.010211,1.0211,1
46880,전라남도,장성군,남성,70세 이상,4403,0.009505,0.9505,1
46880,전라남도,장성군,여성,14-19세,881,0.001902,0.1902,0
46880,전라남도,장성군,여성,20대,1416,0.003057,0.3057,0
46880,전라남도,장성군,여성,30대,1617,0.003491,0.3491,0
46880,전라남도,장성군,여성,40대,2080,0.00449,0.449,1
46880,전라남도,장성군,여성,50대,3171,0.006846,0.6846,1
46880,전라남도,장성군,여성,60대,3892,0.008402,0.8402,1
46880,전라남도,장성군,여성,70세 이상,6340,0.013687,1.3687,1
46890,전라남도,완도군,남성,14-19세,1028,0.002219,0.2219,0
46890,전라남도,완도군,남성,20대,1593,0.003439,0.3439,0
46890,전라남도,완도군,남성,30대,1519,0.003279,0.3279,0
46890,전라남도,완도군,남성,40대,2943,0.006353,0.6353,1
46890,전라남도,완도군,남성,50대,4144,0.008946,0.8946,1
46890,전라남도,완도군,남성,60대,4644,0.010026,1.0026,1
46890,전라남도,완도군,남성,70세 이상,5062,0.010928,1.0928,1
46890,전라남도,완도군,여성,14-19세,904,0.001952,0.1952,0
46890,전라남도,완도군,여성,20대,1139,0.002459,0.2459,0
46890,전라남도,완도군,여성,30대,1248,0.002694,0.2694,0
46890,전라남도,완도군,여성,40대,2168,0.00468,0.468,1
46890,전라남도,완도군,여성,50대,3010,0.006498,0.6498,1
46890,전라남도,완도군,여성,60대,4413,0.009527,0.9527,1
46890,전라남도,완도군,여성,70세 이상,7550,0.016299,1.6299,2
46900,전라남도,진도군,남성,14-19세,623,0.001345,0.1345,0
46900,전라남도,진도군,남성,20대,1097,0.002368,0.2368,0
46900,전라남도,진도군,남성,30대,938,0.002025,0.2025,0
46900,전라남도,진도군,남성,40대,1608,0.003471,0.3471,0
46900,전라남도,진도군,남성,50대,2633,0.005684,0.5684,1
46900,전라남도,진도군,남성,60대,3115,0.006725,0.6725,1
46900,전라남도,진도군,남성,70세 이상,3109,0.006712,0.6712,1
46900,전라남도,진도군,여성,14-19세,580,0.001252,0.1252,0
46900,전라남도,진도군,여성,20대,815,0.001759,0.1759,0
46900,전라남도,진도군,여성,30대,850,0.001835,0.1835,0
46900,전라남도,진도군,여성,40대,1172,0.00253,0.253,0
46900,전라남도,진도군,여성,50대,1911,0.004126,0.4126,1
46900,전라남도,진도군,여성,60대,2801,0.006047,0.6047,1
46900,전라남도,진도군,여성,70세 이상,4884,0.010544,1.0544,1
46910,전라남도,신안군,남성,14-19세,841,0.001816,0.1816,0
46910,전라남도,신안군,남성,20대,1635,0.00353,0.353,0
46910,전라남도,신안군,남성,30대,1460,0.003152,0.3152,0
46910,전라남도,신안군,남성,40대,2701,0.005831,0.5831,1
46910,전라남도,신안군,남성,50대,4464,0.009637,0.9637,1
46910,전라남도,신안군,남성,60대,5274,0.011386,1.1386,1
46910,전라남도,신안군,남성,70세 이상,4814,0.010393,1.0393,1
46910,전라남도,신안군,여성,14-19세,844,0.001822,0.1822,0
46910,전라남도,신안군,여성,20대,1169,0.002524,0.2524,0
46910,전라남도,신안군,여성,30대,1002,0.002163,0.2163,0
46910,전라남도,신안군,여성,40대,1658,0.003579,0.3579,1
46910,전라남도,신안군,여성,50대,2872,0.0062,0.62,1
46910,전라남도,신안군,여성,60대,4181,0.009026,0.9026,1
46910,전라남도,신안군,여성,70세 이상,6585,0.014216,1.4216,1
47110,경상북도,포항시,남성,14-19세,14094,0.030427,3.0427,3
47110,경상북도,포항시,남성,20대,25771,0.055635,5.5635,6
47110,경상북도,포항시,남성,30대,30178,0.065149,6.5149,6
47110,경상북도,포항시,남성,40대,36036,0.077796,7.7796,8
47110,경상북도,포항시,남성,50대,42585,0.091934,9.1934,9
47110,경상북도,포항시,남성,60대,42251,0.091213,9.1213,9
47110,경상북도,포항시,남성,70세 이상,32356,0.069851,6.9851,7
47110,경상북도,포항시,여성,14-19세,13056,0.028186,2.8186,3
47110,경상북도,포항시,여성,20대,18539,0.040023,4.0023,4
47110,경상북도,포항시,여성,30대,24052,0.051924,5.1924,5
47110,경상북도,포항시,여성,40대,34325,0.074102,7.4102,7
47110,경상북도,포항시,여성,50대,42024,0.090723,9.0723,9
47110,경상북도,포항시,여성,60대,44902,0.096936,9.6936,10
47110,경상북도,포항시,여성,70세 이상,41347,0.089261,8.9261,9
47130,경상북도,경주시,남성,14-19세,5981,0.012912,1.2912,1
47130,경상북도,경주시,남성,20대,11437,0.024691,2.4691,3
47130,경상북도,경주시,남성,30대,12658,0.027326,2.7326,3
47130,경상북도,경주시,남성,40대,15807,0.034125,3.4125,4
47130,경상북도,경주시,남성,50대,23144,0.049964,4.9964,5
47130,경상북도,경주시,남성,60대,24045,0.051909,5.1909,5
47130,경상북도,경주시,남성,70세 이상,19370,0.041817,4.1817,4
47130,경상북도,경주시,여성,14-19세,5557,0.011997,1.1997,1
47130,경상북도,경주시,여성,20대,8878,0.019166,1.9166,2
47130,경상북도,경주시,여성,30대,10437,0.022532,2.2532,2
47130,경상북도,경주시,여성,40대,14496,0.031294,3.1294,3
47130,경상북도,경주시,여성,50대,21867,0.047207,4.7207,5
47130,경상북도,경주시,여성,60대,23675,0.05111,5.111,5
47130,경상북도,경주시,여성,70세 이상,27781,0.059974,5.9974,6
47150,경상북도,김천시,남성,14-19세,4108,0.008868,0.8868,1
47150,경상북도,김천시,남성,20대,6001,0.012955,1.2955,1
47150,경상북도,김천시,남성,30대,7136,0.015405,1.5405,2
47150,경상북도,김천시,남성,40대,9005,0.01944,1.944,2
47150,경상북도,김천시,남성,50대,11575,0.024988,2.4988,2
47150,경상북도,김천시,남성,60대,12614,0.027231,2.7231,3
47150,경상북도,김천시,남성,70세 이상,10787,0.023287,2.3287,2
47150,경상북도,김천시,여성,14-19세,3274,0.007068,0.7068,1
47150,경상북도,김천시,여성,20대,4600,0.009931,0.9931,1
47150,경상북도,김천시,여성,30대,5930,0.012802,1.2802,1
47150,경상북도,김천시,여성,40대,8226,0.017759,1.7759,2
47150,경상북도,김천시,여성,50대,10799,0.023313,2.3313,2
47150,경상북도,김천시,여성,60대,12234,0.026411,2.6411,3
47150,경상북도,김천시,여성,70세 이상,15626,0.033734,3.3734,3
47170,경상북도,안동시,남성,14-19세,4218,0.009106,0.9106,1
47170,경상북도,안동시,남성,20대,8201,0.017705,1.7705,2
47170,경상북도,안동시,남성,30대,7601,0.016409,1.6409,2
47170,경상북도,안동시,남성,40대,9475,0.020455,2.0455,2
47170,경상북도,안동시,남성,50대,13250,0.028604,2.8604,3
47170,경상북도,안동시,남성,60대,13744,0.029671,2.9671,3
47170,경상북도,안동시,남성,70세 이상,12763,0.027553,2.7553,3
47170,경상북도,안동시,여성,14-19세,3829,0.008266,0.8266,1
47170,경상북도,안동시,여성,20대,7040,0.015198,1.5198,1
47170,경상북도,안동시,여성,30대,6493,0.014017,1.4017,1
47170,경상북도,안동시,여성,40대,9100,0.019645,1.9645,2
47170,경상북도,안동시,여성,50대,12152,0.026234,2.6234,2
47170,경상북도,안동시,여성,60대,13922,0.030055,3.0055,3
47170,경상북도,안동시,여성,70세 이상,18663,0.04029,4.029,4
47190,경상북도,구미시,남성,14-19세,13596,0.029351,2.9351,3
47190,경상북도,구미시,남성,20대,25787,0.05567,5.567,5
47190,경상북도,구미시,남성,30대,31621,0.068264,6.8264,7
47190,경상북도,구미시,남성,40대,36101,0.077936,7.7936,8
47190,경상북도,구미시,남성,50대,35639,0.076939,7.6939,7
47190,경상북도,구미시,남성,60대,28245,0.060976,6.0976,6
47190,경상북도,구미시,남성,70세 이상,14018,0.030262,3.0262,3
47190,경상북도,구미시,여성,14-19세,12519,0.027026,2.7026,3
47190,경상북도,구미시,여성,20대,18198,0.039286,3.9286,4
47190,경상북도,구미시,여성,30대,26094,0.056333,5.6333,6
47190,경상북도,구미시,여성,40대,33817,0.073005,7.3005,7
47190,경상북도,구미시,여성,50대,36071,0.077871,7.7871,8
47190,경상북도,구미시,여성,60대,26524,0.057261,5.7261,6
47190,경상북도,구미시,여성,70세 이상,19566,0.04224,4.224,4
47210,경상북도,영주시,남성,14-19세,3039,0.006561,0.6561,1
47210,경상북도,영주시,남성,20대,4514,0.009745,0.9745,1
47210,경상북도,영주시,남성,30대,4122,0.008899,0.8899,1
47210,경상북도,영주시,남성,40대,5614,0.01212,1.212,1
47210,경상북도,영주시,남성,50대,8640,0.018652,1.8652,2
47210,경상북도,영주시,남성,60대,9360,0.020207,2.0207,2
47210,경상북도,영주시,남성,70세 이상,9318,0.020116,2.0116,2
47210,경상북도,영주시,여성,14-19세,2493,0.005382,0.5382,0
47210,경상북도,영주시,여성,20대,3364,0.007262,0.7262,1
47210,경상북도,영주시,여성,30대,3275,0.00707,0.707,1
47210,경상북도,영주시,여성,40대,5384,0.011623,1.1623,1
47210,경상북도,영주시,여성,50대,7933,0.017126,1.7126,2
47210,경상북도,영주시,여성,60대,9612,0.020751,2.0751,2
47210,경상북도,영주시,여성,70세 이상,13360,0.028842,2.8842,3
47230,경상북도,영천시,남성,14-19세,1996,0.004309,0.4309,0
47230,경상북도,영천시,남성,20대,3792,0.008186,0.8186,1
47230,경상북도,영천시,남성,30대,4269,0.009216,0.9216,1
47230,경상북도,영천시,남성,40대,5660,0.012219,1.2219,1
47230,경상북도,영천시,남성,50대,9004,0.019438,1.9438,2
47230,경상북도,영천시,남성,60대,10873,0.023473,2.3473,2
47230,경상북도,영천시,남성,70세 이상,9847,0.021258,2.1258,2
47230,경상북도,영천시,여성,14-19세,1751,0.00378,0.378,0
47230,경상북도,영천시,여성,20대,2648,0.005717,0.5717,1
47230,경상북도,영천시,여성,30대,3502,0.00756,0.756,1
47230,경상북도,영천시,여성,40대,4505,0.009726,0.9726,1
47230,경상북도,영천시,여성,50대,7561,0.016323,1.6323,2
47230,경상북도,영천시,여성,60대,9855,0.021275,2.1275,2
47230,경상북도,영천시,여성,70세 이상,13589,0.029336,2.9336,3
47250,경상북도,상주시,남성,14-19세,2332,0.005034,0.5034,1
47250,경상북도,상주시,남성,20대,3372,0.00728,0.728,1
47250,경상북도,상주시,남성,30대,3266,0.007051,0.7051,1
47250,경상북도,상주시,남성,40대,4842,0.010453,1.0453,1
47250,경상북도,상주시,남성,50대,7786,0.016809,1.6809,1
47250,경상북도,상주시,남성,60대,10100,0.021804,2.1804,2
47250,경상북도,상주시,남성,70세 이상,9604,0.020733,2.0733,2
47250,경상북도,상주시,여성,14-19세,2090,0.004512,0.4512,0
47250,경상북도,상주시,여성,20대,2509,0.005417,0.5417,1
47250,경상북도,상주시,여성,30대,2705,0.00584,0.584,1
47250,경상북도,상주시,여성,40대,4276,0.009231,0.9231,1
47250,경상북도,상주시,여성,50대,6788,0.014654,1.4654,1
47250,경상북도,상주시,여성,60대,9656,0.020846,2.0846,2
47250,경상북도,상주시,여성,70세 이상,14669,0.031668,3.1668,3
47280,경상북도,문경시,남성,14-19세,1631,0.003521,0.3521,0
47280,경상북도,문경시,남성,20대,2545,0.005494,0.5494,1
47280,경상북도,문경시,남성,30대,2362,0.005099,0.5099,1
47280,경상북도,문경시,남성,40대,3610,0.007793,0.7793,1
47280,경상북도,문경시,남성,50대,5682,0.012266,1.2266,1
47280,경상북도,문경시,남성,60대,7198,0.015539,1.5539,1
47280,경상북도,문경시,남성,70세 이상,6873,0.014838,1.4838,1
47280,경상북도,문경시,여성,14-19세,1360,0.002936,0.2936,0
47280,경상북도,문경시,여성,20대,1946,0.004201,0.4201,1
47280,경상북도,문경시,여성,30대,1989,0.004294,0.4294,0
47280,경상북도,문경시,여성,40대,3295,0.007113,0.7113,1
47280,경상북도,문경시,여성,50대,5015,0.010827,1.0827,1
47280,경상북도,문경시,여성,60대,7047,0.015213,1.5213,2
47280,경상북도,문경시,여성,70세 이상,10431,0.022519,2.2519,2
47290,경상북도,경산시,남성,14-19세,7036,0.01519,1.519,2
47290,경상북도,경산시,남성,20대,18124,0.039127,3.9127,4
47290,경상북도,경산시,남성,30대,16753,0.036167,3.6167,4
47290,경상북도,경산시,남성,40대,18957,0.040925,4.0925,4
47290,경상북도,경산시,남성,50대,23071,0.049806,4.9806,5
47290,경상북도,경산시,남성,60대,20736,0.044765,4.4765,4
47290,경상북도,경산시,남성,70세 이상,15845,0.034207,3.4207,3
47290,경상북도,경산시,여성,14-19세,6735,0.01454,1.454,2
47290,경상북도,경산시,여성,20대,14994,0.032369,3.2369,3
47290,경상북도,경산시,여성,30대,13756,0.029697,2.9697,3
47290,경상북도,경산시,여성,40대,17646,0.038095,3.8095,4
47290,경상북도,경산시,여성,50대,23042,0.049744,4.9744,5
47290,경상북도,경산시,여성,60대,21390,0.046177,4.6177,4
47290,경상북도,경산시,여성,70세 이상,22191,0.047907,4.7907,5
47730,경상북도,의성군,남성,14-19세,764,0.001649,0.1649,0
47730,경상북도,의성군,남성,20대,1130,0.002439,0.2439,0
47730,경상북도,의성군,남성,30대,1511,0.003262,0.3262,0
47730,경상북도,의성군,남성,40대,2175,0.004695,0.4695,1
47730,경상북도,의성군,남성,50대,4084,0.008817,0.8817,1
47730,경상북도,의성군,남성,60대,6466,0.013959,1.3959,2
47730,경상북도,의성군,남성,70세 이상,6869,0.014829,1.4829,2
47730,경상북도,의성군,여성,14-19세,566,0.001222,0.1222,0
47730,경상북도,의성군,여성,20대,817,0.001764,0.1764,0
47730,경상북도,의성군,여성,30대,1103,0.002381,0.2381,0
47730,경상북도,의성군,여성,40대,1561,0.00337,0.337,0
47730,경상북도,의성군,여성,50대,2953,0.006375,0.6375,1
47730,경상북도,의성군,여성,60대,5862,0.012655,1.2655,1
47730,경상북도,의성군,여성,70세 이상,10066,0.021731,2.1731,2
47750,경상북도,청송군,남성,14-19세,310,0.000669,0.0669,0
47750,경상북도,청송군,남성,20대,670,0.001446,0.1446,0
47750,경상북도,청송군,남성,30대,898,0.001939,0.1939,0
47750,경상북도,청송군,남성,40대,1066,0.002301,0.2301,0
47750,경상북도,청송군,남성,50대,2090,0.004512,0.4512,1
47750,경상북도,청송군,남성,60대,3088,0.006666,0.6666,1
47750,경상북도,청송군,남성,70세 이상,3110,0.006714,0.6714,1
47750,경상북도,청송군,여성,14-19세,290,0.000626,0.0626,0
47750,경상북도,청송군,여성,20대,495,0.001069,0.1069,0
47750,경상북도,청송군,여성,30대,548,0.001183,0.1183,0
47750,경상북도,청송군,여성,40대,807,0.001742,0.1742,0
47750,경상북도,청송군,여성,50대,1634,0.003528,0.3528,0
47750,경상북도,청송군,여성,60대,2865,0.006185,0.6185,1
47750,경상북도,청송군,여성,70세 이상,4404,0.009507,0.9507,1
47760,경상북도,영양군,남성,14-19세,290,0.000626,0.0626,0
47760,경상북도,영양군,남성,20대,508,0.001097,0.1097,0
47760,경상북도,영양군,남성,30대,523,0.001129,0.1129,0
47760,경상북도,영양군,남성,40대,775,0.001673,0.1673,0
47760,경상북도,영양군,남성,50대,1540,0.003325,0.3325,0
47760,경상북도,영양군,남성,60대,2000,0.004318,0.4318,1
47760,경상북도,영양군,남성,70세 이상,1938,0.004184,0.4184,1
47760,경상북도,영양군,여성,14-19세,287,0.00062,0.062,0
47760,경상북도,영양군,여성,20대,407,0.000879,0.0879,0
47760,경상북도,영양군,여성,30대,420,0.000907,0.0907,0
47760,경상북도,영양군,여성,40대,577,0.001246,0.1246,0
47760,경상북도,영양군,여성,50대,1103,0.002381,0.2381,0
47760,경상북도,영양군,여성,60대,1868,0.004033,0.4033,0
47760,경상북도,영양군,여성,70세 이상,2966,0.006403,0.6403,1
47770,경상북도,영덕군,남성,14-19세,557,0.001202,0.1202,0
47770,경상북도,영덕군,남성,20대,917,0.00198,0.198,0
47770,경상북도,영덕군,남성,30대,1019,0.0022,0.22,0
47770,경상북도,영덕군,남성,40대,1546,0.003338,0.3338,0
47770,경상북도,영덕군,남성,50대,2966,0.006403,0.6403,1
47770,경상북도,영덕군,남성,60대,3799,0.008201,0.8201,1
47770,경상북도,영덕군,남성,70세 이상,4081,0.00881,0.881,1
47770,경상북도,영덕군,여성,14-19세,500,0.001079,0.1079,0
47770,경상북도,영덕군,여성,20대,672,0.001451,0.1451,0
47770,경상북도,영덕군,여성,30대,808,0.001744,0.1744,0
47770,경상북도,영덕군,여성,40대,1425,0.003076,0.3076,0
47770,경상북도,영덕군,여성,50대,2329,0.005028,0.5028,1
47770,경상북도,영덕군,여성,60대,3751,0.008098,0.8098,1
47770,경상북도,영덕군,여성,70세 이상,6693,0.014449,1.4449,2
47820,경상북도,청도군,남성,14-19세,649,0.001401,0.1401,0
47820,경상북도,청도군,남성,20대,994,0.002146,0.2146,0
47820,경상북도,청도군,남성,30대,1174,0.002534,0.2534,0
47820,경상북도,청도군,남성,40대,1959,0.004229,0.4229,1
47820,경상북도,청도군,남성,50대,3422,0.007388,0.7388,1
47820,경상북도,청도군,남성,60대,5478,0.011826,1.1826,1
47820,경상북도,청도군,남성,70세 이상,5481,0.011833,1.1833,1
47820,경상북도,청도군,여성,14-19세,625,0.001349,0.1349,0
47820,경상북도,청도군,여성,20대,748,0.001615,0.1615,0
47820,경상북도,청도군,여성,30대,965,0.002083,0.2083,0
47820,경상북도,청도군,여성,40대,1573,0.003396,0.3396,0
47820,경상북도,청도군,여성,50대,2828,0.006105,0.6105,1
47820,경상북도,청도군,여성,60대,4886,0.010548,1.0548,1
47820,경상북도,청도군,여성,70세 이상,7618,0.016446,1.6446,2
47830,경상북도,고령군,남성,14-19세,567,0.001224,0.1224,0
47830,경상북도,고령군,남성,20대,1026,0.002215,0.2215,0
47830,경상북도,고령군,남성,30대,1021,0.002204,0.2204,0
47830,경상북도,고령군,남성,40대,1608,0.003471,0.3471,0
47830,경상북도,고령군,남성,50대,3000,0.006476,0.6476,1
47830,경상북도,고령군,남성,60대,3889,0.008396,0.8396,1
47830,경상북도,고령군,남성,70세 이상,3456,0.007461,0.7461,1
47830,경상북도,고령군,여성,14-19세,489,0.001056,0.1056,0
47830,경상북도,고령군,여성,20대,716,0.001546,0.1546,0
47830,경상북도,고령군,여성,30대,831,0.001794,0.1794,0
47830,경상북도,고령군,여성,40대,1289,0.002783,0.2783,0
47830,경상북도,고령군,여성,50대,2257,0.004872,0.4872,1
47830,경상북도,고령군,여성,60대,3329,0.007187,0.7187,1
47830,경상북도,고령군,여성,70세 이상,4723,0.010196,1.0196,1
47840,경상북도,성주군,남성,14-19세,662,0.001429,0.1429,0
47840,경상북도,성주군,남성,20대,1195,0.00258,0.258,0
47840,경상북도,성주군,남성,30대,1622,0.003502,0.3502,1
47840,경상북도,성주군,남성,40대,2242,0.00484,0.484,1
47840,경상북도,성주군,남성,50대,3910,0.008441,0.8441,1
47840,경상북도,성주군,남성,60대,5811,0.012545,1.2545,1
47840,경상북도,성주군,남성,70세 이상,4891,0.010559,1.0559,1
47840,경상북도,성주군,여성,14-19세,587,0.001267,0.1267,0
47840,경상북도,성주군,여성,20대,809,0.001746,0.1746,0
47840,경상북도,성주군,여성,30대,1124,0.002427,0.2427,0
47840,경상북도,성주군,여성,40대,1578,0.003407,0.3407,0
47840,경상북도,성주군,여성,50대,2973,0.006418,0.6418,1
47840,경상북도,성주군,여성,60대,4860,0.010492,1.0492,1
47840,경상북도,성주군,여성,70세 이상,6459,0.013944,1.3944,1
47850,경상북도,칠곡군,남성,14-19세,3287,0.007096,0.7096,1
47850,경상북도,칠곡군,남성,20대,5204,0.011235,1.1235,1
47850,경상북도,칠곡군,남성,30대,5497,0.011867,1.1867,1
47850,경상북도,칠곡군,남성,40대,9480,0.020466,2.0466,2
47850,경상북도,칠곡군,남성,50대,11420,0.024654,2.4654,2
47850,경상북도,칠곡군,남성,60대,9425,0.020347,2.0347,2
47850,경상북도,칠곡군,남성,70세 이상,6193,0.01337,1.337,1
47850,경상북도,칠곡군,여성,14-19세,2968,0.006407,0.6407,1
47850,경상북도,칠곡군,여성,20대,3399,0.007338,0.7338,1
47850,경상북도,칠곡군,여성,30대,4404,0.009507,0.9507,1
47850,경상북도,칠곡군,여성,40대,7993,0.017256,1.7256,2
47850,경상북도,칠곡군,여성,50대,9685,0.020908,2.0908,2
47850,경상북도,칠곡군,여성,60대,8035,0.017346,1.7346,2
47850,경상북도,칠곡군,여성,70세 이상,8695,0.018771,1.8771,2
47900,경상북도,예천군,남성,14-19세,1407,0.003037,0.3037,0
47900,경상북도,예천군,남성,20대,1827,0.003944,0.3944,0
47900,경상북도,예천군,남성,30대,2537,0.005477,0.5477,1
47900,경상북도,예천군,남성,40대,3464,0.007478,0.7478,1
47900,경상북도,예천군,남성,50대,4101,0.008853,0.8853,1
47900,경상북도,예천군,남성,60대,5071,0.010947,1.0947,1
47900,경상북도,예천군,남성,70세 이상,5433,0.011729,1.1729,1
47900,경상북도,예천군,여성,14-19세,1272,0.002746,0.2746,0
47900,경상북도,예천군,여성,20대,1369,0.002955,0.2955,0
47900,경상북도,예천군,여성,30대,2398,0.005177,0.5177,1
47900,경상북도,예천군,여성,40대,3316,0.007159,0.7159,1
47900,경상북도,예천군,여성,50대,3385,0.007308,0.7308,1
47900,경상북도,예천군,여성,60대,4792,0.010345,1.0345,1
47900,경상북도,예천군,여성,70세 이상,7923,0.017104,1.7104,2
47920,경상북도,봉화군,남성,14-19세,546,0.001179,0.1179,0
47920,경상북도,봉화군,남성,20대,780,0.001684,0.1684,0
47920,경상북도,봉화군,남성,30대,785,0.001695,0.1695,0
47920,경상북도,봉화군,남성,40대,1295,0.002796,0.2796,0
47920,경상북도,봉화군,남성,50대,2624,0.005665,0.5665,1
47920,경상북도,봉화군,남성,60대,3927,0.008478,0.8478,1
47920,경상북도,봉화군,남성,70세 이상,3801,0.008206,0.8206,1
47920,경상북도,봉화군,여성,14-19세,563,0.001215,0.1215,0
47920,경상북도,봉화군,여성,20대,494,0.001066,0.1066,0
47920,경상북도,봉화군,여성,30대,583,0.001259,0.1259,0
47920,경상북도,봉화군,여성,40대,996,0.00215,0.215,0
47920,경상북도,봉화군,여성,50대,1976,0.004266,0.4266,1
47920,경상북도,봉화군,여성,60대,3397,0.007334,0.7334,1
47920,경상북도,봉화군,여성,70세 이상,5241,0.011314,1.1314,1
47930,경상북도,울진군,남성,14-19세,1039,0.002243,0.2243,0
47930,경상북도,울진군,남성,20대,2114,0.004564,0.4564,0
47930,경상북도,울진군,남성,30대,2318,0.005004,0.5004,1
47930,경상북도,울진군,남성,40대,2668,0.00576,0.576,1
47930,경상북도,울진군,남성,50대,4497,0.009708,0.9708,1
47930,경상북도,울진군,남성,60대,4873,0.01052,1.052,1
47930,경상북도,울진군,남성,70세 이상,4197,0.009061,0.9061,1
47930,경상북도,울진군,여성,14-19세,875,0.001889,0.1889,0
47930,경상북도,울진군,여성,20대,1404,0.003031,0.3031,0
47930,경상북도,울진군,여성,30대,1680,0.003627,0.3627,0
47930,경상북도,울진군,여성,40대,2376,0.005129,0.5129,1
47930,경상북도,울진군,여성,50대,3501,0.007558,0.7558,1
47930,경상북도,울진군,여성,60대,4504,0.009723,0.9723,1
47930,경상북도,울진군,여성,70세 이상,6557,0.014155,1.4155,1
47940,경상북도,울릉군,남성,14-19세,132,0.000285,0.0285,0
47940,경상북도,울릉군,남성,20대,433,0.000935,0.0935,0
47940,경상북도,울릉군,남성,30대,504,0.001088,0.1088,0
47940,경상북도,울릉군,남성,40대,639,0.001379,0.1379,0
47940,경상북도,울릉군,남성,50대,1071,0.002312,0.2312,0
47940,경상북도,울릉군,남성,60대,1105,0.002386,0.2386,1
47940,경상북도,울릉군,남성,70세 이상,802,0.001731,0.1731,0
47940,경상북도,울릉군,여성,14-19세,128,0.000276,0.0276,0
47940,경상북도,울릉군,여성,20대,215,0.000464,0.0464,1
47940,경상북도,울릉군,여성,30대,270,0.000583,0.0583,0
47940,경상북도,울릉군,여성,40대,421,0.000909,0.0909,0
47940,경상북도,울릉군,여성,50대,678,0.001464,0.1464,0
47940,경상북도,울릉군,여성,60대,896,0.001934,0.1934,0
47940,경상북도,울릉군,여성,70세 이상,1003,0.002165,0.2165,0
48120,경상남도,창원시,남성,14-19세,29547,0.063787,6.3787,6
48120,경상남도,창원시,남성,20대,55654,0.120148,12.0148,12
48120,경상남도,창원시,남성,30대,64299,0.138811,13.8811,14
48120,경상남도,창원시,남성,40대,78081,0.168564,16.8564,17
48120,경상남도,창원시,남성,50대,88075,0.190139,19.0139,19
48120,경상남도,창원시,남성,60대,81894,0.176795,17.6795,18
48120,경상남도,창원시,남성,70세 이상,54433,0.117512,11.7512,12
48120,경상남도,창원시,여성,14-19세,27407,0.059167,5.9167,6
48120,경상남도,창원시,여성,20대,42382,0.091496,9.1496,9
48120,경상남도,창원시,여성,30대,54559,0.117784,11.7784,12
48120,경상남도,창원시,여성,40대,73081,0.157769,15.7769,16
48120,경상남도,창원시,여성,50대,88949,0.192026,19.2026,19
48120,경상남도,창원시,여성,60대,85087,0.183688,18.3688,18
48120,경상남도,창원시,여성,70세 이상,71447,0.154242,15.4242,15
48170,경상남도,진주시,남성,14-19세,10470,0.022603,2.2603,2
48170,경상남도,진주시,남성,20대,20715,0.04472,4.472,5
48170,경상남도,진주시,남성,30대,20793,0.044889,4.4889,5
48170,경상남도,진주시,남성,40대,23262,0.050219,5.0219,5
48170,경상남도,진주시,남성,50대,28432,0.06138,6.138,6
48170,경상남도,진주시,남성,60대,25162,0.05432,5.432,5
48170,경상남도,진주시,남성,70세 이상,19640,0.042399,4.2399,4
48170,경상남도,진주시,여성,14-19세,9666,0.020867,2.0867,2
48170,경상남도,진주시,여성,20대,16754,0.036169,3.6169,4
48170,경상남도,진주시,여성,30대,18396,0.039714,3.9714,4
48170,경상남도,진주시,여성,40대,23886,0.051566,5.1566,5
48170,경상남도,진주시,여성,50대,28842,0.062265,6.2265,6
48170,경상남도,진주시,여성,60대,27143,0.058597,5.8597,6
48170,경상남도,진주시,여성,70세 이상,28946,0.062489,6.2489,6
48220,경상남도,통영시,남성,14-19세,3859,0.008331,0.8331,1
48220,경상남도,통영시,남성,20대,4909,0.010598,1.0598,1
48220,경상남도,통영시,남성,30대,4641,0.010019,1.0019,1
48220,경상남도,통영시,남성,40대,9112,0.019671,1.9671,2
48220,경상남도,통영시,남성,50대,11596,0.025034,2.5034,2
48220,경상남도,통영시,남성,60대,10903,0.023538,2.3538,2
48220,경상남도,통영시,남성,70세 이상,8738,0.018864,1.8864,2
48220,경상남도,통영시,여성,14-19세,3665,0.007912,0.7912,1
48220,경상남도,통영시,여성,20대,3665,0.007912,0.7912,1
48220,경상남도,통영시,여성,30대,4231,0.009134,0.9134,1
48220,경상남도,통영시,여성,40대,8399,0.018132,1.8132,2
48220,경상남도,통영시,여성,50대,10147,0.021906,2.1906,2
48220,경상남도,통영시,여성,60대,11315,0.024427,2.4427,2
48220,경상남도,통영시,여성,70세 이상,11886,0.02566,2.566,3
48240,경상남도,사천시,남성,14-19세,3242,0.006999,0.6999,1
48240,경상남도,사천시,남성,20대,5354,0.011558,1.1558,1
48240,경상남도,사천시,남성,30대,5918,0.012776,1.2776,1
48240,경상남도,사천시,남성,40대,7948,0.017158,1.7158,2
48240,경상남도,사천시,남성,50대,10348,0.02234,2.234,2
48240,경상남도,사천시,남성,60대,9170,0.019796,1.9796,2
48240,경상남도,사천시,남성,70세 이상,8018,0.017309,1.7309,2
48240,경상남도,사천시,여성,14-19세,2978,0.006429,0.6429,1
48240,경상남도,사천시,여성,20대,3541,0.007644,0.7644,1
48240,경상남도,사천시,여성,30대,4415,0.009531,0.9531,1
48240,경상남도,사천시,여성,40대,7344,0.015854,1.5854,1
48240,경상남도,사천시,여성,50대,9129,0.019708,1.9708,2
48240,경상남도,사천시,여성,60대,9192,0.019844,1.9844,2
48240,경상남도,사천시,여성,70세 이상,12132,0.026191,2.6191,2
48250,경상남도,김해시,남성,14-19세,18240,0.039377,3.9377,4
48250,경상남도,김해시,남성,20대,29982,0.064726,6.4726,7
48250,경상남도,김해시,남성,30대,34074,0.07356,7.356,7
48250,경상남도,김해시,남성,40대,43587,0.094097,9.4097,9
48250,경상남도,김해시,남성,50대,52252,0.112803,11.2803,11
48250,경상남도,김해시,남성,60대,40031,0.08642,8.642,9
48250,경상남도,김해시,남성,70세 이상,21865,0.047203,4.7203,5
48250,경상남도,김해시,여성,14-19세,17351,0.037458,3.7458,4
48250,경상남도,김해시,여성,20대,24029,0.051875,5.1875,5
48250,경상남도,김해시,여성,30대,30315,0.065445,6.5445,7
48250,경상남도,김해시,여성,40대,42807,0.092413,9.2413,9
48250,경상남도,김해시,여성,50대,52327,0.112965,11.2965,11
48250,경상남도,김해시,여성,60대,38058,0.082161,8.2161,8
48250,경상남도,김해시,여성,70세 이상,30341,0.065501,6.5501,7
48270,경상남도,밀양시,남성,14-19세,2306,0.004978,0.4978,1
48270,경상남도,밀양시,남성,20대,3865,0.008344,0.8344,1
48270,경상남도,밀양시,남성,30대,4196,0.009058,0.9058,1
48270,경상남도,밀양시,남성,40대,5808,0.012538,1.2538,1
48270,경상남도,밀양시,남성,50대,8557,0.018473,1.8473,2
48270,경상남도,밀양시,남성,60대,11294,0.024382,2.4382,2
48270,경상남도,밀양시,남성,70세 이상,10033,0.02166,2.166,2
48270,경상남도,밀양시,여성,14-19세,2056,0.004439,0.4439,0
48270,경상남도,밀양시,여성,20대,2715,0.005861,0.5861,1
48270,경상남도,밀양시,여성,30대,3318,0.007163,0.7163,1
48270,경상남도,밀양시,여성,40대,5184,0.011191,1.1191,1
48270,경상남도,밀양시,여성,50대,8004,0.017279,1.7279,2
48270,경상남도,밀양시,여성,60대,11393,0.024596,2.4596,2
48270,경상남도,밀양시,여성,70세 이상,14290,0.03085,3.085,3
48310,경상남도,거제시,남성,14-19세,8767,0.018926,1.8926,2
48310,경상남도,거제시,남성,20대,10732,0.023169,2.3169,2
48310,경상남도,거제시,남성,30대,12064,0.026044,2.6044,3
48310,경상남도,거제시,남성,40대,23853,0.051495,5.1495,5
48310,경상남도,거제시,남성,50대,24708,0.05334,5.334,5
48310,경상남도,거제시,남성,60대,17358,0.037473,3.7473,4
48310,경상남도,거제시,남성,70세 이상,10184,0.021986,2.1986,2
48310,경상남도,거제시,여성,14-19세,8074,0.01743,1.743,2
48310,경상남도,거제시,여성,20대,7770,0.016774,1.6774,2
48310,경상남도,거제시,여성,30대,10638,0.022966,2.2966,2
48310,경상남도,거제시,여성,40대,20677,0.044638,4.4638,4
48310,경상남도,거제시,여성,50대,20556,0.044377,4.4377,4
48310,경상남도,거제시,여성,60대,16364,0.035327,3.5327,4
48310,경상남도,거제시,여성,70세 이상,12771,0.02757,2.757,3
48330,경상남도,양산시,남성,14-19세,11088,0.023937,2.3937,2
48330,경상남도,양산시,남성,20대,17250,0.03724,3.724,4
48330,경상남도,양산시,남성,30대,23341,0.050389,5.0389,5
48330,경상남도,양산시,남성,40대,31029,0.066986,6.6986,7
48330,경상남도,양산시,남성,50대,31741,0.068523,6.8523,7
48330,경상남도,양산시,남성,60대,27170,0.058655,5.8655,6
48330,경상남도,양산시,남성,70세 이상,18303,0.039513,3.9513,4
48330,경상남도,양산시,여성,14-19세,10643,0.022976,2.2976,2
48330,경상남도,양산시,여성,20대,14813,0.031979,3.1979,3
48330,경상남도,양산시,여성,30대,21460,0.046328,4.6328,5
48330,경상남도,양산시,여성,40대,29375,0.063416,6.3416,6
48330,경상남도,양산시,여성,50대,31829,0.068713,6.8713,7
48330,경상남도,양산시,여성,60대,27621,0.059629,5.9629,6
48330,경상남도,양산시,여성,70세 이상,24685,0.053291,5.3291,5
48720,경상남도,의령군,남성,14-19세,429,0.000926,0.0926,0
48720,경상남도,의령군,남성,20대,801,0.001729,0.1729,0
48720,경상남도,의령군,남성,30대,743,0.001604,0.1604,0
48720,경상남도,의령군,남성,40대,1178,0.002543,0.2543,0
48720,경상남도,의령군,남성,50대,2276,0.004913,0.4913,1
48720,경상남도,의령군,남성,60대,3286,0.007094,0.7094,1
48720,경상남도,의령군,남성,70세 이상,2996,0.006468,0.6468,1
48720,경상남도,의령군,여성,14-19세,363,0.000784,0.0784,0
48720,경상남도,의령군,여성,20대,493,0.001064,0.1064,0
48720,경상남도,의령군,여성,30대,642,0.001386,0.1386,0
48720,경상남도,의령군,여성,40대,975,0.002105,0.2105,0
48720,경상남도,의령군,여성,50대,1778,0.003838,0.3838,0
48720,경상남도,의령군,여성,60대,2706,0.005842,0.5842,1
48720,경상남도,의령군,여성,70세 이상,4793,0.010347,1.0347,1
48730,경상남도,함안군,남성,14-19세,1720,0.003713,0.3713,0
48730,경상남도,함안군,남성,20대,2230,0.004814,0.4814,1
48730,경상남도,함안군,남성,30대,2138,0.004616,0.4616,1
48730,경상남도,함안군,남성,40대,3691,0.007968,0.7968,1
48730,경상남도,함안군,남성,50대,5794,0.012508,1.2508,1
48730,경상남도,함안군,남성,60대,6519,0.014073,1.4073,1
48730,경상남도,함안군,남성,70세 이상,5384,0.011623,1.1623,1
48730,경상남도,함안군,여성,14-19세,1589,0.00343,0.343,1
48730,경상남도,함안군,여성,20대,1414,0.003053,0.3053,0
48730,경상남도,함안군,여성,30대,1700,0.00367,0.367,0
48730,경상남도,함안군,여성,40대,3447,0.007441,0.7441,1
48730,경상남도,함안군,여성,50대,4587,0.009903,0.9903,1
48730,경상남도,함안군,여성,60대,5729,0.012368,1.2368,1
48730,경상남도,함안군,여성,70세 이상,7601,0.016409,1.6409,2
48740,경상남도,창녕군,남성,14-19세,1265,0.002731,0.2731,0
48740,경상남도,창녕군,남성,20대,1693,0.003655,0.3655,0
48740,경상남도,창녕군,남성,30대,2095,0.004523,0.4523,1
48740,경상남도,창녕군,남성,40대,3047,0.006578,0.6578,1
48740,경상남도,창녕군,남성,50대,5078,0.010963,1.0963,1
48740,경상남도,창녕군,남성,60대,6749,0.01457,1.457,1
48740,경상남도,창녕군,남성,70세 이상,6048,0.013057,1.3057,1
48740,경상남도,창녕군,여성,14-19세,1100,0.002375,0.2375,0
48740,경상남도,창녕군,여성,20대,1119,0.002416,0.2416,0
48740,경상남도,창녕군,여성,30대,1507,0.003253,0.3253,1
48740,경상남도,창녕군,여성,40대,2516,0.005432,0.5432,1
48740,경상남도,창녕군,여성,50대,4067,0.00878,0.878,1
48740,경상남도,창녕군,여성,60대,6375,0.013763,1.3763,1
48740,경상남도,창녕군,여성,70세 이상,9095,0.019635,1.9635,2
48820,경상남도,고성군,남성,14-19세,1396,0.003014,0.3014,1
48820,경상남도,고성군,남성,20대,1580,0.003411,0.3411,0
48820,경상남도,고성군,남성,30대,1427,0.003081,0.3081,0
48820,경상남도,고성군,남성,40대,2724,0.005881,0.5881,1
48820,경상남도,고성군,남성,50대,4528,0.009775,0.9775,1
48820,경상남도,고성군,남성,60대,5606,0.012102,1.2102,1
48820,경상남도,고성군,남성,70세 이상,5307,0.011457,1.1457,1
48820,경상남도,고성군,여성,14-19세,1037,0.002239,0.2239,0
48820,경상남도,고성군,여성,20대,1061,0.002291,0.2291,0
48820,경상남도,고성군,여성,30대,1101,0.002377,0.2377,0
48820,경상남도,고성군,여성,40대,2269,0.004898,0.4898,1
48820,경상남도,고성군,여성,50대,3681,0.007947,0.7947,1
48820,경상남도,고성군,여성,60대,5116,0.011045,1.1045,1
48820,경상남도,고성군,여성,70세 이상,7662,0.016541,1.6541,2
48840,경상남도,남해군,남성,14-19세,959,0.00207,0.207,0
48840,경상남도,남해군,남성,20대,1420,0.003066,0.3066,0
48840,경상남도,남해군,남성,30대,1224,0.002642,0.2642,0
48840,경상남도,남해군,남성,40대,1840,0.003972,0.3972,1
48840,경상남도,남해군,남성,50대,3632,0.007841,0.7841,1
48840,경상남도,남해군,남성,60대,4738,0.010229,1.0229,1
48840,경상남도,남해군,남성,70세 이상,5020,0.010837,1.0837,1
48840,경상남도,남해군,여성,14-19세,832,0.001796,0.1796,0
48840,경상남도,남해군,여성,20대,924,0.001995,0.1995,0
48840,경상남도,남해군,여성,30대,920,0.001986,0.1986,0
48840,경상남도,남해군,여성,40대,1754,0.003787,0.3787,1
48840,경상남도,남해군,여성,50대,3048,0.00658,0.658,1
48840,경상남도,남해군,여성,60대,4521,0.00976,0.976,1
48840,경상남도,남해군,여성,70세 이상,7950,0.017163,1.7163,2
48850,경상남도,하동군,남성,14-19세,743,0.001604,0.1604,0
48850,경상남도,하동군,남성,20대,1224,0.002642,0.2642,0
48850,경상남도,하동군,남성,30대,1193,0.002575,0.2575,0
48850,경상남도,하동군,남성,40대,1814,0.003916,0.3916,1
48850,경상남도,하동군,남성,50대,3966,0.008562,0.8562,1
48850,경상남도,하동군,남성,60대,5208,0.011243,1.1243,1
48850,경상남도,하동군,남성,70세 이상,4984,0.01076,1.076,1
48850,경상남도,하동군,여성,14-19세,657,0.001418,0.1418,0
48850,경상남도,하동군,여성,20대,803,0.001734,0.1734,0
48850,경상남도,하동군,여성,30대,928,0.002003,0.2003,0
48850,경상남도,하동군,여성,40대,1511,0.003262,0.3262,0
48850,경상남도,하동군,여성,50대,3166,0.006835,0.6835,1
48850,경상남도,하동군,여성,60대,4640,0.010017,1.0017,1
48850,경상남도,하동군,여성,70세 이상,7284,0.015725,1.5725,2
48860,경상남도,산청군,남성,14-19세,623,0.001345,0.1345,0
48860,경상남도,산청군,남성,20대,948,0.002047,0.2047,0
48860,경상남도,산청군,남성,30대,894,0.00193,0.193,0
48860,경상남도,산청군,남성,40대,1399,0.00302,0.302,0
48860,경상남도,산청군,남성,50대,3097,0.006686,0.6686,1
48860,경상남도,산청군,남성,60대,4389,0.009475,0.9475,1
48860,경상남도,산청군,남성,70세 이상,4226,0.009123,0.9123,1
48860,경상남도,산청군,여성,14-19세,515,0.001112,0.1112,0
48860,경상남도,산청군,여성,20대,685,0.001479,0.1479,0
48860,경상남도,산청군,여성,30대,743,0.001604,0.1604,0
48860,경상남도,산청군,여성,40대,1156,0.002496,0.2496,0
48860,경상남도,산청군,여성,50대,2622,0.00566,0.566,1
48860,경상남도,산청군,여성,60대,3937,0.008499,0.8499,1
48860,경상남도,산청군,여성,70세 이상,6162,0.013303,1.3303,2
48870,경상남도,함양군,남성,14-19세,882,0.001904,0.1904,0
48870,경상남도,함양군,남성,20대,1187,0.002563,0.2563,0
48870,경상남도,함양군,남성,30대,1085,0.002342,0.2342,0
48870,경상남도,함양군,남성,40대,1674,0.003614,0.3614,1
48870,경상남도,함양군,남성,50대,3318,0.007163,0.7163,1
48870,경상남도,함양군,남성,60대,4194,0.009054,0.9054,1
48870,경상남도,함양군,남성,70세 이상,4040,0.008722,0.8722,1
48870,경상남도,함양군,여성,14-19세,761,0.001643,0.1643,0
48870,경상남도,함양군,여성,20대,820,0.00177,0.177,0
48870,경상남도,함양군,여성,30대,890,0.001921,0.1921,0
48870,경상남도,함양군,여성,40대,1583,0.003417,0.3417,0
48870,경상남도,함양군,여성,50대,2806,0.006058,0.6058,1
48870,경상남도,함양군,여성,60대,3866,0.008346,0.8346,1
48870,경상남도,함양군,여성,70세 이상,6377,0.013767,1.3767,1
48880,경상남도,거창군,남성,14-19세,2051,0.004428,0.4428,0
48880,경상남도,거창군,남성,20대,2529,0.00546,0.546,1
48880,경상남도,거창군,남성,30대,2448,0.005285,0.5285,1
48880,경상남도,거창군,남성,40대,3278,0.007077,0.7077,1
48880,경상남도,거창군,남성,50대,5138,0.011092,1.1092,1
48880,경상남도,거창군,남성,60대,5826,0.012577,1.2577,1
48880,경상남도,거창군,남성,70세 이상,5380,0.011615,1.1615,1
48880,경상남도,거창군,여성,14-19세,1582,0.003415,0.3415,0
48880,경상남도,거창군,여성,20대,1850,0.003994,0.3994,0
48880,경상남도,거창군,여성,30대,2067,0.004462,0.4462,1
48880,경상남도,거창군,여성,40대,3274,0.007068,0.7068,1
48880,경상남도,거창군,여성,50대,4728,0.010207,1.0207,1
48880,경상남도,거창군,여성,60대,5749,0.012411,1.2411,1
48880,경상남도,거창군,여성,70세 이상,8522,0.018398,1.8398,2
48890,경상남도,합천군,남성,14-19세,662,0.001429,0.1429,0
48890,경상남도,합천군,남성,20대,1082,0.002336,0.2336,0
48890,경상남도,합천군,남성,30대,1100,0.002375,0.2375,0
48890,경상남도,합천군,남성,40대,1764,0.003808,0.3808,1
48890,경상남도,합천군,남성,50대,3478,0.007508,0.7508,1
48890,경상남도,합천군,남성,60대,5282,0.011403,1.1403,1
48890,경상남도,합천군,남성,70세 이상,5095,0.010999,1.0999,1
48890,경상남도,합천군,여성,14-19세,566,0.001222,0.1222,0
48890,경상남도,합천군,여성,20대,781,0.001686,0.1686,0
48890,경상남도,합천군,여성,30대,809,0.001746,0.1746,0
48890,경상남도,합천군,여성,40대,1420,0.003066,0.3066,0
48890,경상남도,합천군,여성,50대,2696,0.00582,0.582,1
48890,경상남도,합천군,여성,60대,4528,0.009775,0.9775,1
48890,경상남도,합천군,여성,70세 이상,8269,0.017851,1.7851,2
50110,제주특별자치도,제주시,남성,14-19세,16049,0.034647,3.4647,4
50110,제주특별자치도,제주시,남성,20대,26984,0.058254,5.8254,6
50110,제주특별자치도,제주시,남성,30대,30486,0.065814,6.5814,7
50110,제주특별자치도,제주시,남성,40대,38107,0.082267,8.2267,8
50110,제주특별자치도,제주시,남성,50대,43881,0.094732,9.4732,9
50110,제주특별자치도,제주시,남성,60대,34081,0.073575,7.3575,7
50110,제주특별자치도,제주시,남성,70세 이상,24273,0.052401,5.2401,5
50110,제주특별자치도,제주시,여성,14-19세,15047,0.032484,3.2484,4
50110,제주특별자치도,제주시,여성,20대,24013,0.05184,5.184,5
50110,제주특별자치도,제주시,여성,30대,29314,0.063284,6.3284,7
50110,제주특별자치도,제주시,여성,40대,37488,0.08093,8.093,8
50110,제주특별자치도,제주시,여성,50대,42335,0.091394,9.1394,9
50110,제주특별자치도,제주시,여성,60대,34233,0.073903,7.3903,7
50110,제주특별자치도,제주시,여성,70세 이상,34178,0.073784,7.3784,7
50130,제주특별자치도,서귀포시,남성,14-19세,5430,0.011722,1.1722,1
50130,제주특별자치도,서귀포시,남성,20대,8122,0.017534,1.7534,2
50130,제주특별자치도,서귀포시,남성,30대,8735,0.018857,1.8857,2
50130,제주특별자치도,서귀포시,남성,40대,13537,0.029224,2.9224,3
50130,제주특별자치도,서귀포시,남성,50대,17524,0.037831,3.7831,4
50130,제주특별자치도,서귀포시,남성,60대,15503,0.033468,3.3468,3
50130,제주특별자치도,서귀포시,남성,70세 이상,12177,0.026288,2.6288,3
50130,제주특별자치도,서귀포시,여성,14-19세,5060,0.010924,1.0924,1
50130,제주특별자치도,서귀포시,여성,20대,6567,0.014177,1.4177,1
50130,제주특별자치도,서귀포시,여성,30대,8467,0.018279,1.8279,2
50130,제주특별자치도,서귀포시,여성,40대,13341,0.028801,2.8801,3
50130,제주특별자치도,서귀포시,여성,50대,15130,0.032663,3.2663,3
50130,제주특별자치도,서귀포시,여성,60대,14761,0.031866,3.1866,3
50130,제주특별자치도,서귀포시,여성,70세 이상,17077,0.036866,3.6866,4
51110,강원특별자치도,춘천시,남성,14-19세,7901,0.017057,1.7057,2
51110,강원특별자치도,춘천시,남성,20대,18682,0.040331,4.0331,4
51110,강원특별자치도,춘천시,남성,30대,18249,0.039396,3.9396,4
51110,강원특별자치도,춘천시,남성,40대,19232,0.041519,4.1519,4
51110,강원특별자치도,춘천시,남성,50대,22970,0.049588,4.9588,5
51110,강원특별자치도,춘천시,남성,60대,22063,0.04763,4.763,5
51110,강원특별자치도,춘천시,남성,70세 이상,17417,0.0376,3.76,4
51110,강원특별자치도,춘천시,여성,14-19세,7414,0.016006,1.6006,2
51110,강원특별자치도,춘천시,여성,20대,16314,0.035219,3.5219,3
51110,강원특별자치도,춘천시,여성,30대,16636,0.035914,3.5914,4
51110,강원특별자치도,춘천시,여성,40대,19519,0.042138,4.2138,4
51110,강원특별자치도,춘천시,여성,50대,23269,0.050234,5.0234,5
51110,강원특별자치도,춘천시,여성,60대,23368,0.050448,5.0448,5
51110,강원특별자치도,춘천시,여성,70세 이상,24688,0.053297,5.3297,5
51130,강원특별자치도,원주시,남성,14-19세,10668,0.02303,2.303,2
51130,강원특별자치도,원주시,남성,20대,20606,0.044485,4.4485,4
51130,강원특별자치도,원주시,남성,30대,24299,0.052457,5.2457,5
51130,강원특별자치도,원주시,남성,40대,26697,0.057634,5.7634,6
51130,강원특별자치도,원주시,남성,50대,30777,0.066442,6.6442,7
51130,강원특별자치도,원주시,남성,60대,28681,0.061917,6.1917,6
51130,강원특별자치도,원주시,남성,70세 이상,19186,0.041419,4.1419,4
51130,강원특별자치도,원주시,여성,14-19세,10184,0.021986,2.1986,2
51130,강원특별자치도,원주시,여성,20대,17957,0.038766,3.8766,4
51130,강원특별자치도,원주시,여성,30대,22729,0.049068,4.9068,5
51130,강원특별자치도,원주시,여성,40대,26996,0.05828,5.828,6
51130,강원특별자치도,원주시,여성,50대,31558,0.068128,6.8128,7
51130,강원특별자치도,원주시,여성,60대,29380,0.063426,6.3426,6
51130,강원특별자치도,원주시,여성,70세 이상,26279,0.056732,5.6732,6
51150,강원특별자치도,강릉시,남성,14-19세,5413,0.011686,1.1686,1
51150,강원특별자치도,강릉시,남성,20대,11067,0.023892,2.3892,2
51150,강원특별자치도,강릉시,남성,30대,11046,0.023846,2.3846,2
51150,강원특별자치도,강릉시,남성,40대,13690,0.029554,2.9554,3
51150,강원특별자치도,강릉시,남성,50대,18590,0.040133,4.0133,4
51150,강원특별자치도,강릉시,남성,60대,18052,0.038971,3.8971,4
51150,강원특별자치도,강릉시,남성,70세 이상,15710,0.033915,3.3915,4
51150,강원특별자치도,강릉시,여성,14-19세,4854,0.010479,1.0479,1
51150,강원특별자치도,강릉시,여성,20대,9063,0.019565,1.9565,2
51150,강원특별자치도,강릉시,여성,30대,9495,0.020498,2.0498,2
51150,강원특별자치도,강릉시,여성,40대,13459,0.029056,2.9056,3
51150,강원특별자치도,강릉시,여성,50대,17823,0.038477,3.8477,4
51150,강원특별자치도,강릉시,여성,60대,19332,0.041734,4.1734,4
51150,강원특별자치도,강릉시,여성,70세 이상,22139,0.047794,4.7794,5
51170,강원특별자치도,동해시,남성,14-19세,2496,0.005388,0.5388,1
51170,강원특별자치도,동해시,남성,20대,4480,0.009672,0.9672,1
51170,강원특별자치도,동해시,남성,30대,4528,0.009775,0.9775,1
51170,강원특별자치도,동해시,남성,40대,6088,0.013143,1.3143,1
51170,강원특별자치도,동해시,남성,50대,8380,0.018091,1.8091,2
51170,강원특별자치도,동해시,남성,60대,7460,0.016105,1.6105,1
51170,강원특별자치도,동해시,남성,70세 이상,6441,0.013905,1.3905,1
51170,강원특별자치도,동해시,여성,14-19세,2296,0.004957,0.4957,1
51170,강원특별자치도,동해시,여성,20대,3108,0.00671,0.671,1
51170,강원특별자치도,동해시,여성,30대,3548,0.00766,0.766,1
51170,강원특별자치도,동해시,여성,40대,5805,0.012532,1.2532,1
51170,강원특별자치도,동해시,여성,50대,7573,0.016349,1.6349,1
51170,강원특별자치도,동해시,여성,60대,7733,0.016694,1.6694,2
51170,강원특별자치도,동해시,여성,70세 이상,8652,0.018678,1.8678,2
51190,강원특별자치도,태백시,남성,14-19세,1079,0.002329,0.2329,0
51190,강원특별자치도,태백시,남성,20대,1513,0.003266,0.3266,0
51190,강원특별자치도,태백시,남성,30대,1507,0.003253,0.3253,0
51190,강원특별자치도,태백시,남성,40대,2507,0.005412,0.5412,1
51190,강원특별자치도,태백시,남성,50대,3678,0.00794,0.794,1
51190,강원특별자치도,태백시,남성,60대,3750,0.008096,0.8096,1
51190,강원특별자치도,태백시,남성,70세 이상,3334,0.007198,0.7198,1
51190,강원특별자치도,태백시,여성,14-19세,971,0.002096,0.2096,0
51190,강원특별자치도,태백시,여성,20대,1109,0.002394,0.2394,0
51190,강원특별자치도,태백시,여성,30대,1189,0.002567,0.2567,0
51190,강원특별자치도,태백시,여성,40대,2342,0.005056,0.5056,1
51190,강원특별자치도,태백시,여성,50대,3003,0.006483,0.6483,1
51190,강원특별자치도,태백시,여성,60대,3612,0.007798,0.7798,1
51190,강원특별자치도,태백시,여성,70세 이상,4854,0.010479,1.0479,1
51210,강원특별자치도,속초시,남성,14-19세,1986,0.004287,0.4287,0
51210,강원특별자치도,속초시,남성,20대,3837,0.008283,0.8283,1
51210,강원특별자치도,속초시,남성,30대,4789,0.010339,1.0339,1
51210,강원특별자치도,속초시,남성,40대,5446,0.011757,1.1757,1
51210,강원특별자치도,속초시,남성,50대,7106,0.015341,1.5341,1
51210,강원특별자치도,속초시,남성,60대,7243,0.015636,1.5636,2
51210,강원특별자치도,속초시,남성,70세 이상,5429,0.01172,1.172,1
51210,강원특별자치도,속초시,여성,14-19세,1922,0.004149,0.4149,0
51210,강원특별자치도,속초시,여성,20대,3058,0.006602,0.6602,1
51210,강원특별자치도,속초시,여성,30대,3838,0.008286,0.8286,1
51210,강원특별자치도,속초시,여성,40대,5305,0.011453,1.1453,1
51210,강원특별자치도,속초시,여성,50대,7332,0.015829,1.5829,2
51210,강원특별자치도,속초시,여성,60대,7801,0.016841,1.6841,2
51210,강원특별자치도,속초시,여성,70세 이상,7614,0.016437,1.6437,2
51230,강원특별자치도,삼척시,남성,14-19세,1528,0.003299,0.3299,0
51230,강원특별자치도,삼척시,남성,20대,3386,0.00731,0.731,1
51230,강원특별자치도,삼척시,남성,30대,2555,0.005516,0.5516,1
51230,강원특별자치도,삼척시,남성,40대,3671,0.007925,0.7925,1
51230,강원특별자치도,삼척시,남성,50대,5910,0.012759,1.2759,1
51230,강원특별자치도,삼척시,남성,60대,6192,0.013367,1.3367,1
51230,강원특별자치도,삼척시,남성,70세 이상,5458,0.011783,1.1783,1
51230,강원특별자치도,삼척시,여성,14-19세,1384,0.002988,0.2988,0
51230,강원특별자치도,삼척시,여성,20대,2492,0.00538,0.538,1
51230,강원특별자치도,삼척시,여성,30대,2119,0.004575,0.4575,0
51230,강원특별자치도,삼척시,여성,40대,3193,0.006893,0.6893,1
51230,강원특별자치도,삼척시,여성,50대,4628,0.009991,0.9991,1
51230,강원특별자치도,삼척시,여성,60대,5969,0.012886,1.2886,1
51230,강원특별자치도,삼척시,여성,70세 이상,7723,0.016673,1.6673,2
51720,강원특별자치도,홍천군,남성,14-19세,1351,0.002917,0.2917,0
51720,강원특별자치도,홍천군,남성,20대,2889,0.006237,0.6237,1
51720,강원특별자치도,홍천군,남성,30대,3087,0.006664,0.6664,1
51720,강원특별자치도,홍천군,남성,40대,3550,0.007664,0.7664,1
51720,강원특별자치도,홍천군,남성,50대,5691,0.012286,1.2286,1
51720,강원특별자치도,홍천군,남성,60대,8436,0.018212,1.8212,2
51720,강원특별자치도,홍천군,남성,70세 이상,6797,0.014674,1.4674,1
51720,강원특별자치도,홍천군,여성,14-19세,1315,0.002839,0.2839,0
51720,강원특별자치도,홍천군,여성,20대,1983,0.004281,0.4281,0
51720,강원특별자치도,홍천군,여성,30대,2351,0.005075,0.5075,0
51720,강원특별자치도,홍천군,여성,40대,3185,0.006876,0.6876,1
51720,강원특별자치도,홍천군,여성,50대,5040,0.010881,1.0881,1
51720,강원특별자치도,홍천군,여성,60대,7700,0.016623,1.6623,2
51720,강원특별자치도,홍천군,여성,70세 이상,8289,0.017895,1.7895,2
51730,강원특별자치도,횡성군,남성,14-19세,1163,0.002511,0.2511,0
51730,강원특별자치도,횡성군,남성,20대,1609,0.003474,0.3474,1
51730,강원특별자치도,횡성군,남성,30대,1535,0.003314,0.3314,0
51730,강원특별자치도,횡성군,남성,40대,2314,0.004996,0.4996,1
51730,강원특별자치도,횡성군,남성,50대,3969,0.008568,0.8568,1
51730,강원특별자치도,횡성군,남성,60대,6316,0.013635,1.3635,1
51730,강원특별자치도,횡성군,남성,70세 이상,5275,0.011388,1.1388,1
51730,강원특별자치도,횡성군,여성,14-19세,1047,0.00226,0.226,0
51730,강원특별자치도,횡성군,여성,20대,1214,0.002621,0.2621,0
51730,강원특별자치도,횡성군,여성,30대,1263,0.002727,0.2727,0
51730,강원특별자치도,횡성군,여성,40대,1925,0.004156,0.4156,1
51730,강원특별자치도,횡성군,여성,50대,3502,0.00756,0.756,1
51730,강원특별자치도,횡성군,여성,60대,5749,0.012411,1.2411,1
51730,강원특별자치도,횡성군,여성,70세 이상,6166,0.013311,1.3311,1
51750,강원특별자치도,영월군,남성,14-19세,884,0.001908,0.1908,0
51750,강원특별자치도,영월군,남성,20대,1414,0.003053,0.3053,0
51750,강원특별자치도,영월군,남성,30대,1267,0.002735,0.2735,0
51750,강원특별자치도,영월군,남성,40대,1897,0.004095,0.4095,1
51750,강원특별자치도,영월군,남성,50대,3450,0.007448,0.7448,1
51750,강원특별자치도,영월군,남성,60대,4741,0.010235,1.0235,1
51750,강원특별자치도,영월군,남성,70세 이상,3987,0.008607,0.8607,1
51750,강원특별자치도,영월군,여성,14-19세,669,0.001444,0.1444,0
51750,강원특별자치도,영월군,여성,20대,993,0.002144,0.2144,0
51750,강원특별자치도,영월군,여성,30대,1015,0.002191,0.2191,0
51750,강원특별자치도,영월군,여성,40대,1692,0.003653,0.3653,0
51750,강원특별자치도,영월군,여성,50대,2845,0.006142,0.6142,1
51750,강원특별자치도,영월군,여성,60대,4099,0.008849,0.8849,1
51750,강원특별자치도,영월군,여성,70세 이상,5074,0.010954,1.0954,1
51760,강원특별자치도,평창군,남성,14-19세,869,0.001876,0.1876,0
51760,강원특별자치도,평창군,남성,20대,1620,0.003497,0.3497,0
51760,강원특별자치도,평창군,남성,30대,1423,0.003072,0.3072,0
51760,강원특별자치도,평창군,남성,40대,2164,0.004672,0.4672,1
51760,강원특별자치도,평창군,남성,50대,3894,0.008406,0.8406,1
51760,강원특별자치도,평창군,남성,60대,5350,0.01155,1.155,1
51760,강원특별자치도,평창군,남성,70세 이상,4330,0.009348,0.9348,1
51760,강원특별자치도,평창군,여성,14-19세,758,0.001636,0.1636,0
51760,강원특별자치도,평창군,여성,20대,1041,0.002247,0.2247,0
51760,강원특별자치도,평창군,여성,30대,1092,0.002357,0.2357,0
51760,강원특별자치도,평창군,여성,40대,1882,0.004063,0.4063,1
51760,강원특별자치도,평창군,여성,50대,3322,0.007172,0.7172,1
51760,강원특별자치도,평창군,여성,60대,4759,0.010274,1.0274,1
51760,강원특별자치도,평창군,여성,70세 이상,5248,0.01133,1.133,1
51770,강원특별자치도,정선군,남성,14-19세,705,0.001522,0.1522,0
51770,강원특별자치도,정선군,남성,20대,1345,0.002904,0.2904,0
51770,강원특별자치도,정선군,남성,30대,1302,0.002811,0.2811,0
51770,강원특별자치도,정선군,남성,40대,2266,0.004892,0.4892,1
51770,강원특별자치도,정선군,남성,50대,3794,0.008191,0.8191,1
51770,강원특별자치도,정선군,남성,60대,4483,0.009678,0.9678,1
51770,강원특별자치도,정선군,남성,70세 이상,3491,0.007536,0.7536,1
51770,강원특별자치도,정선군,여성,14-19세,670,0.001446,0.1446,0
51770,강원특별자치도,정선군,여성,20대,1008,0.002176,0.2176,0
51770,강원특별자치도,정선군,여성,30대,975,0.002105,0.2105,0
51770,강원특별자치도,정선군,여성,40대,1717,0.003707,0.3707,0
51770,강원특별자치도,정선군,여성,50대,2769,0.005978,0.5978,1
51770,강원특별자치도,정선군,여성,60대,3920,0.008463,0.8463,1
51770,강원특별자치도,정선군,여성,70세 이상,4618,0.009969,0.9969,1
51780,강원특별자치도,철원군,남성,14-19세,1010,0.00218,0.218,0
51780,강원특별자치도,철원군,남성,20대,2570,0.005548,0.5548,1
51780,강원특별자치도,철원군,남성,30대,2366,0.005108,0.5108,1
51780,강원특별자치도,철원군,남성,40대,2310,0.004987,0.4987,0
51780,강원특별자치도,철원군,남성,50대,3385,0.007308,0.7308,1
51780,강원특별자치도,철원군,남성,60대,3931,0.008486,0.8486,1
51780,강원특별자치도,철원군,남성,70세 이상,3346,0.007223,0.7223,1
51780,강원특별자치도,철원군,여성,14-19세,903,0.001949,0.1949,0
51780,강원특별자치도,철원군,여성,20대,1474,0.003182,0.3182,0
51780,강원특별자치도,철원군,여성,30대,1761,0.003802,0.3802,0
51780,강원특별자치도,철원군,여성,40대,2121,0.004579,0.4579,0
51780,강원특별자치도,철원군,여성,50대,2940,0.006347,0.6347,1
51780,강원특별자치도,철원군,여성,60대,3703,0.007994,0.7994,1
51780,강원특별자치도,철원군,여성,70세 이상,4760,0.010276,1.0276,1
51790,강원특별자치도,화천군,남성,14-19세,484,0.001045,0.1045,0
51790,강원특별자치도,화천군,남성,20대,1818,0.003925,0.3925,1
51790,강원특별자치도,화천군,남성,30대,1471,0.003176,0.3176,0
51790,강원특별자치도,화천군,남성,40대,1200,0.002591,0.2591,0
51790,강원특별자치도,화천군,남성,50대,1787,0.003858,0.3858,0
51790,강원특별자치도,화천군,남성,60대,2404,0.00519,0.519,1
51790,강원특별자치도,화천군,남성,70세 이상,1916,0.004136,0.4136,1
51790,강원특별자치도,화천군,여성,14-19세,482,0.001041,0.1041,0
51790,강원특별자치도,화천군,여성,20대,924,0.001995,0.1995,0
51790,강원특별자치도,화천군,여성,30대,938,0.002025,0.2025,0
51790,강원특별자치도,화천군,여성,40대,1016,0.002193,0.2193,0
51790,강원특별자치도,화천군,여성,50대,1561,0.00337,0.337,0
51790,강원특별자치도,화천군,여성,60대,2043,0.00441,0.441,1
51790,강원특별자치도,화천군,여성,70세 이상,2497,0.005391,0.5391,1
51800,강원특별자치도,양구군,남성,14-19세,612,0.001321,0.1321,0
51800,강원특별자치도,양구군,남성,20대,1363,0.002942,0.2942,0
51800,강원특별자치도,양구군,남성,30대,1267,0.002735,0.2735,0
51800,강원특별자치도,양구군,남성,40대,1184,0.002556,0.2556,0
51800,강원특별자치도,양구군,남성,50대,1622,0.003502,0.3502,0
51800,강원특별자치도,양구군,남성,60대,2126,0.00459,0.459,1
51800,강원특별자치도,양구군,남성,70세 이상,1610,0.003476,0.3476,0
51800,강원특별자치도,양구군,여성,14-19세,579,0.00125,0.125,0
51800,강원특별자치도,양구군,여성,20대,767,0.001656,0.1656,0
51800,강원특별자치도,양구군,여성,30대,930,0.002008,0.2008,1
51800,강원특별자치도,양구군,여성,40대,1068,0.002306,0.2306,0
51800,강원특별자치도,양구군,여성,50대,1395,0.003012,0.3012,0
51800,강원특별자치도,양구군,여성,60대,1903,0.004108,0.4108,1
51800,강원특별자치도,양구군,여성,70세 이상,2129,0.004596,0.4596,1
51810,강원특별자치도,인제군,남성,14-19세,666,0.001438,0.1438,0
51810,강원특별자치도,인제군,남성,20대,2279,0.00492,0.492,0
51810,강원특별자치도,인제군,남성,30대,2225,0.004803,0.4803,1
51810,강원특별자치도,인제군,남성,40대,2037,0.004398,0.4398,0
51810,강원특별자치도,인제군,남성,50대,2578,0.005565,0.5565,1
51810,강원특별자치도,인제군,남성,60대,3289,0.0071,0.71,1
51810,강원특별자치도,인제군,남성,70세 이상,2356,0.005086,0.5086,1
51810,강원특별자치도,인제군,여성,14-19세,613,0.001323,0.1323,0
51810,강원특별자치도,인제군,여성,20대,1077,0.002325,0.2325,0
51810,강원특별자치도,인제군,여성,30대,1488,0.003212,0.3212,0
51810,강원특별자치도,인제군,여성,40대,1649,0.00356,0.356,0
51810,강원특별자치도,인제군,여성,50대,2018,0.004357,0.4357,0
51810,강원특별자치도,인제군,여성,60대,2900,0.006261,0.6261,1
51810,강원특별자치도,인제군,여성,70세 이상,2908,0.006278,0.6278,1
51820,강원특별자치도,고성군,남성,14-19세,515,0.001112,0.1112,0
51820,강원특별자치도,고성군,남성,20대,1348,0.00291,0.291,0
51820,강원특별자치도,고성군,남성,30대,1352,0.002919,0.2919,0
51820,강원특별자치도,고성군,남성,40대,1486,0.003208,0.3208,0
51820,강원특별자치도,고성군,남성,50대,2451,0.005291,0.5291,1
51820,강원특별자치도,고성군,남성,60대,2981,0.006435,0.6435,1
51820,강원특별자치도,고성군,남성,70세 이상,2662,0.005747,0.5747,1
51820,강원특별자치도,고성군,여성,14-19세,453,0.000978,0.0978,0
51820,강원특별자치도,고성군,여성,20대,856,0.001848,0.1848,0
51820,강원특별자치도,고성군,여성,30대,1016,0.002193,0.2193,0
51820,강원특별자치도,고성군,여성,40대,1241,0.002679,0.2679,0
51820,강원특별자치도,고성군,여성,50대,2036,0.004395,0.4395,0
51820,강원특별자치도,고성군,여성,60대,2826,0.006101,0.6101,1
51820,강원특별자치도,고성군,여성,70세 이상,3814,0.008234,0.8234,1
51830,강원특별자치도,양양군,남성,14-19세,552,0.001192,0.1192,0
51830,강원특별자치도,양양군,남성,20대,1114,0.002405,0.2405,0
51830,강원특별자치도,양양군,남성,30대,1141,0.002463,0.2463,0
51830,강원특별자치도,양양군,남성,40대,1711,0.003694,0.3694,0
51830,강원특별자치도,양양군,남성,50대,2503,0.005404,0.5404,1
51830,강원특별자치도,양양군,남성,60대,3117,0.006729,0.6729,1
51830,강원특별자치도,양양군,남성,70세 이상,2944,0.006356,0.6356,1
51830,강원특별자치도,양양군,여성,14-19세,458,0.000989,0.0989,0
51830,강원특별자치도,양양군,여성,20대,751,0.001621,0.1621,0
51830,강원특별자치도,양양군,여성,30대,884,0.001908,0.1908,0
51830,강원특별자치도,양양군,여성,40대,1408,0.00304,0.304,0
51830,강원특별자치도,양양군,여성,50대,2141,0.004622,0.4622,1
51830,강원특별자치도,양양군,여성,60대,2936,0.006338,0.6338,1
51830,강원특별자치도,양양군,여성,70세 이상,3919,0.00846,0.846,1
52110,전북특별자치도,전주시,남성,14-19세,20735,0.044763,4.4763,5
52110,전북특별자치도,전주시,남성,20대,40297,0.086994,8.6994,9
52110,전북특별자치도,전주시,남성,30대,38836,0.08384,8.384,8
52110,전북특별자치도,전주시,남성,40대,45354,0.097912,9.7912,10
52110,전북특별자치도,전주시,남성,50대,53060,0.114548,11.4548,11
52110,전북특별자치도,전주시,남성,60대,42105,0.090898,9.0898,9
52110,전북특별자치도,전주시,남성,70세 이상,34237,0.073912,7.3912,7
52110,전북특별자치도,전주시,여성,14-19세,19527,0.042155,4.2155,4
52110,전북특별자치도,전주시,여성,20대,36391,0.078562,7.8562,8
52110,전북특별자치도,전주시,여성,30대,36013,0.077746,7.7746,8
52110,전북특별자치도,전주시,여성,40대,46993,0.10145,10.145,10
52110,전북특별자치도,전주시,여성,50대,54810,0.118325,11.8325,12
52110,전북특별자치도,전주시,여성,60대,46460,0.100299,10.0299,10
52110,전북특별자치도,전주시,여성,70세 이상,47631,0.102827,10.2827,10
52130,전북특별자치도,군산시,남성,14-19세,7827,0.016897,1.6897,2
52130,전북특별자치도,군산시,남성,20대,13475,0.02909,2.909,3
52130,전북특별자치도,군산시,남성,30대,13910,0.030029,3.0029,3
52130,전북특별자치도,군산시,남성,40대,19789,0.042721,4.2721,4
52130,전북특별자치도,군산시,남성,50대,24056,0.051933,5.1933,5
52130,전북특별자치도,군산시,남성,60대,20987,0.045307,4.5307,4
52130,전북특별자치도,군산시,남성,70세 이상,17800,0.038427,3.8427,4
52130,전북특별자치도,군산시,여성,14-19세,7292,0.015742,1.5742,2
52130,전북특별자치도,군산시,여성,20대,10602,0.022888,2.2888,2
52130,전북특별자치도,군산시,여성,30대,12030,0.025971,2.5971,3
52130,전북특별자치도,군산시,여성,40대,18137,0.039155,3.9155,4
52130,전북특별자치도,군산시,여성,50대,21580,0.046588,4.6588,5
52130,전북특별자치도,군산시,여성,60대,20829,0.044966,4.4966,4
52130,전북특별자치도,군산시,여성,70세 이상,23926,0.051652,5.1652,5
52140,전북특별자치도,익산시,남성,14-19세,7814,0.016869,1.6869,2
52140,전북특별자치도,익산시,남성,20대,15649,0.033784,3.3784,3
52140,전북특별자치도,익산시,남성,30대,14453,0.031202,3.1202,3
52140,전북특별자치도,익산시,남성,40대,17588,0.03797,3.797,4
52140,전북특별자치도,익산시,남성,50대,24014,0.051842,5.1842,5
52140,전북특별자치도,익산시,남성,60대,22990,0.049631,4.9631,5
52140,전북특별자치도,익산시,남성,70세 이상,18995,0.041007,4.1007,4
52140,전북특별자치도,익산시,여성,14-19세,7535,0.016267,1.6267,1
52140,전북특별자치도,익산시,여성,20대,12995,0.028054,2.8054,3
52140,전북특별자치도,익산시,여성,30대,12716,0.027452,2.7452,3
52140,전북특별자치도,익산시,여성,40대,16831,0.036335,3.6335,4
52140,전북특별자치도,익산시,여성,50대,23454,0.050633,5.0633,5
52140,전북특별자치도,익산시,여성,60대,23172,0.050024,5.0024,5
52140,전북특별자치도,익산시,여성,70세 이상,26706,0.057654,5.7654,6
52180,전북특별자치도,정읍시,남성,14-19세,2684,0.005794,0.5794,1
52180,전북특별자치도,정읍시,남성,20대,4632,0.01,1.0,1
52180,전북특별자치도,정읍시,남성,30대,4268,0.009214,0.9214,1
52180,전북특별자치도,정읍시,남성,40대,6024,0.013005,1.3005,1
52180,전북특별자치도,정읍시,남성,50대,9539,0.020593,2.0593,2
52180,전북특별자치도,정읍시,남성,60대,9998,0.021584,2.1584,2
52180,전북특별자치도,정읍시,남성,70세 이상,9617,0.020761,2.0761,2
52180,전북특별자치도,정읍시,여성,14-19세,2394,0.005168,0.5168,0
52180,전북특별자치도,정읍시,여성,20대,3607,0.007787,0.7787,1
52180,전북특별자치도,정읍시,여성,30대,3637,0.007852,0.7852,1
52180,전북특별자치도,정읍시,여성,40대,5519,0.011915,1.1915,1
52180,전북특별자치도,정읍시,여성,50대,8255,0.017821,1.7821,2
52180,전북특별자치도,정읍시,여성,60대,9147,0.019747,1.9747,2
52180,전북특별자치도,정읍시,여성,70세 이상,14505,0.031314,3.1314,3
52190,전북특별자치도,남원시,남성,14-19세,1998,0.004313,0.4313,0
52190,전북특별자치도,남원시,남성,20대,3098,0.006688,0.6688,1
52190,전북특별자치도,남원시,남성,30대,2828,0.006105,0.6105,1
52190,전북특별자치도,남원시,남성,40대,4111,0.008875,0.8875,1
52190,전북특별자치도,남원시,남성,50대,6946,0.014995,1.4995,1
52190,전북특별자치도,남원시,남성,60대,7298,0.015755,1.5755,2
52190,전북특별자치도,남원시,남성,70세 이상,7374,0.015919,1.5919,1
52190,전북특별자치도,남원시,여성,14-19세,1792,0.003869,0.3869,1
52190,전북특별자치도,남원시,여성,20대,2464,0.005319,0.5319,1
52190,전북특별자치도,남원시,여성,30대,2597,0.005606,0.5606,1
52190,전북특별자치도,남원시,여성,40대,4044,0.00873,0.873,1
52190,전북특별자치도,남원시,여성,50대,6319,0.013642,1.3642,1
52190,전북특별자치도,남원시,여성,60대,6886,0.014866,1.4866,1
52190,전북특별자치도,남원시,여성,70세 이상,11063,0.023883,2.3883,2
52210,전북특별자치도,김제시,남성,14-19세,1835,0.003961,0.3961,0
52210,전북특별자치도,김제시,남성,20대,3560,0.007685,0.7685,1
52210,전북특별자치도,김제시,남성,30대,3591,0.007752,0.7752,1
52210,전북특별자치도,김제시,남성,40대,4781,0.010321,1.0321,1
52210,전북특별자치도,김제시,남성,50대,7421,0.016021,1.6021,1
52210,전북특별자치도,김제시,남성,60대,8560,0.01848,1.848,2
52210,전북특별자치도,김제시,남성,70세 이상,8389,0.01811,1.811,2
52210,전북특별자치도,김제시,여성,14-19세,1723,0.00372,0.372,0
52210,전북특별자치도,김제시,여성,20대,2780,0.006002,0.6002,1
52210,전북특별자치도,김제시,여성,30대,3183,0.006872,0.6872,1
52210,전북특별자치도,김제시,여성,40대,3938,0.008501,0.8501,1
52210,전북특별자치도,김제시,여성,50대,5805,0.012532,1.2532,1
52210,전북특별자치도,김제시,여성,60대,7870,0.01699,1.699,1
52210,전북특별자치도,김제시,여성,70세 이상,12694,0.027404,2.7404,3
52710,전북특별자치도,완주군,남성,14-19세,2684,0.005794,0.5794,1
52710,전북특별자치도,완주군,남성,20대,4833,0.010434,1.0434,1
52710,전북특별자치도,완주군,남성,30대,5902,0.012741,1.2741,1
52710,전북특별자치도,완주군,남성,40대,6929,0.014959,1.4959,1
52710,전북특별자치도,완주군,남성,50대,9311,0.020101,2.0101,2
52710,전북특별자치도,완주군,남성,60대,9260,0.019991,1.9991,2
52710,전북특별자치도,완주군,남성,70세 이상,7905,0.017066,1.7066,2
52710,전북특별자치도,완주군,여성,14-19세,2505,0.005408,0.5408,1
52710,전북특별자치도,완주군,여성,20대,3910,0.008441,0.8441,1
52710,전북특별자치도,완주군,여성,30대,5431,0.011725,1.1725,1
52710,전북특별자치도,완주군,여성,40대,6279,0.013555,1.3555,1
52710,전북특별자치도,완주군,여성,50대,7617,0.016444,1.6444,2
52710,전북특별자치도,완주군,여성,60대,8297,0.017912,1.7912,2
52710,전북특별자치도,완주군,여성,70세 이상,10293,0.022221,2.2221,2
52720,전북특별자치도,진안군,남성,14-19세,503,0.001086,0.1086,0
52720,전북특별자치도,진안군,남성,20대,879,0.001898,0.1898,0
52720,전북특별자치도,진안군,남성,30대,673,0.001453,0.1453,0
52720,전북특별자치도,진안군,남성,40대,1127,0.002433,0.2433,0
52720,전북특별자치도,진안군,남성,50대,2303,0.004972,0.4972,1
52720,전북특별자치도,진안군,남성,60대,3170,0.006843,0.6843,1
52720,전북특별자치도,진안군,남성,70세 이상,3098,0.006688,0.6688,1
52720,전북특별자치도,진안군,여성,14-19세,478,0.001032,0.1032,0
52720,전북특별자치도,진안군,여성,20대,650,0.001403,0.1403,0
52720,전북특별자치도,진안군,여성,30대,696,0.001503,0.1503,0
52720,전북특별자치도,진안군,여성,40대,924,0.001995,0.1995,0
52720,전북특별자치도,진안군,여성,50대,1751,0.00378,0.378,0
52720,전북특별자치도,진안군,여성,60대,2538,0.005479,0.5479,1
52720,전북특별자치도,진안군,여성,70세 이상,4133,0.008922,0.8922,1
52730,전북특별자치도,무주군,남성,14-19세,552,0.001192,0.1192,0
52730,전북특별자치도,무주군,남성,20대,799,0.001725,0.1725,0
52730,전북특별자치도,무주군,남성,30대,789,0.001703,0.1703,0
52730,전북특별자치도,무주군,남성,40대,1188,0.002565,0.2565,0
52730,전북특별자치도,무주군,남성,50대,2169,0.004683,0.4683,1
52730,전북특별자치도,무주군,남성,60대,2672,0.005768,0.5768,1
52730,전북특별자치도,무주군,남성,70세 이상,2627,0.005671,0.5671,1
52730,전북특별자치도,무주군,여성,14-19세,529,0.001142,0.1142,0
52730,전북특별자치도,무주군,여성,20대,648,0.001399,0.1399,0
52730,전북특별자치도,무주군,여성,30대,636,0.001373,0.1373,0
52730,전북특별자치도,무주군,여성,40대,1033,0.00223,0.223,0
52730,전북특별자치도,무주군,여성,50대,1689,0.003646,0.3646,0
52730,전북특별자치도,무주군,여성,60대,2304,0.004974,0.4974,1
52730,전북특별자치도,무주군,여성,70세 이상,3866,0.008346,0.8346,1
52740,전북특별자치도,장수군,남성,14-19세,483,0.001043,0.1043,0
52740,전북특별자치도,장수군,남성,20대,736,0.001589,0.1589,0
52740,전북특별자치도,장수군,남성,30대,648,0.001399,0.1399,0
52740,전북특별자치도,장수군,남성,40대,1126,0.002431,0.2431,0
52740,전북특별자치도,장수군,남성,50대,1917,0.004138,0.4138,0
52740,전북특별자치도,장수군,남성,60대,2468,0.005328,0.5328,1
52740,전북특별자치도,장수군,남성,70세 이상,2533,0.005468,0.5468,1
52740,전북특별자치도,장수군,여성,14-19세,442,0.000954,0.0954,0
52740,전북특별자치도,장수군,여성,20대,590,0.001274,0.1274,0
52740,전북특별자치도,장수군,여성,30대,580,0.001252,0.1252,0
52740,전북특별자치도,장수군,여성,40대,866,0.00187,0.187,0
52740,전북특별자치도,장수군,여성,50대,1547,0.00334,0.334,0
52740,전북특별자치도,장수군,여성,60대,2146,0.004633,0.4633,1
52740,전북특별자치도,장수군,여성,70세 이상,3625,0.007826,0.7826,1
52750,전북특별자치도,임실군,남성,14-19세,456,0.000984,0.0984,0
52750,전북특별자치도,임실군,남성,20대,852,0.001839,0.1839,0
52750,전북특별자치도,임실군,남성,30대,884,0.001908,0.1908,0
52750,전북특별자치도,임실군,남성,40대,1265,0.002731,0.2731,0
52750,전북특별자치도,임실군,남성,50대,2290,0.004944,0.4944,1
52750,전북특별자치도,임실군,남성,60대,3228,0.006969,0.6969,1
52750,전북특별자치도,임실군,남성,70세 이상,3338,0.007206,0.7206,1
52750,전북특별자치도,임실군,여성,14-19세,407,0.000879,0.0879,0
52750,전북특별자치도,임실군,여성,20대,594,0.001282,0.1282,0
52750,전북특별자치도,임실군,여성,30대,740,0.001598,0.1598,0
52750,전북특별자치도,임실군,여성,40대,905,0.001954,0.1954,0
52750,전북특별자치도,임실군,여성,50대,1681,0.003629,0.3629,0
52750,전북특별자치도,임실군,여성,60대,2477,0.005347,0.5347,1
52750,전북특별자치도,임실군,여성,70세 이상,4667,0.010075,1.0075,1
52770,전북특별자치도,순창군,남성,14-19세,685,0.001479,0.1479,0
52770,전북특별자치도,순창군,남성,20대,1137,0.002455,0.2455,0
52770,전북특별자치도,순창군,남성,30대,847,0.001829,0.1829,0
52770,전북특별자치도,순창군,남성,40대,1473,0.00318,0.318,0
52770,전북특별자치도,순창군,남성,50대,2632,0.005682,0.5682,1
52770,전북특별자치도,순창군,남성,60대,3060,0.006606,0.6606,1
52770,전북특별자치도,순창군,남성,70세 이상,2965,0.006401,0.6401,1
52770,전북특별자치도,순창군,여성,14-19세,655,0.001414,0.1414,0
52770,전북특별자치도,순창군,여성,20대,917,0.00198,0.198,0
52770,전북특별자치도,순창군,여성,30대,868,0.001874,0.1874,0
52770,전북특별자치도,순창군,여성,40대,1335,0.002882,0.2882,0
52770,전북특별자치도,순창군,여성,50대,2057,0.004441,0.4441,1
52770,전북특별자치도,순창군,여성,60대,2672,0.005768,0.5768,1
52770,전북특별자치도,순창군,여성,70세 이상,4675,0.010093,1.0093,1
52790,전북특별자치도,고창군,남성,14-19세,1459,0.00315,0.315,0
52790,전북특별자치도,고창군,남성,20대,1792,0.003869,0.3869,1
52790,전북특별자치도,고창군,남성,30대,1675,0.003616,0.3616,0
52790,전북특별자치도,고창군,남성,40대,2653,0.005727,0.5727,1
52790,전북특별자치도,고창군,남성,50대,4569,0.009864,0.9864,1
52790,전북특별자치도,고창군,남성,60대,5516,0.011908,1.1908,1
52790,전북특별자치도,고창군,남성,70세 이상,5990,0.012931,1.2931,1
52790,전북특별자치도,고창군,여성,14-19세,1072,0.002314,0.2314,0
52790,전북특별자치도,고창군,여성,20대,1273,0.002748,0.2748,0
52790,전북특별자치도,고창군,여성,30대,1492,0.003221,0.3221,0
52790,전북특별자치도,고창군,여성,40대,2187,0.004721,0.4721,1
52790,전북특별자치도,고창군,여성,50대,3507,0.007571,0.7571,1
52790,전북특별자치도,고창군,여성,60대,5065,0.010934,1.0934,1
52790,전북특별자치도,고창군,여성,70세 이상,9073,0.019587,1.9587,2
52800,전북특별자치도,부안군,남성,14-19세,1006,0.002172,0.2172,0
52800,전북특별자치도,부안군,남성,20대,1763,0.003806,0.3806,1
52800,전북특별자치도,부안군,남성,30대,1641,0.003543,0.3543,0
52800,전북특별자치도,부안군,남성,40대,2593,0.005598,0.5598,1
52800,전북특별자치도,부안군,남성,50대,4378,0.009451,0.9451,1
52800,전북특별자치도,부안군,남성,60대,5290,0.01142,1.142,1
52800,전북특별자치도,부안군,남성,70세 이상,5504,0.011882,1.1882,1
52800,전북특별자치도,부안군,여성,14-19세,942,0.002034,0.2034,0
52800,전북특별자치도,부안군,여성,20대,1264,0.002729,0.2729,0
52800,전북특별자치도,부안군,여성,30대,1357,0.00293,0.293,0
52800,전북특별자치도,부안군,여성,40대,2209,0.004769,0.4769,1
52800,전북특별자치도,부안군,여성,50대,3416,0.007375,0.7375,1
52800,전북특별자치도,부안군,여성,60대,4911,0.010602,1.0602,1
52800,전북특별자치도,부안군,여성,70세 이상,8132,0.017556,1.7556,2
